2026-08-24 11:11:54.562 T:10408    info <general>: -----------------------------------------------------------------------
2026-08-24 11:11:54.562 T:10408    info <general>: Starting Kodi (21.3 (21.3.0) Git:20251031-a3a448d26b). Platform: Windows NT x86 64-bit
2026-08-24 11:11:54.562 T:10408    info <general>: Using Release Kodi x64
2026-08-24 11:11:54.562 T:10408    info <general>: Kodi compiled 2025-11-23 by MSVC 194234436 for Windows NT x86 64-bit version 10.0 (0x0A00000C)
2026-08-24 11:11:54.562 T:10408    info <general>: Running on Windows 11 25H2, kernel: Windows NT x86 64-bit version 10.0.26200.8875
2026-08-24 11:11:54.562 T:10408    info <general>: FFmpeg version/source: 6.0.1-Kodi
2026-08-24 11:11:54.562 T:10408    info <general>: Host CPU: Intel(R) Pentium(R) Silver N5030 CPU @ 1.10GHz, 4 cores available
2026-08-24 11:11:54.563 T:10408    info <general>: System has 8.0 GB of RAM installed
2026-08-24 11:11:54.563 T:10408    info <general>: Desktop Resolution: 1920x1080 32Bit at 60Hz
2026-08-24 11:11:54.563 T:10408    info <general>: Running with restricted rights
2026-08-24 11:11:54.563 T:10408    info <general>: Aero is enabled
2026-08-24 11:11:54.563 T:10408    info <general>: Display is not HDR capable or cannot be detected
2026-08-24 11:11:54.563 T:10408    info <general>: special://xbmc/ is mapped to: C:\Program Files\Kodi
2026-08-24 11:11:54.563 T:10408    info <general>: special://xbmcbin/ is mapped to: C:\Program Files\Kodi
2026-08-24 11:11:54.563 T:10408    info <general>: special://xbmcbinaddons/ is mapped to: C:\Program Files\Kodi/addons
2026-08-24 11:11:54.563 T:10408    info <general>: special://masterprofile/ is mapped to: C:\Users\mj\AppData\Roaming\Kodi\userdata
2026-08-24 11:11:54.563 T:10408    info <general>: special://home/ is mapped to: C:\Users\mj\AppData\Roaming\Kodi\
2026-08-24 11:11:54.563 T:10408    info <general>: special://temp/ is mapped to: C:\Users\mj\AppData\Roaming\Kodi\cache
2026-08-24 11:11:54.563 T:10408    info <general>: special://logpath/ is mapped to: C:\Users\mj\AppData\Roaming\Kodi\
2026-08-24 11:11:54.563 T:10408    info <general>: Webserver extra whitelist paths: 
2026-08-24 11:11:54.563 T:10408    info <general>: The executable running is: C:\Program Files\Kodi\kodi.exe
2026-08-24 11:11:54.570 T:10408    info <general>: Local hostname: DESKTOP-J4TVUK6
2026-08-24 11:11:54.570 T:10408    info <general>: Log File is located: C:\Users\mj\AppData\Roaming\Kodi\kodi.log
2026-08-24 11:11:54.570 T:10408    info <general>: -----------------------------------------------------------------------
2026-08-24 11:11:54.570 T:10408    info <general>: loading settings
2026-08-24 11:11:54.572 T:10408    info <general>: special://profile/ is mapped to: special://masterprofile/
2026-08-24 11:11:54.583 T:10408    info <general>: No settings file to load (special://xbmc/system/advancedsettings.xml)
2026-08-24 11:11:54.583 T:10408    info <general>: No settings file to load (special://masterprofile/advancedsettings.xml)
2026-08-24 11:11:54.583 T:10408    info <general>: Default Video Player: VideoPlayer
2026-08-24 11:11:54.583 T:10408    info <general>: Default Audio Player: paplayer
2026-08-24 11:11:54.583 T:10408    info <general>: Enabled debug logging due to GUI setting (2)
2026-08-24 11:11:54.583 T:10408    info <general>: CMediaSourceSettings: loading media sources from special://masterprofile/sources.xml
2026-08-24 11:11:54.587 T:10408   debug <general>: CSkinSettings: no <skinsettings> tag found
2026-08-24 11:11:54.588 T:10408    info <general>: New Cache GUI Settings (replacement of cache in advancedsettings.xml) are:
                                                     Buffer Mode: 4
                                                     Memory Size: 20 MB
                                                     Read Factor: 4.00 x 
                                                     Chunk Size : 131072 bytes
2026-08-24 11:11:54.588 T:10408    info <general>: creating subdirectories
2026-08-24 11:11:54.588 T:10408    info <general>: userdata folder: special://masterprofile/
2026-08-24 11:11:54.588 T:10408    info <general>: recording folder: 
2026-08-24 11:11:54.588 T:10408    info <general>: screenshots folder: D:\update kodi addon\
2026-08-24 11:11:54.604 T:10408    info <general>: Running database version Addons33
2026-08-24 11:11:54.632 T:10408   debug <general>: CAddonInfoBuilder::ParseXMLTypes: Binary addon found: peripheral.joystick
2026-08-24 11:11:54.648 T:10408   debug <general>: CAddonInfoBuilder::ParseXMLTypes: Binary addon found: inputstream.adaptive
2026-08-24 11:11:54.650 T:10408   debug <general>: CAddonMgr::ADDON::CAddonMgr::FindAddons: Addon 'metadata.album.universal' already present with version 3.1.4 at 'C:\Program Files\Kodi\addons\metadata.album.universal\' replaced with version 3.1.20 at 'C:\Users\mj\AppData\Roaming\Kodi\addons\metadata.album.universal\'
2026-08-24 11:11:54.652 T:10408   debug <general>: CAddonMgr::ADDON::CAddonMgr::FindAddons: Addon 'metadata.artists.universal' already present with version 4.3.3 at 'C:\Program Files\Kodi\addons\metadata.artists.universal\' replaced with version 4.3.23 at 'C:\Users\mj\AppData\Roaming\Kodi\addons\metadata.artists.universal\'
2026-08-24 11:11:54.653 T:10408   debug <general>: CAddonMgr::ADDON::CAddonMgr::FindAddons: Addon 'metadata.common.fanart.tv' already present with version 3.6.3 at 'C:\Program Files\Kodi\addons\metadata.common.fanart.tv\' replaced with version 3.6.5 at 'C:\Users\mj\AppData\Roaming\Kodi\addons\metadata.common.fanart.tv\'
2026-08-24 11:11:54.654 T:10408   debug <general>: CAddonMgr::ADDON::CAddonMgr::FindAddons: Addon 'metadata.generic.albums' already present with version 1.0.14 at 'C:\Program Files\Kodi\addons\metadata.generic.albums\' replaced with version 1.0.18 at 'C:\Users\mj\AppData\Roaming\Kodi\addons\metadata.generic.albums\'
2026-08-24 11:11:54.655 T:10408   debug <general>: CAddonMgr::ADDON::CAddonMgr::FindAddons: Addon 'metadata.themoviedb.org.python' already present with version 1.3.1+matrix.1 at 'C:\Program Files\Kodi\addons\metadata.themoviedb.org.python\' replaced with version 3.2.2 at 'C:\Users\mj\AppData\Roaming\Kodi\addons\metadata.themoviedb.org.python\'
2026-08-24 11:11:54.656 T:10408   debug <general>: CAddonMgr::ADDON::CAddonMgr::FindAddons: Addon 'metadata.tvshows.themoviedb.org.python' already present with version 1.6.0 at 'C:\Program Files\Kodi\addons\metadata.tvshows.themoviedb.org.python\' replaced with version 1.7.9 at 'C:\Users\mj\AppData\Roaming\Kodi\addons\metadata.tvshows.themoviedb.org.python\'
2026-08-24 11:11:54.661 T:10408   debug <general>: CAddonMgr::ADDON::CAddonMgr::FindAddons: Addon 'service.xbmc.versioncheck' already present with version 0.5.27+matrix.1 at 'C:\Program Files\Kodi\addons\service.xbmc.versioncheck\' replaced with version 0.5.30+matrix.1 at 'C:\Users\mj\AppData\Roaming\Kodi\addons\service.xbmc.versioncheck\'
2026-08-24 11:11:54.671 T:10408    info <general>: CAddonMgr::ADDON::CAddonMgr::FindAddons: audioencoder.kodi.builtin.aac v1.0.2 installed
2026-08-24 11:11:54.672 T:10408    info <general>: CAddonMgr::ADDON::CAddonMgr::FindAddons: audioencoder.kodi.builtin.wma v1.0.2 installed
2026-08-24 11:11:54.672 T:10408    info <general>: CAddonMgr::ADDON::CAddonMgr::FindAddons: game.controller.default v1.0.46 installed
2026-08-24 11:11:54.672 T:10408    info <general>: CAddonMgr::ADDON::CAddonMgr::FindAddons: game.controller.keyboard v1.1.47 installed
2026-08-24 11:11:54.672 T:10408    info <general>: CAddonMgr::ADDON::CAddonMgr::FindAddons: game.controller.mouse v1.0.30 installed
2026-08-24 11:11:54.672 T:10408    info <general>: CAddonMgr::ADDON::CAddonMgr::FindAddons: game.controller.snes v1.0.46 installed
2026-08-24 11:11:54.673 T:10408    info <general>: CAddonMgr::ADDON::CAddonMgr::FindAddons: inputstream.adaptive v21.5.23 installed
2026-08-24 11:11:54.673 T:10408    info <general>: CAddonMgr::ADDON::CAddonMgr::FindAddons: kodi.binary.global.audioengine v1.1.1 installed
2026-08-24 11:11:54.673 T:10408    info <general>: CAddonMgr::ADDON::CAddonMgr::FindAddons: kodi.binary.global.filesystem v1.1.9 installed
2026-08-24 11:11:54.673 T:10408    info <general>: CAddonMgr::ADDON::CAddonMgr::FindAddons: kodi.binary.global.general v1.0.5 installed
2026-08-24 11:11:54.673 T:10408    info <general>: CAddonMgr::ADDON::CAddonMgr::FindAddons: kodi.binary.global.gui v5.15.0 installed
2026-08-24 11:11:54.674 T:10408    info <general>: CAddonMgr::ADDON::CAddonMgr::FindAddons: kodi.binary.global.main v2.0.2 installed
2026-08-24 11:11:54.674 T:10408    info <general>: CAddonMgr::ADDON::CAddonMgr::FindAddons: kodi.binary.global.network v1.0.4 installed
2026-08-24 11:11:54.674 T:10408    info <general>: CAddonMgr::ADDON::CAddonMgr::FindAddons: kodi.binary.global.tools v1.0.4 installed
2026-08-24 11:11:54.674 T:10408    info <general>: CAddonMgr::ADDON::CAddonMgr::FindAddons: kodi.binary.instance.audiodecoder v4.0.0 installed
2026-08-24 11:11:54.674 T:10408    info <general>: CAddonMgr::ADDON::CAddonMgr::FindAddons: kodi.binary.instance.audioencoder v3.0.0 installed
2026-08-24 11:11:54.674 T:10408    info <general>: CAddonMgr::ADDON::CAddonMgr::FindAddons: kodi.binary.instance.game v3.0.2 installed
2026-08-24 11:11:54.675 T:10408    info <general>: CAddonMgr::ADDON::CAddonMgr::FindAddons: kodi.binary.instance.imagedecoder v3.0.1 installed
2026-08-24 11:11:54.675 T:10408    info <general>: CAddonMgr::ADDON::CAddonMgr::FindAddons: kodi.binary.instance.inputstream v3.3.0 installed
2026-08-24 11:11:54.675 T:10408    info <general>: CAddonMgr::ADDON::CAddonMgr::FindAddons: kodi.binary.instance.peripheral v3.0.2 installed
2026-08-24 11:11:54.675 T:10408    info <general>: CAddonMgr::ADDON::CAddonMgr::FindAddons: kodi.binary.instance.pvr v8.3.0 installed
2026-08-24 11:11:54.675 T:10408    info <general>: CAddonMgr::ADDON::CAddonMgr::FindAddons: kodi.binary.instance.screensaver v2.2.0 installed
2026-08-24 11:11:54.676 T:10408    info <general>: CAddonMgr::ADDON::CAddonMgr::FindAddons: kodi.binary.instance.vfs v3.0.1 installed
2026-08-24 11:11:54.676 T:10408    info <general>: CAddonMgr::ADDON::CAddonMgr::FindAddons: kodi.binary.instance.videocodec v2.1.0 installed
2026-08-24 11:11:54.676 T:10408    info <general>: CAddonMgr::ADDON::CAddonMgr::FindAddons: kodi.binary.instance.visualization v4.0.0 installed
2026-08-24 11:11:54.676 T:10408    info <general>: CAddonMgr::ADDON::CAddonMgr::FindAddons: kodi.resource v1.0.0 installed
2026-08-24 11:11:54.676 T:10408    info <general>: CAddonMgr::ADDON::CAddonMgr::FindAddons: metadata.album.universal v3.1.20 installed
2026-08-24 11:11:54.677 T:10408    info <general>: CAddonMgr::ADDON::CAddonMgr::FindAddons: metadata.artists.universal v4.3.23 installed
2026-08-24 11:11:54.677 T:10408    info <general>: CAddonMgr::ADDON::CAddonMgr::FindAddons: metadata.common.allmusic.com v3.2.2 installed
2026-08-24 11:11:54.677 T:10408    info <general>: CAddonMgr::ADDON::CAddonMgr::FindAddons: metadata.common.fanart.tv v3.6.5 installed
2026-08-24 11:11:54.677 T:10408    info <general>: CAddonMgr::ADDON::CAddonMgr::FindAddons: metadata.common.musicbrainz.org v2.2.4 installed
2026-08-24 11:11:54.677 T:10408    info <general>: CAddonMgr::ADDON::CAddonMgr::FindAddons: metadata.common.theaudiodb.com v2.0.3 installed
2026-08-24 11:11:54.677 T:10408    info <general>: CAddonMgr::ADDON::CAddonMgr::FindAddons: metadata.generic.albums v1.0.18 installed
2026-08-24 11:11:54.678 T:10408    info <general>: CAddonMgr::ADDON::CAddonMgr::FindAddons: metadata.generic.artists v1.0.18 installed
2026-08-24 11:11:54.678 T:10408    info <general>: CAddonMgr::ADDON::CAddonMgr::FindAddons: metadata.local v1.0.1 installed
2026-08-24 11:11:54.678 T:10408    info <general>: CAddonMgr::ADDON::CAddonMgr::FindAddons: metadata.themoviedb.org.python v3.2.2 installed
2026-08-24 11:11:54.678 T:10408    info <general>: CAddonMgr::ADDON::CAddonMgr::FindAddons: metadata.tvshows.themoviedb.org.python v1.7.9 installed
2026-08-24 11:11:54.678 T:10408    info <general>: CAddonMgr::ADDON::CAddonMgr::FindAddons: peripheral.joystick v21.1.23 installed
2026-08-24 11:11:54.678 T:10408    info <general>: CAddonMgr::ADDON::CAddonMgr::FindAddons: plugin.video.moviehub v2.0.6 installed
2026-08-24 11:11:54.679 T:10408    info <general>: CAddonMgr::ADDON::CAddonMgr::FindAddons: plugin.video.youtube v7.4.4 installed
2026-08-24 11:11:54.679 T:10408    info <general>: CAddonMgr::ADDON::CAddonMgr::FindAddons: repository.moviehub v1.0.0 installed
2026-08-24 11:11:54.679 T:10408    info <general>: CAddonMgr::ADDON::CAddonMgr::FindAddons: repository.xbmc.org v3.4.0 installed
2026-08-24 11:11:54.679 T:10408    info <general>: CAddonMgr::ADDON::CAddonMgr::FindAddons: resource.images.weathericons.default v1.1.9 installed
2026-08-24 11:11:54.679 T:10408    info <general>: CAddonMgr::ADDON::CAddonMgr::FindAddons: resource.language.en_gb v2.0.2 installed
2026-08-24 11:11:54.680 T:10408    info <general>: CAddonMgr::ADDON::CAddonMgr::FindAddons: resource.uisounds.kodi v1.0.1 installed
2026-08-24 11:11:54.680 T:10408    info <general>: CAddonMgr::ADDON::CAddonMgr::FindAddons: screensaver.xbmc.builtin.black v1.0.34 installed
2026-08-24 11:11:54.680 T:10408    info <general>: CAddonMgr::ADDON::CAddonMgr::FindAddons: screensaver.xbmc.builtin.dim v1.0.66 installed
2026-08-24 11:11:54.680 T:10408    info <general>: CAddonMgr::ADDON::CAddonMgr::FindAddons: script.module.certifi v2023.5.7 installed
2026-08-24 11:11:54.680 T:10408    info <general>: CAddonMgr::ADDON::CAddonMgr::FindAddons: script.module.chardet v5.1.0 installed
2026-08-24 11:11:54.680 T:10408    info <general>: CAddonMgr::ADDON::CAddonMgr::FindAddons: script.module.idna v3.10.0 installed
2026-08-24 11:11:54.681 T:10408    info <general>: CAddonMgr::ADDON::CAddonMgr::FindAddons: script.module.pil v5.1.0 installed
2026-08-24 11:11:54.681 T:10408    info <general>: CAddonMgr::ADDON::CAddonMgr::FindAddons: script.module.pycryptodome v3.4.3 installed
2026-08-24 11:11:54.681 T:10408    info <general>: CAddonMgr::ADDON::CAddonMgr::FindAddons: script.module.requests v2.31.0 installed
2026-08-24 11:11:54.681 T:10408    info <general>: CAddonMgr::ADDON::CAddonMgr::FindAddons: script.module.urllib3 v2.2.3 installed
2026-08-24 11:11:54.682 T:10408    info <general>: CAddonMgr::ADDON::CAddonMgr::FindAddons: service.xbmc.versioncheck v0.5.30+matrix.1 installed
2026-08-24 11:11:54.682 T:10408    info <general>: CAddonMgr::ADDON::CAddonMgr::FindAddons: skin.estuary v4.0.0 installed
2026-08-24 11:11:54.682 T:10408    info <general>: CAddonMgr::ADDON::CAddonMgr::FindAddons: webinterface.default v21.x-1.0.1 installed
2026-08-24 11:11:54.682 T:10408    info <general>: CAddonMgr::ADDON::CAddonMgr::FindAddons: xbmc.addon v21.3.0 installed
2026-08-24 11:11:54.682 T:10408    info <general>: CAddonMgr::ADDON::CAddonMgr::FindAddons: xbmc.core v0.1.0 installed
2026-08-24 11:11:54.682 T:10408    info <general>: CAddonMgr::ADDON::CAddonMgr::FindAddons: xbmc.gui v5.17.0 installed
2026-08-24 11:11:54.683 T:10408    info <general>: CAddonMgr::ADDON::CAddonMgr::FindAddons: xbmc.json v13.5.0 installed
2026-08-24 11:11:54.683 T:10408    info <general>: CAddonMgr::ADDON::CAddonMgr::FindAddons: xbmc.metadata v2.1.0 installed
2026-08-24 11:11:54.683 T:10408    info <general>: CAddonMgr::ADDON::CAddonMgr::FindAddons: xbmc.python v3.0.1 installed
2026-08-24 11:11:54.683 T:10408    info <general>: CAddonMgr::ADDON::CAddonMgr::FindAddons: xbmc.webinterface v1.0.0 installed
2026-08-24 11:11:54.685 T:10408   debug <general>: CFavourites::Load - no system favourites found, skipping
2026-08-24 11:11:54.686 T:11300   debug <general>: Thread CWin32PowerStateWorker start, auto delete: false
2026-08-24 11:11:54.686 T:10408   debug <general>: CWin32StorageProvider::Initialize: No optical drive found.
2026-08-24 11:11:54.689 T:10408    info <general>: CKeyboardLayoutManager: loading keyboard layouts from special://xbmc/system/keyboardlayouts...
2026-08-24 11:11:54.690 T:10408   debug <general>: CKeyboardLayoutManager: keyboard layout "Arabic QWERTY" successfully loaded
2026-08-24 11:11:54.691 T:10408   debug <general>: CKeyboardLayoutManager: keyboard layout "Bulgarian ЯВЕРТЪ" successfully loaded
2026-08-24 11:11:54.691 T:10408   debug <general>: CKeyboardLayoutManager: keyboard layout "Bulgarian АБВ" successfully loaded
2026-08-24 11:11:54.692 T:10408   debug <general>: CKeyboardLayoutManager: keyboard layout "Chinese BasePY" successfully loaded
2026-08-24 11:11:54.693 T:10408   debug <general>: CKeyboardLayoutManager: keyboard layout "Croatian QWERTY" successfully loaded
2026-08-24 11:11:54.694 T:10408   debug <general>: CKeyboardLayoutManager: keyboard layout "Czech QWERTZ" successfully loaded
2026-08-24 11:11:54.695 T:10408   debug <general>: CKeyboardLayoutManager: keyboard layout "Danish QWERTY" successfully loaded
2026-08-24 11:11:54.696 T:10408   debug <general>: CKeyboardLayoutManager: keyboard layout "English QWERTY" successfully loaded
2026-08-24 11:11:54.696 T:10408   debug <general>: CKeyboardLayoutManager: keyboard layout "English AZERTY" successfully loaded
2026-08-24 11:11:54.696 T:10408   debug <general>: CKeyboardLayoutManager: keyboard layout "English ABC" successfully loaded
2026-08-24 11:11:54.697 T:10408   debug <general>: CKeyboardLayoutManager: keyboard layout "Estonian QWERTY" successfully loaded
2026-08-24 11:11:54.698 T:10408   debug <general>: CKeyboardLayoutManager: keyboard layout "French AZERTY" successfully loaded
2026-08-24 11:11:54.699 T:10408   debug <general>: CKeyboardLayoutManager: keyboard layout "German QWERTZ" successfully loaded
2026-08-24 11:11:54.699 T:10408   debug <general>: CKeyboardLayoutManager: keyboard layout "German ABC" successfully loaded
2026-08-24 11:11:54.700 T:10408   debug <general>: CKeyboardLayoutManager: keyboard layout "Greek QWERTY" successfully loaded
2026-08-24 11:11:54.701 T:10408   debug <general>: CKeyboardLayoutManager: keyboard layout "Hebrew QWERTY" successfully loaded
2026-08-24 11:11:54.701 T:10408   debug <general>: CKeyboardLayoutManager: keyboard layout "Hebrew ABC" successfully loaded
2026-08-24 11:11:54.702 T:10408   debug <general>: CKeyboardLayoutManager: keyboard layout "Hungarian QWERTZ" successfully loaded
2026-08-24 11:11:54.703 T:10408   debug <general>: CKeyboardLayoutManager: keyboard layout "Icelandic QWERTY" successfully loaded
2026-08-24 11:11:54.704 T:10408   debug <general>: CKeyboardLayoutManager: keyboard layout "Italian QWERTY" successfully loaded
2026-08-24 11:11:54.704 T:10408   debug <general>: CKeyboardLayoutManager: keyboard layout "Italian ABC" successfully loaded
2026-08-24 11:11:54.705 T:10408   debug <general>: CKeyboardLayoutManager: keyboard layout "Korean ㄱㄴㄷ" successfully loaded
2026-08-24 11:11:54.705 T:10408   debug <general>: CKeyboardLayoutManager: keyboard layout "Lithuanian AZERTY" successfully loaded
2026-08-24 11:11:54.706 T:10408   debug <general>: CKeyboardLayoutManager: keyboard layout "Lithuanian QWERTY" successfully loaded
2026-08-24 11:11:54.706 T:10408   debug <general>: CKeyboardLayoutManager: keyboard layout "Norwegian QWERTY" successfully loaded
2026-08-24 11:11:54.707 T:10408   debug <general>: CKeyboardLayoutManager: keyboard layout "Persian QWERTY" successfully loaded
2026-08-24 11:11:54.708 T:10408   debug <general>: CKeyboardLayoutManager: keyboard layout "Polish QWERTY" successfully loaded
2026-08-24 11:11:54.709 T:10408   debug <general>: CKeyboardLayoutManager: keyboard layout "Portuguese (Brazil) QWERTY" successfully loaded
2026-08-24 11:11:54.709 T:10408   debug <general>: CKeyboardLayoutManager: keyboard layout "Portuguese (Portugal) QWERTY" successfully loaded
2026-08-24 11:11:54.710 T:10408   debug <general>: CKeyboardLayoutManager: keyboard layout "Romanian QWERTY" successfully loaded
2026-08-24 11:11:54.711 T:10408   debug <general>: CKeyboardLayoutManager: keyboard layout "Russian ЙЦУКЕН" successfully loaded
2026-08-24 11:11:54.711 T:10408   debug <general>: CKeyboardLayoutManager: keyboard layout "Russian АБВ" successfully loaded
2026-08-24 11:11:54.712 T:10408   debug <general>: CKeyboardLayoutManager: keyboard layout "Silesian QWERTY" successfully loaded
2026-08-24 11:11:54.713 T:10408   debug <general>: CKeyboardLayoutManager: keyboard layout "Slovak QWERTZ" successfully loaded
2026-08-24 11:11:54.713 T:10408   debug <general>: CKeyboardLayoutManager: keyboard layout "Slovak QWERTY" successfully loaded
2026-08-24 11:11:54.713 T:10408   debug <general>: CKeyboardLayoutManager: keyboard layout "Slovak ABC" successfully loaded
2026-08-24 11:11:54.714 T:10408   debug <general>: CKeyboardLayoutManager: keyboard layout "Slovenian QWERTZ" successfully loaded
2026-08-24 11:11:54.715 T:10408   debug <general>: CKeyboardLayoutManager: keyboard layout "Spanish QWERTY" successfully loaded
2026-08-24 11:11:54.716 T:10408   debug <general>: CKeyboardLayoutManager: keyboard layout "Swedish QWERTY" successfully loaded
2026-08-24 11:11:54.717 T:10408   debug <general>: CKeyboardLayoutManager: keyboard layout "Thai Kedmanee" successfully loaded
2026-08-24 11:11:54.717 T:10408   debug <general>: CKeyboardLayoutManager: keyboard layout "Turkish QWERTY" successfully loaded
2026-08-24 11:11:54.718 T:10408   debug <general>: CKeyboardLayoutManager: keyboard layout "Ukrainian ЙЦУКЕН" successfully loaded
2026-08-24 11:11:54.718 T:10408   debug <general>: CKeyboardLayoutManager: keyboard layout "Ukrainian АБВ" successfully loaded
2026-08-24 11:11:54.719 T:10408   debug <general>: CApplication::CApplication::CreateGUI - trying to init default windowing system
2026-08-24 11:11:54.719 T:5604    debug <general>: Thread RemoteControl start, auto delete: false
2026-08-24 11:11:54.719 T:5604     info <general>: Loading special://xbmc/system/IRSSmap.xml
2026-08-24 11:11:54.720 T:5604     info <general>: * Adding remote mapping for device 'Microsoft MCE'
2026-08-24 11:11:54.720 T:5604     info <general>: * Adding remote mapping for device 'Abstract'
2026-08-24 11:11:54.721 T:5604    debug <general>: CIRTranslator::Load - no userdata IRSSmap.xml found, skipping
2026-08-24 11:11:54.722 T:10408    info <general>: Primary mode: Generic PnP Monitor #1: 1920x1080 @ 60.00Hz
2026-08-24 11:11:54.723 T:10408    info <general>: Additional mode: Generic PnP Monitor #1: 320x200 @ 60.00Hz
2026-08-24 11:11:54.723 T:10408    info <general>: Additional mode: Generic PnP Monitor #1: 320x240 @ 60.00Hz
2026-08-24 11:11:54.723 T:10408    info <general>: Additional mode: Generic PnP Monitor #1: 400x300 @ 60.00Hz
2026-08-24 11:11:54.724 T:10408    info <general>: Additional mode: Generic PnP Monitor #1: 512x384 @ 60.00Hz
2026-08-24 11:11:54.724 T:10408    info <general>: Additional mode: Generic PnP Monitor #1: 640x400 @ 60.00Hz
2026-08-24 11:11:54.725 T:10408    info <general>: Additional mode: Generic PnP Monitor #1: 640x480 @ 60.00Hz
2026-08-24 11:11:54.725 T:10408    info <general>: Additional mode: Generic PnP Monitor #1: 800x600 @ 60.00Hz
2026-08-24 11:11:54.725 T:10408    info <general>: Additional mode: Generic PnP Monitor #1: 1024x768 @ 60.00Hz
2026-08-24 11:11:54.725 T:10408    info <general>: Additional mode: Generic PnP Monitor #1: 1152x864 @ 60.00Hz
2026-08-24 11:11:54.726 T:10408    info <general>: Additional mode: Generic PnP Monitor #1: 1280x600 @ 60.00Hz
2026-08-24 11:11:54.726 T:10408    info <general>: Additional mode: Generic PnP Monitor #1: 1280x720 @ 60.00Hz
2026-08-24 11:11:54.726 T:10408    info <general>: Additional mode: Generic PnP Monitor #1: 1280x768 @ 60.00Hz
2026-08-24 11:11:54.727 T:10408    info <general>: Additional mode: Generic PnP Monitor #1: 1280x800 @ 60.00Hz
2026-08-24 11:11:54.727 T:10408    info <general>: Additional mode: Generic PnP Monitor #1: 1280x960 @ 60.00Hz
2026-08-24 11:11:54.727 T:10408    info <general>: Additional mode: Generic PnP Monitor #1: 1280x1024 @ 60.00Hz
2026-08-24 11:11:54.728 T:10408    info <general>: Additional mode: Generic PnP Monitor #1: 1360x768 @ 60.00Hz
2026-08-24 11:11:54.729 T:10408    info <general>: Additional mode: Generic PnP Monitor #1: 1366x768 @ 60.00Hz
2026-08-24 11:11:54.729 T:5604    debug <general>: CIRServerSuite::Connect: connecting to: ::1:24000 ...
2026-08-24 11:11:54.729 T:10408    info <general>: Additional mode: Generic PnP Monitor #1: 1400x1050 @ 60.00Hz
2026-08-24 11:11:54.729 T:10408    info <general>: Additional mode: Generic PnP Monitor #1: 1440x900 @ 60.00Hz
2026-08-24 11:11:54.730 T:10408    info <general>: Additional mode: Generic PnP Monitor #1: 1600x900 @ 60.00Hz
2026-08-24 11:11:54.730 T:10408    info <general>: Additional mode: Generic PnP Monitor #1: 1680x1050 @ 60.00Hz
2026-08-24 11:11:54.730 T:10408    info <general>: Additional mode: Generic PnP Monitor #1: 1920x1080 @ 60.00Hz
2026-08-24 11:11:54.730 T:10408    info <general>: CApplication::CApplication::CreateGUI - using the default windowing system
2026-08-24 11:11:54.730 T:10408    info <general>: Checking resolution 16
2026-08-24 11:11:54.747 T:10408   debug <general>: DX::DeviceResources::HandleOutputChange: selected Intel(R) UHD Graphics 605 adapter. 
2026-08-24 11:11:54.747 T:10408   debug <general>: CWinSystemWin32DX::InitHooks: Hooking into UserModeDriver on device \Registry\Machine\System\CurrentControlSet\Control\Video\{9D7CE7ED-FE48-11EF-8570-806E6F6E6963}\0000. 
2026-08-24 11:11:54.765 T:10408   debug <general>: CWinSystemWin32DX::InitHooks: D3D11 hook installed and activated.
2026-08-24 11:11:54.769 T:10408   debug <general>: DX::DeviceResources::CreateDeviceResources: creating DirectX 11 device.
2026-08-24 11:11:54.775 T:10408   debug <general>: HookOpenAdapter10_2: hook into pOpenData->pAdapterFuncs->pfnCreateDevice
2026-08-24 11:11:55.406 T:10408   debug <general>: HookCreateDevice: hook into pCreateData->pDeviceFuncs->pfnCreateResource
2026-08-24 11:11:55.407 T:10408    info <general>: DX::DeviceResources::CheckNV12SharedTexturesSupport: extended NV12 shared textures is supported
2026-08-24 11:11:55.407 T:10408    info <general>: DX::DeviceResources::CreateDeviceResources: device is created on adapter 'Intel(R) UHD Graphics 605' with D3D_FEATURE_LEVEL_12_1
2026-08-24 11:11:55.408 T:10408    info <general>: VideoDriverInfo::Log: video driver version is Intel 27.20.100.8984
2026-08-24 11:11:55.408 T:10408    info <general>: DX::DeviceResources::CheckDXVA2SharedDecoderSurfaces: DXVA2 shared decoder surfaces is supported
2026-08-24 11:11:55.408 T:10408    info <general>: DX::DeviceResources::CheckDXVA2SharedDecoderSurfaces: DXVA2 shared decoder surfaces WITHOUT fence synchronization.
2026-08-24 11:11:55.411 T:10408   debug <general>: DX::DeviceResources::ReleaseBackBuffer: release buffers.
2026-08-24 11:11:55.412 T:10408   debug <general>: DX::DeviceResources::SetLogicalSize: receive changing logical size to 1920.000000 x 1080.000000
2026-08-24 11:11:55.412 T:10408   debug <general>: DX::DeviceResources::SetLogicalSize: change logical size to 1920.000000 x 1080.000000
2026-08-24 11:11:55.412 T:10408   debug <general>: DX::DeviceResources::ResizeBuffers: resize buffers.
2026-08-24 11:11:55.414 T:10408   debug <general>: CWinSystemWin32DX::FixRefreshRateIfNecessary: refreshRate: 60.0079, desired: 60.0000, deviation: 0.00013, fixRequired: no, 1
2026-08-24 11:11:55.419 T:10408    info <general>: Skipped 5 duplicate messages..
2026-08-24 11:11:55.419 T:10408    info <general>: DX::DeviceResources::ResizeBuffers: 8 bit swapchain is used with 6 flip discard buffers and SDR output (format B8G8R8A8_UNORM)
2026-08-24 11:11:55.419 T:10408   debug <general>: DX::DeviceResources::ResizeBuffers: end resize buffers.
2026-08-24 11:11:55.419 T:10408   debug <general>: DX::DeviceResources::CreateBackBuffer: create buffers.
2026-08-24 11:11:55.420 T:10408   debug <general>: CWinSystemWin32::AdjustWindow: adjusting window if required.
2026-08-24 11:11:55.421 T:10408   debug <general>: CWinSystemWin32::AdjustWindow: resizing due to size change (0,0,1920,1080 fullscreen)->(0,0,1920,1080 fullscreen)
2026-08-24 11:11:55.848 T:10408   debug <general>: CD3DVertexShader::CreateInternal: creating vertex shader.
2026-08-24 11:11:55.849 T:10408   debug <general>: CD3DVertexShader::CreateInternal: creating input layout.
2026-08-24 11:11:55.854 T:10408   debug <general>: CD3DPixelShader::CreateInternal: Create the pixel shader.
2026-08-24 11:11:55.856 T:10408    info <general>: Skipped 8 duplicate messages..
2026-08-24 11:11:55.856 T:10408    info <general>: RetroPlayer[RENDER]: Registering renderer factory for DirectX
2026-08-24 11:11:55.857 T:10408   debug <general>: CWinSystemWin32::SetFullScreen: (windowed fullscreen) with size 1920x1080, refresh 60.000000
2026-08-24 11:11:55.857 T:10408   debug <general>: DX::DeviceResources::ReleaseBackBuffer: release buffers.
2026-08-24 11:11:55.857 T:10408   debug <general>: DX::DeviceResources::SetFullScreen: switching from (1920 x 1080) to (1920 x 1080)
2026-08-24 11:11:55.857 T:10408   debug <general>: DX::DeviceResources::SetFullScreen: switching done.
2026-08-24 11:11:55.857 T:10408   debug <general>: DX::DeviceResources::ResizeBuffers: resize buffers.
2026-08-24 11:11:55.858 T:10408   debug <general>: CWinSystemWin32DX::FixRefreshRateIfNecessary: refreshRate: 60.0079, desired: 60.0000, deviation: 0.00013, fixRequired: no, 1
2026-08-24 11:11:55.859 T:10408    info <general>: Skipped 5 duplicate messages..
2026-08-24 11:11:55.859 T:10408   debug <general>: DX::DeviceResources::ResizeBuffers: end resize buffers.
2026-08-24 11:11:55.859 T:10408   debug <general>: CWinSystemWin32::AdjustWindow: adjusting window if required.
2026-08-24 11:11:55.859 T:10408   debug <general>: DX::DeviceResources::CreateBackBuffer: create buffers.
2026-08-24 11:11:55.860 T:10408   debug <general>: guilib: Fill viewport on change for solving rendering passes
2026-08-24 11:11:55.938 T:10408    info <general>: load keymapping
2026-08-24 11:11:55.957 T:10408    info <general>: Loading special://xbmc/system/keymaps/appcommand.xml
2026-08-24 11:11:55.958 T:10408    info <general>: Loading special://xbmc/system/keymaps/customcontroller.AppleRemote.xml
2026-08-24 11:11:55.959 T:10408    info <general>: Loading special://xbmc/system/keymaps/customcontroller.Harmony.xml
2026-08-24 11:11:55.961 T:10408    info <general>: Loading special://xbmc/system/keymaps/customcontroller.SiriRemote.xml
2026-08-24 11:11:55.962 T:10408    info <general>: Loading special://xbmc/system/keymaps/gamepad.xml
2026-08-24 11:11:55.964 T:10408    info <general>: Loading special://xbmc/system/keymaps/joystick.xml
2026-08-24 11:11:55.965 T:10408    info <general>: Loading special://xbmc/system/keymaps/keyboard.xml
2026-08-24 11:11:55.969 T:10408    info <general>: Loading special://xbmc/system/keymaps/mouse.xml
2026-08-24 11:11:55.970 T:10408    info <general>: Loading special://xbmc/system/keymaps/remote.xml
2026-08-24 11:11:55.972 T:10408    info <general>: Loading special://xbmc/system/keymaps/touchscreen.xml
2026-08-24 11:11:55.974 T:10408    info <general>: GUI format 1920x1080, Display Generic PnP Monitor #1: 1920x1080 @ 60.00Hz
2026-08-24 11:11:55.974 T:12404   debug <general>: Thread ActiveAE start, auto delete: false
2026-08-24 11:11:55.975 T:11652   debug <general>: Thread AESink start, auto delete: false
2026-08-24 11:11:56.204 T:12404    info <general>: CAESinkWASAPI::EnumerateDevicesEx: Exclusive mode is not allowed on device "Speakers (Realtek(R) Audio)", check device settings.
2026-08-24 11:11:56.204 T:12404    info <general>: Found 2 Lists of Devices
2026-08-24 11:11:56.204 T:12404    info <general>: Enumerated DIRECTSOUND devices:
2026-08-24 11:11:56.204 T:12404    info <general>:     Device 1
2026-08-24 11:11:56.204 T:12404    info <general>:         m_deviceName      : {1B0E4D36-8239-48A4-AC31-41FAF52CFE16}
2026-08-24 11:11:56.204 T:12404    info <general>:         m_displayName     : Speakers - Voicemeeter In 3 (VB-Audio Voicemeeter VAIO)
2026-08-24 11:11:56.204 T:12404    info <general>:         m_displayNameExtra: DIRECTSOUND: Voicemeeter In 3 (VB-Audio Voicemeeter VAIO)
2026-08-24 11:11:56.204 T:12404    info <general>:         m_deviceType      : AE_DEVTYPE_PCM
2026-08-24 11:11:56.204 T:12404    info <general>:         m_channels        : FL, FR
2026-08-24 11:11:56.204 T:12404    info <general>:         m_sampleRates     : 48000
2026-08-24 11:11:56.204 T:12404    info <general>:         m_dataFormats     : AE_FMT_FLOAT
2026-08-24 11:11:56.204 T:12404    info <general>:         m_streamTypes     : No passthrough capabilities
2026-08-24 11:11:56.204 T:12404    info <general>:     Device 2
2026-08-24 11:11:56.204 T:12404    info <general>:         m_deviceName      : {1B2B1F47-7A6E-4C17-9E01-6D747324B80D}
2026-08-24 11:11:56.205 T:12404    info <general>:         m_displayName     : Speakers - Voicemeeter VAIO3 Input (VB-Audio Voicemeeter VAIO)
2026-08-24 11:11:56.205 T:12404    info <general>:         m_displayNameExtra: DIRECTSOUND: Voicemeeter VAIO3 Input (VB-Audio Voicemeeter VAIO)
2026-08-24 11:11:56.205 T:12404    info <general>:         m_deviceType      : AE_DEVTYPE_PCM
2026-08-24 11:11:56.205 T:12404    info <general>:         m_channels        : FL, FR
2026-08-24 11:11:56.205 T:12404    info <general>:         m_sampleRates     : 48000
2026-08-24 11:11:56.205 T:12404    info <general>:         m_dataFormats     : AE_FMT_FLOAT
2026-08-24 11:11:56.205 T:12404    info <general>:         m_streamTypes     : No passthrough capabilities
2026-08-24 11:11:56.205 T:12404    info <general>:     Device 3
2026-08-24 11:11:56.205 T:12404    info <general>:         m_deviceName      : {31B0F46A-03F1-48B7-8D54-4B50AE19E1DC}
2026-08-24 11:11:56.205 T:12404    info <general>:         m_displayName     : Speakers - Voicemeeter In 1 (VB-Audio Voicemeeter VAIO)
2026-08-24 11:11:56.205 T:12404    info <general>:         m_displayNameExtra: DIRECTSOUND: Voicemeeter In 1 (VB-Audio Voicemeeter VAIO)
2026-08-24 11:11:56.205 T:12404    info <general>:         m_deviceType      : AE_DEVTYPE_PCM
2026-08-24 11:11:56.205 T:12404    info <general>:         m_channels        : FL, FR
2026-08-24 11:11:56.205 T:12404    info <general>:         m_sampleRates     : 48000
2026-08-24 11:11:56.205 T:12404    info <general>:         m_dataFormats     : AE_FMT_FLOAT
2026-08-24 11:11:56.205 T:12404    info <general>:         m_streamTypes     : No passthrough capabilities
2026-08-24 11:11:56.205 T:12404    info <general>:     Device 4
2026-08-24 11:11:56.205 T:12404    info <general>:         m_deviceName      : {32D0D45F-FBF7-4FBF-8F48-C2571B5B3763}
2026-08-24 11:11:56.205 T:12404    info <general>:         m_displayName     : Speakers - Voicemeeter In 5 (VB-Audio Voicemeeter VAIO)
2026-08-24 11:11:56.205 T:12404    info <general>:         m_displayNameExtra: DIRECTSOUND: Voicemeeter In 5 (VB-Audio Voicemeeter VAIO)
2026-08-24 11:11:56.205 T:12404    info <general>:         m_deviceType      : AE_DEVTYPE_PCM
2026-08-24 11:11:56.205 T:12404    info <general>:         m_channels        : FL, FR
2026-08-24 11:11:56.205 T:12404    info <general>:         m_sampleRates     : 48000
2026-08-24 11:11:56.205 T:12404    info <general>:         m_dataFormats     : AE_FMT_FLOAT
2026-08-24 11:11:56.205 T:12404    info <general>:         m_streamTypes     : No passthrough capabilities
2026-08-24 11:11:56.206 T:12404    info <general>:     Device 5
2026-08-24 11:11:56.206 T:12404    info <general>:         m_deviceName      : {C774DA03-3D27-4A29-8D2E-C3BDFC67F92A}
2026-08-24 11:11:56.206 T:12404    info <general>:         m_displayName     : Speakers - Voicemeeter Input (VB-Audio Voicemeeter VAIO)
2026-08-24 11:11:56.206 T:12404    info <general>:         m_displayNameExtra: DIRECTSOUND: Voicemeeter Input (VB-Audio Voicemeeter VAIO)
2026-08-24 11:11:56.206 T:12404    info <general>:         m_deviceType      : AE_DEVTYPE_PCM
2026-08-24 11:11:56.206 T:12404    info <general>:         m_channels        : FL, FR
2026-08-24 11:11:56.206 T:12404    info <general>:         m_sampleRates     : 48000
2026-08-24 11:11:56.206 T:12404    info <general>:         m_dataFormats     : AE_FMT_FLOAT
2026-08-24 11:11:56.206 T:12404    info <general>:         m_streamTypes     : No passthrough capabilities
2026-08-24 11:11:56.206 T:12404    info <general>:     Device 6
2026-08-24 11:11:56.206 T:12404    info <general>:         m_deviceName      : {DB4BB3DA-8785-4E88-A4BE-BD792A2DD579}
2026-08-24 11:11:56.206 T:12404    info <general>:         m_displayName     : Speakers - Voicemeeter In 4 (VB-Audio Voicemeeter VAIO)
2026-08-24 11:11:56.206 T:12404    info <general>:         m_displayNameExtra: DIRECTSOUND: Voicemeeter In 4 (VB-Audio Voicemeeter VAIO)
2026-08-24 11:11:56.206 T:12404    info <general>:         m_deviceType      : AE_DEVTYPE_PCM
2026-08-24 11:11:56.206 T:12404    info <general>:         m_channels        : FL, FR
2026-08-24 11:11:56.206 T:12404    info <general>:         m_sampleRates     : 48000
2026-08-24 11:11:56.206 T:12404    info <general>:         m_dataFormats     : AE_FMT_FLOAT
2026-08-24 11:11:56.206 T:12404    info <general>:         m_streamTypes     : No passthrough capabilities
2026-08-24 11:11:56.206 T:12404    info <general>:     Device 7
2026-08-24 11:11:56.206 T:12404    info <general>:         m_deviceName      : {F70834B3-FD87-4183-8862-183C79BD97AB}
2026-08-24 11:11:56.206 T:12404    info <general>:         m_displayName     : Speakers - Voicemeeter In 2 (VB-Audio Voicemeeter VAIO)
2026-08-24 11:11:56.206 T:12404    info <general>:         m_displayNameExtra: DIRECTSOUND: Voicemeeter In 2 (VB-Audio Voicemeeter VAIO)
2026-08-24 11:11:56.206 T:12404    info <general>:         m_deviceType      : AE_DEVTYPE_PCM
2026-08-24 11:11:56.206 T:12404    info <general>:         m_channels        : FL, FR
2026-08-24 11:11:56.206 T:12404    info <general>:         m_sampleRates     : 48000
2026-08-24 11:11:56.206 T:12404    info <general>:         m_dataFormats     : AE_FMT_FLOAT
2026-08-24 11:11:56.207 T:12404    info <general>:         m_streamTypes     : No passthrough capabilities
2026-08-24 11:11:56.207 T:12404    info <general>:     Device 8
2026-08-24 11:11:56.207 T:12404    info <general>:         m_deviceName      : {F8B5E953-6DE4-4D44-A6E2-F04F548B241D}
2026-08-24 11:11:56.207 T:12404    info <general>:         m_displayName     : Speakers - Voicemeeter AUX Input (VB-Audio Voicemeeter VAIO)
2026-08-24 11:11:56.207 T:12404    info <general>:         m_displayNameExtra: DIRECTSOUND: Voicemeeter AUX Input (VB-Audio Voicemeeter VAIO)
2026-08-24 11:11:56.207 T:12404    info <general>:         m_deviceType      : AE_DEVTYPE_PCM
2026-08-24 11:11:56.207 T:12404    info <general>:         m_channels        : FL, FR
2026-08-24 11:11:56.207 T:12404    info <general>:         m_sampleRates     : 48000
2026-08-24 11:11:56.207 T:12404    info <general>:         m_dataFormats     : AE_FMT_FLOAT
2026-08-24 11:11:56.207 T:12404    info <general>:         m_streamTypes     : No passthrough capabilities
2026-08-24 11:11:56.207 T:12404    info <general>:     Device 9
2026-08-24 11:11:56.207 T:12404    info <general>:         m_deviceName      : {FE533F78-829D-46B3-8ED2-68155FC8C095}
2026-08-24 11:11:56.207 T:12404    info <general>:         m_displayName     : Speakers - Speakers (Realtek(R) Audio)
2026-08-24 11:11:56.207 T:12404    info <general>:         m_displayNameExtra: DIRECTSOUND: Speakers (Realtek(R) Audio)
2026-08-24 11:11:56.207 T:12404    info <general>:         m_deviceType      : AE_DEVTYPE_PCM
2026-08-24 11:11:56.207 T:12404    info <general>:         m_channels        : FL, FR
2026-08-24 11:11:56.207 T:12404    info <general>:         m_sampleRates     : 44100
2026-08-24 11:11:56.207 T:12404    info <general>:         m_dataFormats     : AE_FMT_FLOAT
2026-08-24 11:11:56.207 T:12404    info <general>:         m_streamTypes     : No passthrough capabilities
2026-08-24 11:11:56.207 T:12404    info <general>:     Device 10
2026-08-24 11:11:56.207 T:12404    info <general>:         m_deviceName      : default
2026-08-24 11:11:56.207 T:12404    info <general>:         m_displayName     : default
2026-08-24 11:11:56.207 T:12404    info <general>:         m_displayNameExtra: 
2026-08-24 11:11:56.207 T:12404    info <general>:         m_deviceType      : AE_DEVTYPE_PCM
2026-08-24 11:11:56.207 T:12404    info <general>:         m_channels        : FL, FR
2026-08-24 11:11:56.207 T:12404    info <general>:         m_sampleRates     : 44100
2026-08-24 11:11:56.208 T:12404    info <general>:         m_dataFormats     : AE_FMT_FLOAT
2026-08-24 11:11:56.208 T:12404    info <general>:         m_streamTypes     : No passthrough capabilities
2026-08-24 11:11:56.208 T:12404    info <general>: Enumerated WASAPI devices:
2026-08-24 11:11:56.208 T:12404    info <general>:     Device 1
2026-08-24 11:11:56.208 T:12404    info <general>:         m_deviceName      : {1B0E4D36-8239-48A4-AC31-41FAF52CFE16}
2026-08-24 11:11:56.208 T:12404    info <general>:         m_displayName     : Speakers - Voicemeeter In 3 (VB-Audio Voicemeeter VAIO)
2026-08-24 11:11:56.208 T:12404    info <general>:         m_displayNameExtra: WASAPI: Voicemeeter In 3 (VB-Audio Voicemeeter VAIO)
2026-08-24 11:11:56.208 T:12404    info <general>:         m_deviceType      : AE_DEVTYPE_PCM
2026-08-24 11:11:56.208 T:12404    info <general>:         m_channels        : FL, FR
2026-08-24 11:11:56.208 T:12404    info <general>:         m_sampleRates     : 192000,176400,96000,88200,48000,44100,32000,22050,11025
2026-08-24 11:11:56.208 T:12404    info <general>:         m_dataFormats     : AE_FMT_S24NE3,AE_FMT_S24LE3,AE_FMT_S24BE3,AE_FMT_S16NE,AE_FMT_S16LE,AE_FMT_S16BE
2026-08-24 11:11:56.208 T:12404    info <general>:         m_streamTypes     : No passthrough capabilities
2026-08-24 11:11:56.208 T:12404    info <general>:     Device 2
2026-08-24 11:11:56.208 T:12404    info <general>:         m_deviceName      : {1B2B1F47-7A6E-4C17-9E01-6D747324B80D}
2026-08-24 11:11:56.208 T:12404    info <general>:         m_displayName     : Speakers - Voicemeeter VAIO3 Input (VB-Audio Voicemeeter VAIO)
2026-08-24 11:11:56.208 T:12404    info <general>:         m_displayNameExtra: WASAPI: Voicemeeter VAIO3 Input (VB-Audio Voicemeeter VAIO)
2026-08-24 11:11:56.208 T:12404    info <general>:         m_deviceType      : AE_DEVTYPE_PCM
2026-08-24 11:11:56.208 T:12404    info <general>:         m_channels        : FL, FR
2026-08-24 11:11:56.208 T:12404    info <general>:         m_sampleRates     : 192000,176400,96000,88200,48000,44100,32000,22050,11025
2026-08-24 11:11:56.208 T:12404    info <general>:         m_dataFormats     : AE_FMT_S24NE3,AE_FMT_S24LE3,AE_FMT_S24BE3,AE_FMT_S16NE,AE_FMT_S16LE,AE_FMT_S16BE
2026-08-24 11:11:56.208 T:12404    info <general>:         m_streamTypes     : No passthrough capabilities
2026-08-24 11:11:56.208 T:12404    info <general>:     Device 3
2026-08-24 11:11:56.208 T:12404    info <general>:         m_deviceName      : {31B0F46A-03F1-48B7-8D54-4B50AE19E1DC}
2026-08-24 11:11:56.208 T:12404    info <general>:         m_displayName     : Speakers - Voicemeeter In 1 (VB-Audio Voicemeeter VAIO)
2026-08-24 11:11:56.208 T:12404    info <general>:         m_displayNameExtra: WASAPI: Voicemeeter In 1 (VB-Audio Voicemeeter VAIO)
2026-08-24 11:11:56.209 T:12404    info <general>:         m_deviceType      : AE_DEVTYPE_PCM
2026-08-24 11:11:56.209 T:12404    info <general>:         m_channels        : FL, FR
2026-08-24 11:11:56.209 T:12404    info <general>:         m_sampleRates     : 192000,176400,96000,88200,48000,44100,32000,22050,11025
2026-08-24 11:11:56.209 T:12404    info <general>:         m_dataFormats     : AE_FMT_S24NE3,AE_FMT_S24LE3,AE_FMT_S24BE3,AE_FMT_S16NE,AE_FMT_S16LE,AE_FMT_S16BE
2026-08-24 11:11:56.209 T:12404    info <general>:         m_streamTypes     : No passthrough capabilities
2026-08-24 11:11:56.209 T:12404    info <general>:     Device 4
2026-08-24 11:11:56.209 T:12404    info <general>:         m_deviceName      : {32D0D45F-FBF7-4FBF-8F48-C2571B5B3763}
2026-08-24 11:11:56.209 T:12404    info <general>:         m_displayName     : Speakers - Voicemeeter In 5 (VB-Audio Voicemeeter VAIO)
2026-08-24 11:11:56.209 T:12404    info <general>:         m_displayNameExtra: WASAPI: Voicemeeter In 5 (VB-Audio Voicemeeter VAIO)
2026-08-24 11:11:56.209 T:12404    info <general>:         m_deviceType      : AE_DEVTYPE_PCM
2026-08-24 11:11:56.209 T:12404    info <general>:         m_channels        : FL, FR
2026-08-24 11:11:56.209 T:12404    info <general>:         m_sampleRates     : 192000,176400,96000,88200,48000,44100,32000,22050,11025
2026-08-24 11:11:56.209 T:12404    info <general>:         m_dataFormats     : AE_FMT_S24NE3,AE_FMT_S24LE3,AE_FMT_S24BE3,AE_FMT_S16NE,AE_FMT_S16LE,AE_FMT_S16BE
2026-08-24 11:11:56.209 T:12404    info <general>:         m_streamTypes     : No passthrough capabilities
2026-08-24 11:11:56.209 T:12404    info <general>:     Device 5
2026-08-24 11:11:56.209 T:12404    info <general>:         m_deviceName      : {C774DA03-3D27-4A29-8D2E-C3BDFC67F92A}
2026-08-24 11:11:56.209 T:12404    info <general>:         m_displayName     : Speakers - Voicemeeter Input (VB-Audio Voicemeeter VAIO)
2026-08-24 11:11:56.209 T:12404    info <general>:         m_displayNameExtra: WASAPI: Voicemeeter Input (VB-Audio Voicemeeter VAIO)
2026-08-24 11:11:56.209 T:12404    info <general>:         m_deviceType      : AE_DEVTYPE_PCM
2026-08-24 11:11:56.209 T:12404    info <general>:         m_channels        : FL, FR
2026-08-24 11:11:56.209 T:12404    info <general>:         m_sampleRates     : 192000,176400,96000,88200,48000,44100,32000,22050,11025
2026-08-24 11:11:56.209 T:12404    info <general>:         m_dataFormats     : AE_FMT_S24NE3,AE_FMT_S24LE3,AE_FMT_S24BE3,AE_FMT_S16NE,AE_FMT_S16LE,AE_FMT_S16BE
2026-08-24 11:11:56.209 T:12404    info <general>:         m_streamTypes     : No passthrough capabilities
2026-08-24 11:11:56.209 T:12404    info <general>:     Device 6
2026-08-24 11:11:56.209 T:12404    info <general>:         m_deviceName      : {DB4BB3DA-8785-4E88-A4BE-BD792A2DD579}
2026-08-24 11:11:56.209 T:12404    info <general>:         m_displayName     : Speakers - Voicemeeter In 4 (VB-Audio Voicemeeter VAIO)
2026-08-24 11:11:56.210 T:12404    info <general>:         m_displayNameExtra: WASAPI: Voicemeeter In 4 (VB-Audio Voicemeeter VAIO)
2026-08-24 11:11:56.210 T:12404    info <general>:         m_deviceType      : AE_DEVTYPE_PCM
2026-08-24 11:11:56.210 T:12404    info <general>:         m_channels        : FL, FR
2026-08-24 11:11:56.210 T:12404    info <general>:         m_sampleRates     : 192000,176400,96000,88200,48000,44100,32000,22050,11025
2026-08-24 11:11:56.210 T:12404    info <general>:         m_dataFormats     : AE_FMT_S24NE3,AE_FMT_S24LE3,AE_FMT_S24BE3,AE_FMT_S16NE,AE_FMT_S16LE,AE_FMT_S16BE
2026-08-24 11:11:56.210 T:12404    info <general>:         m_streamTypes     : No passthrough capabilities
2026-08-24 11:11:56.210 T:12404    info <general>:     Device 7
2026-08-24 11:11:56.210 T:12404    info <general>:         m_deviceName      : {F70834B3-FD87-4183-8862-183C79BD97AB}
2026-08-24 11:11:56.210 T:12404    info <general>:         m_displayName     : Speakers - Voicemeeter In 2 (VB-Audio Voicemeeter VAIO)
2026-08-24 11:11:56.210 T:12404    info <general>:         m_displayNameExtra: WASAPI: Voicemeeter In 2 (VB-Audio Voicemeeter VAIO)
2026-08-24 11:11:56.210 T:12404    info <general>:         m_deviceType      : AE_DEVTYPE_PCM
2026-08-24 11:11:56.210 T:12404    info <general>:         m_channels        : FL, FR
2026-08-24 11:11:56.210 T:12404    info <general>:         m_sampleRates     : 192000,176400,96000,88200,48000,44100,32000,22050,11025
2026-08-24 11:11:56.210 T:12404    info <general>:         m_dataFormats     : AE_FMT_S24NE3,AE_FMT_S24LE3,AE_FMT_S24BE3,AE_FMT_S16NE,AE_FMT_S16LE,AE_FMT_S16BE
2026-08-24 11:11:56.210 T:12404    info <general>:         m_streamTypes     : No passthrough capabilities
2026-08-24 11:11:56.210 T:12404    info <general>:     Device 8
2026-08-24 11:11:56.210 T:12404    info <general>:         m_deviceName      : {F8B5E953-6DE4-4D44-A6E2-F04F548B241D}
2026-08-24 11:11:56.210 T:12404    info <general>:         m_displayName     : Speakers - Voicemeeter AUX Input (VB-Audio Voicemeeter VAIO)
2026-08-24 11:11:56.210 T:12404    info <general>:         m_displayNameExtra: WASAPI: Voicemeeter AUX Input (VB-Audio Voicemeeter VAIO)
2026-08-24 11:11:56.210 T:12404    info <general>:         m_deviceType      : AE_DEVTYPE_PCM
2026-08-24 11:11:56.210 T:12404    info <general>:         m_channels        : FL, FR
2026-08-24 11:11:56.210 T:12404    info <general>:         m_sampleRates     : 192000,176400,96000,88200,48000,44100,32000,22050,11025
2026-08-24 11:11:56.210 T:12404    info <general>:         m_dataFormats     : AE_FMT_S24NE3,AE_FMT_S24LE3,AE_FMT_S24BE3,AE_FMT_S16NE,AE_FMT_S16LE,AE_FMT_S16BE
2026-08-24 11:11:56.210 T:12404    info <general>:         m_streamTypes     : No passthrough capabilities
2026-08-24 11:11:56.211 T:11652    info <general>: CActiveAESink::OpenSink - initialize sink
2026-08-24 11:11:56.211 T:11652   debug <general>: CActiveAESink::OpenSink - trying to open device DIRECTSOUND:default
2026-08-24 11:11:56.670 T:11652   debug <general>: CAESinkDirectSound::Initialize: Using Window handle: 0x204da
2026-08-24 11:11:56.679 T:11652   debug <general>: CAESinkDirectSound::Initialize: secondary buffer created
2026-08-24 11:11:56.680 T:11652   debug <general>: CAESinkDirectSound::Initialize: Initializing DirectSound with the following parameters:
2026-08-24 11:11:56.680 T:11652   debug <general>:   Audio Device    : Speakers (Realtek(R) Audio)
2026-08-24 11:11:56.680 T:11652   debug <general>:   Sample Rate     : 44100
2026-08-24 11:11:56.680 T:11652   debug <general>:   Sample Format   : AE_FMT_FLOAT
2026-08-24 11:11:56.680 T:11652   debug <general>:   Bits Per Sample : 32
2026-08-24 11:11:56.680 T:11652   debug <general>:   Valid Bits/Samp : 32
2026-08-24 11:11:56.680 T:11652   debug <general>:   Channel Count   : 2
2026-08-24 11:11:56.680 T:11652   debug <general>:   Block Align     : 8
2026-08-24 11:11:56.680 T:11652   debug <general>:   Avg. Bytes Sec  : 352800
2026-08-24 11:11:56.680 T:11652   debug <general>:   Samples/Block   : 32
2026-08-24 11:11:56.680 T:11652   debug <general>:   Format cBSize   : 22
2026-08-24 11:11:56.680 T:11652   debug <general>:   Channel Layout  : FL, FR
2026-08-24 11:11:56.680 T:11652   debug <general>:   Channel Mask    : 3
2026-08-24 11:11:56.680 T:11652   debug <general>:   Frames          : 882
2026-08-24 11:11:56.680 T:11652   debug <general>:   Frame Size      : 8
2026-08-24 11:11:56.680 T:11652   debug <general>: CActiveAESink::OpenSink - DIRECTSOUND Initialized:
2026-08-24 11:11:56.680 T:11652   debug <general>:   Output Device : default
2026-08-24 11:11:56.680 T:11652   debug <general>:   Sample Rate   : 44100
2026-08-24 11:11:56.680 T:11652   debug <general>:   Sample Format : AE_FMT_FLOAT
2026-08-24 11:11:56.680 T:11652   debug <general>:   Channel Count : 2
2026-08-24 11:11:56.680 T:11652   debug <general>:   Channel Layout: FL, FR
2026-08-24 11:11:56.680 T:11652   debug <general>:   Frames        : 882
2026-08-24 11:11:56.680 T:11652   debug <general>:   Frame Size    : 8
2026-08-24 11:11:56.681 T:12404 warning <general>: CActiveAE::ActiveAE::CActiveAE::StateMachine - signal: 0 from port: OutputControlPort not handled for state: 7
2026-08-24 11:11:56.681 T:10408    info <general>: Skipped 1 duplicate messages..
2026-08-24 11:11:56.681 T:10408    info <general>: CLangInfo: loading resource.language.en_gb language information...
2026-08-24 11:11:56.756 T:5604    debug <general>: CIRServerSuite::Connect: connecting to: 127.0.0.1:24000 ...
2026-08-24 11:11:56.885 T:11652   debug <general>: CAESinkDirectSound::CheckPlayStatus: Resuming Playback
2026-08-24 11:11:56.906 T:10408   debug <general>: trying to set locale to en-us
2026-08-24 11:11:56.970 T:10408    info <general>: global locale set to en-us
2026-08-24 11:11:56.970 T:10408    info <general>: CLangInfo: loading resource.language.en_gb language strings...
2026-08-24 11:11:56.974 T:10408   debug <general>: POParser: PO file has Win Style Line Endings. Converted in memory to Linux LF for file: resource://resource.language.en_gb/strings.po
2026-08-24 11:11:56.983 T:10408   debug <general>: LocalizeStrings: loaded 4428 strings from file resource://resource.language.en_gb/strings.po
2026-08-24 11:11:56.987 T:10408   debug <general>: POParser: PO file has Win Style Line Endings. Converted in memory to Linux LF for file: C:\Program Files\Kodi\addons\audioencoder.kodi.builtin.aac\resources\language\resource.language.en_gb\strings.po
2026-08-24 11:11:56.988 T:10408   debug <general>: LocalizeStrings: loaded 3 strings from file C:\Program Files\Kodi\addons\audioencoder.kodi.builtin.aac\resources\language\resource.language.en_gb\strings.po
2026-08-24 11:11:56.991 T:10408   debug <general>: POParser: PO file has Win Style Line Endings. Converted in memory to Linux LF for file: C:\Program Files\Kodi\addons\audioencoder.kodi.builtin.wma\resources\language\resource.language.en_gb\strings.po
2026-08-24 11:11:56.991 T:10408   debug <general>: LocalizeStrings: loaded 3 strings from file C:\Program Files\Kodi\addons\audioencoder.kodi.builtin.wma\resources\language\resource.language.en_gb\strings.po
2026-08-24 11:11:56.997 T:10408   debug <general>: POParser: PO file has Win Style Line Endings. Converted in memory to Linux LF for file: C:\Program Files\Kodi\addons\game.controller.default\resources\language\resource.language.en_gb\strings.po
2026-08-24 11:11:56.997 T:10408   debug <general>: LocalizeStrings: loaded 18 strings from file C:\Program Files\Kodi\addons\game.controller.default\resources\language\resource.language.en_gb\strings.po
2026-08-24 11:11:57.001 T:10408   debug <general>: POParser: PO file has Win Style Line Endings. Converted in memory to Linux LF for file: C:\Program Files\Kodi\addons\game.controller.keyboard\resources\language\resource.language.en_gb\strings.po
2026-08-24 11:11:57.001 T:10408   debug <general>: LocalizeStrings: loaded 141 strings from file C:\Program Files\Kodi\addons\game.controller.keyboard\resources\language\resource.language.en_gb\strings.po
2026-08-24 11:11:57.006 T:10408   debug <general>: POParser: PO file has Win Style Line Endings. Converted in memory to Linux LF for file: C:\Program Files\Kodi\addons\game.controller.mouse\resources\language\resource.language.en_gb\strings.po
2026-08-24 11:11:57.006 T:10408   debug <general>: LocalizeStrings: loaded 11 strings from file C:\Program Files\Kodi\addons\game.controller.mouse\resources\language\resource.language.en_gb\strings.po
2026-08-24 11:11:57.010 T:10408   debug <general>: POParser: PO file has Win Style Line Endings. Converted in memory to Linux LF for file: C:\Program Files\Kodi\addons\game.controller.snes\resources\language\resource.language.en_gb\strings.po
2026-08-24 11:11:57.010 T:10408   debug <general>: LocalizeStrings: loaded 13 strings from file C:\Program Files\Kodi\addons\game.controller.snes\resources\language\resource.language.en_gb\strings.po
2026-08-24 11:11:57.015 T:10408   debug <general>: POParser: PO file has Win Style Line Endings. Converted in memory to Linux LF for file: C:\Users\mj\AppData\Roaming\Kodi\addons\inputstream.adaptive\resources\language\resource.language.en_gb\strings.po
2026-08-24 11:11:57.015 T:10408   debug <general>: LocalizeStrings: loaded 60 strings from file C:\Users\mj\AppData\Roaming\Kodi\addons\inputstream.adaptive\resources\language\resource.language.en_gb\strings.po
2026-08-24 11:11:57.020 T:10408   debug <general>: LocalizeStrings: loaded 17 strings from file C:\Users\mj\AppData\Roaming\Kodi\addons\metadata.album.universal\resources\language\resource.language.en_gb\strings.po
2026-08-24 11:11:57.026 T:10408   debug <general>: LocalizeStrings: loaded 32 strings from file C:\Users\mj\AppData\Roaming\Kodi\addons\metadata.artists.universal\resources\language\resource.language.en_gb\strings.po
2026-08-24 11:11:57.031 T:10408   debug <general>: LocalizeStrings: loaded 17 strings from file C:\Users\mj\AppData\Roaming\Kodi\addons\metadata.generic.albums\resources\language\resource.language.en_gb\strings.po
2026-08-24 11:11:57.035 T:10408   debug <general>: POParser: PO file has Win Style Line Endings. Converted in memory to Linux LF for file: C:\Program Files\Kodi\addons\metadata.generic.artists\resources\language\resource.language.en_gb\strings.po
2026-08-24 11:11:57.035 T:10408   debug <general>: LocalizeStrings: loaded 15 strings from file C:\Program Files\Kodi\addons\metadata.generic.artists\resources\language\resource.language.en_gb\strings.po
2026-08-24 11:11:57.040 T:10408   debug <general>: LocalizeStrings: loaded 24 strings from file C:\Users\mj\AppData\Roaming\Kodi\addons\metadata.themoviedb.org.python\resources\language\resource.language.en_gb\strings.po
2026-08-24 11:11:57.045 T:10408   debug <general>: LocalizeStrings: loaded 35 strings from file C:\Users\mj\AppData\Roaming\Kodi\addons\metadata.tvshows.themoviedb.org.python\resources\language\resource.language.en_gb\strings.po
2026-08-24 11:11:57.049 T:10408   debug <general>: LocalizeStrings: loaded 9 strings from file C:\Program Files\Kodi\addons\peripheral.joystick\resources\language\resource.language.en_gb\strings.po
2026-08-24 11:11:57.050 T:10408   debug <general>: POParser: PO file has Win Style Line Endings. Converted in memory to Linux LF for file: C:\Users\mj\AppData\Roaming\Kodi\addons\plugin.video.moviehub\resources\language\resource.language.en_gb\strings.po
2026-08-24 11:11:57.050 T:10408   error <general>: POParser: unable to read PO file header from file: C:\Users\mj\AppData\Roaming\Kodi\addons\plugin.video.moviehub\resources\language\resource.language.en_gb\strings.po
2026-08-24 11:11:57.055 T:10408   debug <general>: LocalizeStrings: loaded 370 strings from file C:\Users\mj\AppData\Roaming\Kodi\addons\plugin.video.youtube\resources\language\resource.language.en_gb\strings.po
2026-08-24 11:11:57.057 T:10408   debug <general>: POParser: PO file has Win Style Line Endings. Converted in memory to Linux LF for file: C:\Program Files\Kodi\addons\repository.xbmc.org\resources\language\resource.language.en_gb\strings.po
2026-08-24 11:11:57.057 T:10408   debug <general>: LocalizeStrings: loaded 0 strings from file C:\Program Files\Kodi\addons\repository.xbmc.org\resources\language\resource.language.en_gb\strings.po
2026-08-24 11:11:57.061 T:10408   debug <general>: POParser: PO file has Win Style Line Endings. Converted in memory to Linux LF for file: C:\Program Files\Kodi\addons\screensaver.xbmc.builtin.dim\resources\language\resource.language.en_gb\strings.po
2026-08-24 11:11:57.061 T:10408   debug <general>: LocalizeStrings: loaded 3 strings from file C:\Program Files\Kodi\addons\screensaver.xbmc.builtin.dim\resources\language\resource.language.en_gb\strings.po
2026-08-24 11:11:57.065 T:10408   debug <general>: LocalizeStrings: loaded 22 strings from file C:\Users\mj\AppData\Roaming\Kodi\addons\service.xbmc.versioncheck\resources\language\resource.language.en_gb\strings.po
2026-08-24 11:11:57.066 T:9440    debug <general>: Thread JobWorker start, auto delete: true
2026-08-24 11:11:57.066 T:9440    debug <general>: CDatabaseManager::Initialize, updating databases...
2026-08-24 11:11:57.067 T:9440     info <general>: Running database version Addons33
2026-08-24 11:11:57.068 T:9440     info <general>: Running database version ViewModes6
2026-08-24 11:11:57.069 T:9440     info <general>: Running database version Textures13
2026-08-24 11:11:57.075 T:9440     info <general>: Running database version MyMusic83
2026-08-24 11:11:57.078 T:9440     info <general>: Running database version MyVideos131
2026-08-24 11:11:57.081 T:9440     info <general>: Running database version TV46
2026-08-24 11:11:57.084 T:9440     info <general>: Running database version Epg16
2026-08-24 11:11:57.084 T:9440    debug <general>: CDatabaseManager::Initialize, updating databases... DONE
2026-08-24 11:11:57.126 T:10408    info <general>: Unloaded skin
2026-08-24 11:11:57.149 T:10408    info <general>:   load skin from: C:\Program Files\Kodi\addons\skin.estuary\ (version: 4.0.0)
2026-08-24 11:11:57.149 T:10408    info <general>:   load fonts for skin...
2026-08-24 11:11:57.154 T:10408    info <general>: Loading skin includes from C:\Program Files\Kodi\addons\skin.estuary\xml\Includes.xml
2026-08-24 11:11:57.223 T:10408    info <general>: GUIFontManager::LoadFontsFromFile: Loading <fontset> with name 'Default' from 'C:\Program Files\Kodi\addons\skin.estuary\xml\Font.xml'
2026-08-24 11:11:57.247 T:10408   debug <general>: POParser: PO file has Win Style Line Endings. Converted in memory to Linux LF for file: C:\Program Files\Kodi\addons\skin.estuary\language\resource.language.en_gb\strings.po
2026-08-24 11:11:57.247 T:10408   debug <general>: LocalizeStrings: loaded 166 strings from file C:\Program Files\Kodi\addons\skin.estuary\language\resource.language.en_gb\strings.po
2026-08-24 11:11:57.247 T:10408    info <general>: ADDON::CSkinInfo::LoadTimers: Trying to load skin timers from C:\Program Files\Kodi\addons\skin.estuary\xml\Timers.xml
2026-08-24 11:11:57.248 T:10408    info <general>:   load new skin...
2026-08-24 11:11:57.249 T:10408    info <general>: Loading custom window XMLs from skin path C:\Program Files\Kodi\addons\skin.estuary\xml
2026-08-24 11:11:57.263 T:10408   debug <general>: Load Skin XML: 15.00 ms
2026-08-24 11:11:57.263 T:10408    info <general>:   initialize new skin...
2026-08-24 11:11:57.264 T:10408   debug <general>: guilib: Fill viewport on change for solving rendering passes
2026-08-24 11:11:57.264 T:10408    info <general>: Loading skin file: DialogBusy.xml, load type: LOAD_ON_GUI_INIT
2026-08-24 11:11:57.266 T:10408    info <general>: Loading skin file: Pointer.xml, load type: LOAD_ON_GUI_INIT
2026-08-24 11:11:57.270 T:10408   debug <general>: CTextureBundleXBT::OpenBundle - Opened bundle C:\Program Files\Kodi\addons\skin.estuary\media\Textures.xbt
2026-08-24 11:11:57.270 T:10408    info <general>: Loading skin file: DialogVolumeBar.xml, load type: LOAD_ON_GUI_INIT
2026-08-24 11:11:57.272 T:10408    info <general>: Loading skin file: DialogExtendedProgressBar.xml, load type: LOAD_ON_GUI_INIT
2026-08-24 11:11:57.275 T:10408    info <general>: Loading skin file: DialogSeekBar.xml, load type: LOAD_ON_GUI_INIT
2026-08-24 11:11:57.286 T:10408    info <general>: Loading skin file: DialogNotification.xml, load type: LOAD_ON_GUI_INIT
2026-08-24 11:11:57.288 T:10408    info <general>: Loading skin file: DialogBusy.xml, load type: LOAD_ON_GUI_INIT
2026-08-24 11:11:57.288 T:10408    info <general>: Loading skin file: Custom_1109_TopBarOverlay.xml, load type: LOAD_ON_GUI_INIT
2026-08-24 11:11:57.294 T:10408    info <general>: Loading resource://resource.uisounds.kodi/sounds.xml
2026-08-24 11:11:57.329 T:10408    info <general>:   skin loaded...
2026-08-24 11:11:57.329 T:10408   debug <general>: Activating window ID: 12997
2026-08-24 11:11:57.329 T:10408   debug <general>: ------ Window Init () ------
2026-08-24 11:11:57.330 T:10408   debug <general>: Activating window ID: 12999
2026-08-24 11:11:57.330 T:10408   debug <general>: ------ Window Init (Startup.xml) ------
2026-08-24 11:11:57.330 T:10408    info <general>: Loading skin file: Startup.xml, load type: LOAD_EVERY_TIME
2026-08-24 11:11:57.331 T:10408   debug <general>: Activating window ID: 10000
2026-08-24 11:11:57.331 T:10408   debug <general>: ------ Window Deinit (Startup.xml) ------
2026-08-24 11:11:57.331 T:10408   debug <general>: ------ Window Init (Home.xml) ------
2026-08-24 11:11:57.331 T:10408    info <general>: Loading skin file: Home.xml, load type: KEEP_IN_MEMORY
2026-08-24 11:11:57.380 T:10408   debug <general>: CDirectoryProvider[addons://]: refreshing..
2026-08-24 11:11:57.380 T:10408   debug <general>: CDirectoryProvider[addons://sources/video/]: refreshing..
2026-08-24 11:11:57.380 T:14468   debug <general>: Thread JobWorker start, auto delete: true
2026-08-24 11:11:57.380 T:10408   debug <general>: CDirectoryProvider[addons://sources/audio/]: refreshing..
2026-08-24 11:11:57.381 T:10552   debug <general>: Thread JobWorker start, auto delete: true
2026-08-24 11:11:57.381 T:10408   debug <general>: CDirectoryProvider[addons://sources/game/]: refreshing..
2026-08-24 11:11:57.381 T:10408   debug <general>: CDirectoryProvider[addons://sources/executable/]: refreshing..
2026-08-24 11:11:57.381 T:10408   debug <general>: CDirectoryProvider[addons://sources/image/]: refreshing..
2026-08-24 11:11:57.381 T:10408   debug <general>: CDirectoryProvider[library://video/]: refreshing..
2026-08-24 11:11:57.381 T:10408   debug <general>: CDirectoryProvider[sources://video/]: refreshing..
2026-08-24 11:11:57.381 T:10408   debug <general>: CDirectoryProvider[special://videoplaylists/]: refreshing..
2026-08-24 11:11:57.381 T:10408   debug <general>: CDirectoryProvider[favourites://]: refreshing..
2026-08-24 11:11:57.381 T:9440    debug <general>: CAddonDatabase: SELECT repo.id FROM repo .. took 0 ms
2026-08-24 11:11:57.381 T:10408   debug <general>: CDirectoryProvider[sources://pictures/]: refreshing..
2026-08-24 11:11:57.381 T:10408   debug <general>: CDirectoryProvider[addons://sources/game/]: refreshing..
2026-08-24 11:11:57.394 T:14468   debug <general>: CMultiPathDirectory::GetDirectory(multipath://special%3a%2f%2fprofile%2fplaylists%2fvideo/special%3a%2f%2fprofile%2fplaylists%2fmixed/)
2026-08-24 11:11:57.395 T:14468   debug <general>: Getting Directory (special://profile/playlists/video)
2026-08-24 11:11:57.395 T:10408   debug <general>: JSONRPC: JSON schema type definition references an unknown type Setting.Details.Setting
2026-08-24 11:11:57.395 T:10408 warning <general>: JSONRPC: Could not parse type "Setting.Details.SettingList"
2026-08-24 11:11:57.395 T:10408    info <general>: JSONRPC: Adding type "Setting.Details.SettingList" to list of incomplete definitions (waiting for "Setting.Details.Setting")
2026-08-24 11:11:57.395 T:10408    info <general>: JSONRPC: Resolving incomplete types/methods referencing Setting.Details.Setting
2026-08-24 11:11:57.395 T:14468   debug <general>: Getting Directory (special://profile/playlists/mixed)
2026-08-24 11:11:57.396 T:14468   debug <general>: CMultiPathDirectory::MergeItems, items = 0
2026-08-24 11:11:57.398 T:14468   debug <general>: CRecentlyAddedJob::UpdateMusic() - Running RecentlyAdded home screen update
2026-08-24 11:11:57.406 T:14468   debug <general>: GetRecentlyAddedAlbumSongs() query: SELECT songview.*, songartistview.* FROM (SELECT idAlbum, dateAdded FROM album ORDER BY dateAdded DESC LIMIT 10) AS recentalbums JOIN songview ON songview.idAlbum = recentalbums.idAlbum JOIN songartistview ON songview.idSong = songartistview.idSong ORDER BY recentalbums.dateAdded DESC, songview.idAlbum DESC, songview.idSong, songartistview.idRole, songartistview.iOrder 
2026-08-24 11:11:57.406 T:9440    debug <general>: CAddonDatabase: query  SELECT addons.*, repo.addonID AS repoID FROM addons JOIN addonlinkrepo ON addons.id=addonlinkrepo.idAddon JOIN repo ON repo.id=addonlinkrepo.idRepo WHERE addonlinkrepo.idRepo IN (1) ORDER BY repo.addonID, addons.addonID returned 1057 rows in 24 ms
2026-08-24 11:11:57.408 T:14468   debug <general>: CMusicDatabase::GetRecentlyAddedAlbums query: SELECT albumview.*, albumartistview.* FROM (SELECT idAlbum FROM album WHERE strAlbum != '' ORDER BY dateAdded DESC LIMIT 10) AS recentalbums JOIN albumview ON albumview.idAlbum = recentalbums.idAlbum JOIN albumartistview ON albumview.idAlbum = albumartistview.idAlbum ORDER BY dateAdded DESC, albumview.idAlbum desc, albumartistview.iOrder 
2026-08-24 11:11:57.410 T:14468   debug <general>: CRecentlyAddedJob::UpdateVideos() - Running RecentlyAdded home screen update
2026-08-24 11:11:57.412 T:10408    info <general>: JSONRPC v13.5.0: Successfully initialized
2026-08-24 11:11:57.422 T:14468   debug <general>: CRecentlyAddedJob::UpdateTotal() - Running RecentlyAdded home screen update
2026-08-24 11:11:57.442 T:10408   debug <general>: PERIPHERALS::CPeripherals::LoadMappings: loaded node "Motorola Nyxboard Hybrid"
2026-08-24 11:11:57.443 T:10408   debug <general>: PERIPHERALS::CPeripherals::LoadMappings: loaded node "CEC Adapter"
2026-08-24 11:11:57.443 T:10408   debug <general>: PERIPHERALS::CPeripherals::LoadMappings: loaded node "Pulse-Eight CEC Adapter"
2026-08-24 11:11:57.443 T:10408   debug <general>: PERIPHERALS::CPeripherals::LoadMappings: loaded node "iMON HID device"
2026-08-24 11:11:57.443 T:10408   debug <general>: PERIPHERALS::CPeripherals::LoadMappings: loaded node "WETEK Play remote"
2026-08-24 11:11:57.443 T:10408   debug <general>: PERIPHERALS::CPeripherals::LoadMappings: loaded node "OSMC RF Remote"
2026-08-24 11:11:57.443 T:10408    info <general>: Skipped 1 duplicate messages..
2026-08-24 11:11:57.443 T:10408   debug <general>: PERIPHERALS::CPeripherals::LoadMappings: loaded node "joystick"
2026-08-24 11:11:57.443 T:10408   debug <general>: PERIPHERALS::CPeripherals::LoadMappings: loaded node "keyboard"
2026-08-24 11:11:57.443 T:10408   debug <general>: PERIPHERALS::CPeripherals::LoadMappings: loaded node "mouse"
2026-08-24 11:11:57.447 T:10408   debug <general>: Add-on bus: Registering add-on peripheral.joystick
2026-08-24 11:11:57.448 T:10408   debug <general>: PERIPHERAL - PERIPHERALS::CPeripheralAddon::CreateAddon - creating peripheral add-on instance 'Joystick Support'
2026-08-24 11:11:57.448 T:10408   debug <general>: ADDON: Dll Initializing - Joystick Support
2026-08-24 11:11:57.448 T:10408   debug <general>: SECTION:LoadDLL(C:\Program Files\Kodi\addons\peripheral.joystick\peripheral.joystick.dll)
2026-08-24 11:11:57.462 T:10408   debug <general>: AddOnLog: peripheral.joystick: Loaded 14 joystick families with 102 total joysticks
2026-08-24 11:11:57.462 T:10408   debug <general>: Calling TransferSettings for: Joystick Support
2026-08-24 11:11:57.463 T:10408    info <general>: AddOnLog: peripheral.joystick: Enabling joystick interface "xinput"
2026-08-24 11:11:57.463 T:10408   debug <general>: AddOnLog: peripheral.joystick: Attempting to load XInput1_4.dll...
2026-08-24 11:11:57.467 T:10408   debug <general>: AddOnLog: peripheral.joystick: Loaded XInput DLL version 1.4
2026-08-24 11:11:57.468 T:10408   debug <general>: AddOnLog: peripheral.joystick: Loaded XInput symbols (GetState=0000000000000000, GetStateEx=00007FFB19849BD0, SetState=00007FFB19849FA0, GetCaps=00007FFB198495B0, GetBatteryInformation=00007FFB19849360, PowerOff=00007FFB19849E30)
2026-08-24 11:11:57.468 T:10408    info <general>: AddOnLog: peripheral.joystick: Enabling joystick interface "directinput"
2026-08-24 11:11:57.468 T:6444    debug <general>: Thread PeripBusUSB start, auto delete: false
2026-08-24 11:11:57.469 T:14632   debug <general>: Thread PeripBusCEC start, auto delete: false
2026-08-24 11:11:57.470 T:2936    debug <general>: Thread PeripBusAddon start, auto delete: false
2026-08-24 11:11:57.470 T:10408   debug <general>: PERIPHERALS::CPeripherals::GetMappingForDevice - device (0000:0000) mapped to keyboard (type = keyboard)
2026-08-24 11:11:57.471 T:10408   debug <general>: PERIPHERALS::CPeripheral::Initialise - initialised peripheral on 'keyboard' with 1 features and 0 sub devices
2026-08-24 11:11:57.471 T:10408    info <general>: PERIPHERALS::CPeripheralBus::Register - new keyboard device registered on application->keyboard: Keyboard (0000:0000)
2026-08-24 11:11:57.471 T:10408   debug <general>: PERIPHERALS::CPeripherals::GetMappingForDevice - device (0000:0000) mapped to mouse (type = mouse)
2026-08-24 11:11:57.471 T:10408   debug <general>: PERIPHERALS::CPeripheral::Initialise - initialised peripheral on 'mouse' with 1 features and 0 sub devices
2026-08-24 11:11:57.471 T:10408    info <general>: PERIPHERALS::CPeripheralBus::Register - new mouse device registered on application->mouse: Mouse (0000:0000)
2026-08-24 11:11:57.474 T:8616    debug <general>: Thread PeripEventScan start, auto delete: false
2026-08-24 11:11:57.475 T:10408   debug <general>: ContextMenuManager: addon menus reloaded.
2026-08-24 11:11:57.475 T:10408    info <general>: Loading player core factory settings from special://xbmc/system/playercorefactory.xml.
2026-08-24 11:11:57.476 T:10408   debug <general>: CPlayerCoreConfig::<ctor>: created player VideoPlayer
2026-08-24 11:11:57.476 T:10408   debug <general>: CPlayerCoreConfig::<ctor>: created player PAPlayer
2026-08-24 11:11:57.476 T:10408   debug <general>: CPlayerCoreConfig::<ctor>: created player RetroPlayer
2026-08-24 11:11:57.476 T:10408   debug <general>: CPlayerSelectionRule::Initialize: creating rule: system rules
2026-08-24 11:11:57.476 T:10408   debug <general>: CPlayerSelectionRule::Initialize: creating rule: mms/udp
2026-08-24 11:11:57.476 T:10408   debug <general>: CPlayerSelectionRule::Initialize: creating rule: lastfm/shout
2026-08-24 11:11:57.477 T:10408   debug <general>: CPlayerSelectionRule::Initialize: creating rule: rtmp
2026-08-24 11:11:57.477 T:10408   debug <general>: CPlayerSelectionRule::Initialize: creating rule: rtsp
2026-08-24 11:11:57.477 T:10408   debug <general>: CPlayerSelectionRule::Initialize: creating rule: streams
2026-08-24 11:11:57.477 T:10408   debug <general>: CPlayerSelectionRule::Initialize: creating rule: aacp/sdp
2026-08-24 11:11:57.477 T:10408   debug <general>: CPlayerSelectionRule::Initialize: creating rule: mp2
2026-08-24 11:11:57.477 T:10408   debug <general>: CPlayerSelectionRule::Initialize: creating rule: dvd
2026-08-24 11:11:57.477 T:10408   debug <general>: CPlayerSelectionRule::Initialize: creating rule: discimage
2026-08-24 11:11:57.477 T:10408   debug <general>: CPlayerSelectionRule::Initialize: creating rule: sdp/asf
2026-08-24 11:11:57.477 T:10408   debug <general>: CPlayerSelectionRule::Initialize: creating rule: nsv
2026-08-24 11:11:57.477 T:10408   debug <general>: CPlayerSelectionRule::Initialize: creating rule: radio
2026-08-24 11:11:57.477 T:10408    info <general>: Loaded playercorefactory configuration
2026-08-24 11:11:57.477 T:10408    info <general>: Loading player core factory settings from special://masterprofile/playercorefactory.xml.
2026-08-24 11:11:57.477 T:10408    info <general>: special://masterprofile/playercorefactory.xml does not exist. Skipping.
2026-08-24 11:11:57.477 T:10408    info <general>: removing tempfiles
2026-08-24 11:11:57.480 T:10408   debug <general>: CRepositoryUpdater: checking in 1ms
2026-08-24 11:11:57.481 T:13940   debug <general>: Thread Timer start, auto delete: false
2026-08-24 11:11:57.481 T:10408   debug <general>: CServiceAddonManager: starting plugin.video.youtube
2026-08-24 11:11:57.487 T:13940   debug <general>: CRepositoryUpdater: running scheduled update
2026-08-24 11:11:57.488 T:13940   debug <general>: Thread Timer 13940 terminating
2026-08-24 11:11:57.488 T:12624   debug <general>: Thread LanguageInvoker start, auto delete: false
2026-08-24 11:11:57.489 T:10408   debug <general>: CServiceAddonManager: starting service.xbmc.versioncheck
2026-08-24 11:11:57.489 T:12624   debug <general>: initializing python engine.
2026-08-24 11:11:57.490 T:5336    debug <general>: Thread LanguageInvoker start, auto delete: false
2026-08-24 11:11:57.490 T:10408    info <general>: initialize done
2026-08-24 11:11:57.490 T:5336    debug <general>: initializing python engine.
2026-08-24 11:11:57.491 T:10408    info <general>: Running the application...
2026-08-24 11:11:57.492 T:10408   debug <general>: CNetworkBase::NetworkMessage - Starting network services
2026-08-24 11:11:57.492 T:14468   debug <general>: CRepositoryUpdateJob[repository.moviehub] checking for updates.
2026-08-24 11:11:57.492 T:10552   debug <general>: CRepositoryUpdateJob[repository.xbmc.org] checking for updates.
2026-08-24 11:11:57.492 T:13868   debug <general>: Thread EventServer start, auto delete: false
2026-08-24 11:11:57.493 T:13868    info <general>: ES: Starting UDP Event server on port 9777
2026-08-24 11:11:57.493 T:13868    info <general>: UDP: Listening on port 9777 (ipv6 : false)
2026-08-24 11:11:57.494 T:10408    info <general>: JSONRPC Server: Successfully initialized
2026-08-24 11:11:57.494 T:10076   debug <general>: Thread TCPServer start, auto delete: false
2026-08-24 11:11:57.499 T:14468   debug <general>: CurlFile::XFILE::CCurlFile::Open - <https://jmadhavp.github.io/mhubs/addons.xml.md5>
2026-08-24 11:11:57.499 T:14468   debug <general>: XCURL::DllLibCurlGlobal::easy_acquire - Created session to https://jmadhavp.github.io
2026-08-24 11:11:57.502 T:10552   debug <general>: CurlFile::XFILE::CCurlFile::Open - <https://mirrors.kodi.tv/addons/omega/addons.xml.gz?sha256>
2026-08-24 11:11:57.502 T:10552   debug <general>: XCURL::DllLibCurlGlobal::easy_acquire - Created session to https://mirrors.kodi.tv
2026-08-24 11:11:57.517 T:10408    info <general>: [WS-Discovery]: Daemon started successfully.
2026-08-24 11:11:57.517 T:10408   debug <general>: CWinSystemWin32::AdjustWindow: adjusting window if required.
2026-08-24 11:11:57.566 T:12624   debug <general>: CPythonInvoker(0, C:\Users\mj\AppData\Roaming\Kodi\addons\plugin.video.youtube\resources\lib\service.py): start processing
2026-08-24 11:11:57.566 T:5336    debug <general>: CPythonInvoker(1, C:\Users\mj\AppData\Roaming\Kodi\addons\service.xbmc.versioncheck\resources\lib\runner.py): start processing
2026-08-24 11:11:57.636 T:10408   debug <general>: ------ Window Init () ------
2026-08-24 11:11:57.640 T:10408   debug <general>: ------ Window Init (Pointer.xml) ------
2026-08-24 11:11:57.662 T:12624   debug <general>: -->Python Interpreter Initialized<--
2026-08-24 11:11:57.662 T:12624   debug <general>: 
                                                   
2026-08-24 11:11:57.662 T:12624   debug <general>: CPythonInvoker(0, C:\Users\mj\AppData\Roaming\Kodi\addons\plugin.video.youtube\resources\lib\service.py): the source file to load is "C:\Users\mj\AppData\Roaming\Kodi\addons\plugin.video.youtube\resources\lib\service.py"
2026-08-24 11:11:57.662 T:12624   debug <general>: CPythonInvoker(0): full python path:
2026-08-24 11:11:57.662 T:12624   debug <general>: CPythonInvoker(0):   custom python path:
2026-08-24 11:11:57.662 T:12624   debug <general>: CPythonInvoker(0):     C:\Users\mj\AppData\Roaming\Kodi\addons\plugin.video.youtube\resources\lib
2026-08-24 11:11:57.662 T:12624   debug <general>: CPythonInvoker(0):     C:\Users\mj\AppData\Roaming\Kodi\addons\script.module.certifi\lib
2026-08-24 11:11:57.662 T:12624   debug <general>: CPythonInvoker(0):     C:\Users\mj\AppData\Roaming\Kodi\addons\script.module.chardet\lib
2026-08-24 11:11:57.662 T:12624   debug <general>: CPythonInvoker(0):     C:\Users\mj\AppData\Roaming\Kodi\addons\script.module.idna\lib
2026-08-24 11:11:57.662 T:12624   debug <general>: CPythonInvoker(0):     C:\Users\mj\AppData\Roaming\Kodi\addons\script.module.requests\lib
2026-08-24 11:11:57.662 T:12624   debug <general>: CPythonInvoker(0):     C:\Users\mj\AppData\Roaming\Kodi\addons\script.module.urllib3\lib
2026-08-24 11:11:57.662 T:12624   debug <general>: CPythonInvoker(0):   default python path:
2026-08-24 11:11:57.662 T:12624   debug <general>: CPythonInvoker(0):     C:\Program Files\Kodi\system\python\DLLs
2026-08-24 11:11:57.663 T:12624   debug <general>: CPythonInvoker(0):     C:\Program Files\Kodi\system\python\Lib
2026-08-24 11:11:57.663 T:12624   debug <general>: CPythonInvoker(0):     C:\Program Files\Kodi\system\python\Lib\site-packages
2026-08-24 11:11:57.663 T:12624   debug <general>: CPythonInvoker(0): adding args:
2026-08-24 11:11:57.663 T:12624   debug <general>: CPythonInvoker(0):  
2026-08-24 11:11:57.663 T:12624   debug <general>: CPythonInvoker(0, C:\Users\mj\AppData\Roaming\Kodi\addons\plugin.video.youtube\resources\lib\service.py): entering source directory C:\Users\mj\AppData\Roaming\Kodi\addons\plugin.video.youtube\resources\lib
2026-08-24 11:11:57.664 T:5336    debug <general>: -->Python Interpreter Initialized<--
2026-08-24 11:11:57.664 T:5336    debug <general>: 
                                                   
2026-08-24 11:11:57.664 T:5336    debug <general>: CPythonInvoker(1, C:\Users\mj\AppData\Roaming\Kodi\addons\service.xbmc.versioncheck\resources\lib\runner.py): the source file to load is "C:\Users\mj\AppData\Roaming\Kodi\addons\service.xbmc.versioncheck\resources\lib\runner.py"
2026-08-24 11:11:57.664 T:5336    debug <general>: CPythonInvoker(1): full python path:
2026-08-24 11:11:57.664 T:5336    debug <general>: CPythonInvoker(1):   custom python path:
2026-08-24 11:11:57.664 T:5336    debug <general>: CPythonInvoker(1):     C:\Users\mj\AppData\Roaming\Kodi\addons\service.xbmc.versioncheck\resources\lib
2026-08-24 11:11:57.664 T:5336    debug <general>: CPythonInvoker(1):   default python path:
2026-08-24 11:11:57.664 T:5336    debug <general>: CPythonInvoker(1):     C:\Program Files\Kodi\system\python\DLLs
2026-08-24 11:11:57.664 T:5336    debug <general>: CPythonInvoker(1):     C:\Program Files\Kodi\system\python\Lib
2026-08-24 11:11:57.664 T:5336    debug <general>: CPythonInvoker(1):     C:\Program Files\Kodi\system\python\Lib\site-packages
2026-08-24 11:11:57.664 T:5336    debug <general>: CPythonInvoker(1): adding args:
2026-08-24 11:11:57.665 T:5336    debug <general>: CPythonInvoker(1):  
2026-08-24 11:11:57.665 T:5336    debug <general>: CPythonInvoker(1, C:\Users\mj\AppData\Roaming\Kodi\addons\service.xbmc.versioncheck\resources\lib\runner.py): entering source directory C:\Users\mj\AppData\Roaming\Kodi\addons\service.xbmc.versioncheck\resources\lib
2026-08-24 11:11:57.665 T:12624   debug <general>: CPythonInvoker(0, C:\Users\mj\AppData\Roaming\Kodi\addons\plugin.video.youtube\resources\lib\service.py): instantiating addon using automatically obtained id of "plugin.video.youtube" dependent on version 3.0.0 of the xbmc.python api
2026-08-24 11:11:57.666 T:5336    debug <general>: CPythonInvoker(1, C:\Users\mj\AppData\Roaming\Kodi\addons\service.xbmc.versioncheck\resources\lib\runner.py): instantiating addon using automatically obtained id of "service.xbmc.versioncheck" dependent on version 3.0.0 of the xbmc.python api
2026-08-24 11:11:57.693 T:9440    debug <general>: CAddonDatabase::GetAddons took 311 ms
2026-08-24 11:11:57.708 T:9440    debug <general>: CAddonMgr::GetAvailableUpdatesOrOutdatedAddons took 328 ms
2026-08-24 11:11:57.944 T:14468   debug <general>: CurlFile::XFILE::CCurlFile::Open - <https://jmadhavp.github.io/mhubs/addons.xml>
2026-08-24 11:11:58.035 T:5336    debug <general>: Version Check: Version 0.5.30+matrix.1 started
2026-08-24 11:11:58.418 T:10552   debug <general>: CRepositoryUpdateJob[repository.xbmc.org] checksum not changed.
2026-08-24 11:11:58.419 T:10552   debug <general>: CRepositoryUpdater: done.
2026-08-24 11:11:58.421 T:10552   debug <general>: CAddonDatabase: SELECT repo.id FROM repo .. took 0 ms
2026-08-24 11:11:58.442 T:10552   debug <general>: CAddonDatabase: query  SELECT addons.*, repo.addonID AS repoID FROM addons JOIN addonlinkrepo ON addons.id=addonlinkrepo.idAddon JOIN repo ON repo.id=addonlinkrepo.idRepo WHERE addonlinkrepo.idRepo IN (1,2) ORDER BY repo.addonID, addons.addonID returned 1059 rows in 21 ms
2026-08-24 11:11:58.542 T:10552   debug <general>: CAddonDatabase::GetAddons took 121 ms
2026-08-24 11:11:58.551 T:10552   debug <general>: CAddonMgr::GetAvailableUpdatesOrOutdatedAddons took 131 ms
2026-08-24 11:11:58.561 T:10552   debug <general>: CAddonDatabase: SELECT repo.id FROM repo .. took 0 ms
2026-08-24 11:11:58.589 T:10552   debug <general>: CAddonDatabase: query  SELECT addons.*, repo.addonID AS repoID FROM addons JOIN addonlinkrepo ON addons.id=addonlinkrepo.idAddon JOIN repo ON repo.id=addonlinkrepo.idRepo WHERE addonlinkrepo.idRepo IN (1,2) ORDER BY repo.addonID, addons.addonID returned 1059 rows in 27 ms
2026-08-24 11:11:58.715 T:10552   debug <general>: CAddonDatabase::GetAddons took 153 ms
2026-08-24 11:11:58.724 T:10552   debug <general>: CAddonMgr::GetAvailableUpdatesOrOutdatedAddons took 164 ms
2026-08-24 11:11:58.740 T:10552   debug <general>: CRepositoryUpdater: closest next update check at 08/24/2026 5:11:58 PM (in 21599s)
2026-08-24 11:11:58.740 T:10552   debug <general>: CRepositoryUpdater: checking in 21599000ms
2026-08-24 11:11:58.741 T:10416   debug <general>: Thread Timer start, auto delete: false
2026-08-24 11:11:58.774 T:5604    debug <general>: CIRServerSuite::Connect: failed to connect
2026-08-24 11:11:58.774 T:5604     info <general>: CIRServerSuite::Process: failed to connect to irss, will keep retrying every 5 seconds
2026-08-24 11:11:58.982 T:10408   debug <general>: Keyboard: scancode: 0x150, sym: 0x112 (down), unicode: 0x00, modifier: 0x0
2026-08-24 11:11:58.983 T:10408    info <general>: Loading controller layout: C:\Program Files\Kodi\addons\game.controller.keyboard\resources\layout.xml
2026-08-24 11:11:58.985 T:10408   debug <general>: CInputManager::HandleKey: down (0xf081) pressed, window 10000, action is Down
2026-08-24 11:11:58.986 T:10408   debug <general>: ------ Window Deinit (Pointer.xml) ------
2026-08-24 11:11:59.049 T:10408   debug <general>: Keyboard: scancode: 0xc150, sym: 0x112 (down), unicode: 0x00, modifier: 0x0
2026-08-24 11:11:59.132 T:10408   debug <general>: Keyboard: scancode: 0x150, sym: 0x112 (down), unicode: 0x00, modifier: 0x0
2026-08-24 11:11:59.133 T:10408   debug <general>: CInputManager::HandleKey: down (0xf081) pressed, window 10000, action is Down
2026-08-24 11:11:59.216 T:10408   debug <general>: Keyboard: scancode: 0xc150, sym: 0x112 (down), unicode: 0x00, modifier: 0x0
2026-08-24 11:11:59.316 T:10408   debug <general>: Keyboard: scancode: 0x150, sym: 0x112 (down), unicode: 0x00, modifier: 0x0
2026-08-24 11:11:59.316 T:10408   debug <general>: CInputManager::HandleKey: down (0xf081) pressed, window 10000, action is Down
2026-08-24 11:11:59.382 T:10408   debug <general>: Keyboard: scancode: 0xc150, sym: 0x112 (down), unicode: 0x00, modifier: 0x0
2026-08-24 11:11:59.449 T:10408   debug <general>: Keyboard: scancode: 0x150, sym: 0x112 (down), unicode: 0x00, modifier: 0x0
2026-08-24 11:11:59.449 T:10408   debug <general>: CInputManager::HandleKey: down (0xf081) pressed, window 10000, action is Down
2026-08-24 11:11:59.532 T:10408   debug <general>: Keyboard: scancode: 0xc150, sym: 0x112 (down), unicode: 0x00, modifier: 0x0
2026-08-24 11:11:59.582 T:10408   debug <general>: Keyboard: scancode: 0x150, sym: 0x112 (down), unicode: 0x00, modifier: 0x0
2026-08-24 11:11:59.583 T:10408   debug <general>: CInputManager::HandleKey: down (0xf081) pressed, window 10000, action is Down
2026-08-24 11:11:59.682 T:10408   debug <general>: Keyboard: scancode: 0xc150, sym: 0x112 (down), unicode: 0x00, modifier: 0x0
2026-08-24 11:11:59.732 T:10408   debug <general>: Keyboard: scancode: 0x150, sym: 0x112 (down), unicode: 0x00, modifier: 0x0
2026-08-24 11:11:59.733 T:10408   debug <general>: CInputManager::HandleKey: down (0xf081) pressed, window 10000, action is Down
2026-08-24 11:11:59.832 T:10408   debug <general>: Keyboard: scancode: 0xc150, sym: 0x112 (down), unicode: 0x00, modifier: 0x0
2026-08-24 11:11:59.932 T:10408   debug <general>: Keyboard: scancode: 0x150, sym: 0x112 (down), unicode: 0x00, modifier: 0x0
2026-08-24 11:11:59.933 T:10408   debug <general>: CInputManager::HandleKey: down (0xf081) pressed, window 10000, action is Down
2026-08-24 11:11:59.933 T:10408   debug <general>: CDirectoryProvider[addons://sources/game/]: refreshing..
2026-08-24 11:12:00.016 T:10408   debug <general>: Keyboard: scancode: 0xc150, sym: 0x112 (down), unicode: 0x00, modifier: 0x0
2026-08-24 11:12:00.116 T:10408   debug <general>: Keyboard: scancode: 0x150, sym: 0x112 (down), unicode: 0x00, modifier: 0x0
2026-08-24 11:12:00.116 T:10408   debug <general>: CInputManager::HandleKey: down (0xf081) pressed, window 10000, action is Down
2026-08-24 11:12:00.117 T:10408   debug <general>: CDirectoryProvider[addons://sources/video/]: refreshing..
2026-08-24 11:12:00.117 T:10408   debug <general>: CDirectoryProvider[addons://sources/audio/]: refreshing..
2026-08-24 11:12:00.117 T:10408   debug <general>: CDirectoryProvider[addons://sources/game/]: refreshing..
2026-08-24 11:12:00.118 T:10408   debug <general>: CDirectoryProvider[addons://sources/executable/]: refreshing..
2026-08-24 11:12:00.118 T:10408   debug <general>: CDirectoryProvider[addons://sources/image/]: refreshing..
2026-08-24 11:12:00.166 T:10408   debug <general>: Keyboard: scancode: 0xc150, sym: 0x112 (down), unicode: 0x00, modifier: 0x0
2026-08-24 11:12:00.166 T:10408   debug <general>: CDirectoryProvider[addons://]: refreshing..
2026-08-24 11:12:00.175 T:10552   debug <general>: CAddonDatabase: SELECT repo.id FROM repo .. took 0 ms
2026-08-24 11:12:00.239 T:10552   debug <general>: CAddonDatabase: query  SELECT addons.*, repo.addonID AS repoID FROM addons JOIN addonlinkrepo ON addons.id=addonlinkrepo.idAddon JOIN repo ON repo.id=addonlinkrepo.idRepo WHERE addonlinkrepo.idRepo IN (1,2) ORDER BY repo.addonID, addons.addonID returned 1059 rows in 63 ms
2026-08-24 11:12:00.283 T:12624    info <general>: [plugin.video.youtube] service_monitor:364(onSettingsChanged) - Get setting 'youtube.api.key': '' (str, success)
2026-08-24 11:12:00.284 T:12624    info <general>: [plugin.video.youtube] service_monitor:365(onSettingsChanged) - Get setting 'youtube.api.id': '' (str, success)
2026-08-24 11:12:00.284 T:12624    info <general>: [plugin.video.youtube] service_monitor:366(onSettingsChanged) - Get setting 'youtube.api.secret': '' (str, success)
2026-08-24 11:12:00.284 T:12624    info <general>: [plugin.video.youtube] service_monitor:373(onSettingsChanged) - Set property 'check_settings': 'true'
2026-08-24 11:12:00.285 T:12624 warning <general>: [plugin.video.youtube] xbmc_context_ui:203(refresh_container) - Plugin container not found for 'FileNameAndPath'
2026-08-24 11:12:00.300 T:12624 warning <general>: [plugin.video.youtube] xbmc_context_ui:203(refresh_container) - Plugin container not found for 'IsUpdating'
2026-08-24 11:12:00.300 T:12624 warning <general>: [plugin.video.youtube] xbmc_context_ui:203(refresh_container) - Plugin container not found for 'NumAllItems'
2026-08-24 11:12:00.300 T:12624 warning <general>: [plugin.video.youtube] xbmc_context_ui:203(refresh_container) - Plugin container not found for 'HasFolders'
2026-08-24 11:12:00.300 T:12624 warning <general>: [plugin.video.youtube] xbmc_context_ui:203(refresh_container) - Plugin container not found for 'HasFiles'
2026-08-24 11:12:00.301 T:12624 warning <general>: [plugin.video.youtube] xbmc_context_ui:203(refresh_container) - Plugin container not found for 'HasParent'
2026-08-24 11:12:00.301 T:12624 warning <general>: [plugin.video.youtube] xbmc_context_ui:203(refresh_container) - Plugin container not found for 'FolderPath'
2026-08-24 11:12:00.301 T:12624    info <general>: [plugin.video.youtube] service_monitor:94(refresh_container) - No plugin container loaded - cancelling refresh
2026-08-24 11:12:00.301 T:12624    info <general>: [plugin.video.youtube] http_server:1115(get_connect_address) - Get setting 'kodion.http.listen': '127.0.0.1' (str, success)
2026-08-24 11:12:00.302 T:12624    info <general>: [plugin.video.youtube] http_server:1116(get_connect_address) - Get setting 'kodion.http.port': 50152 (int, success)
2026-08-24 11:12:00.303 T:12624    info <general>: [plugin.video.youtube] service_monitor:389(onSettingsChanged) - Get setting 'kodion.http.ip.whitelist': '' (str, success)
2026-08-24 11:12:00.304 T:12624    info <general>: [plugin.video.youtube] service_monitor:394(onSettingsChanged) - Get setting 'youtube.http.idle_sleep': True (bool, success)
2026-08-24 11:12:00.304 T:12624    info <general>: [plugin.video.youtube] service_monitor:480(httpd_required) - Get setting 'kodion.video.quality.isa': True (bool, success)
2026-08-24 11:12:00.305 T:12624    info <general>: [plugin.video.youtube] service_monitor:480(httpd_required) - Get setting 'kodion.mpd.videos': True (bool, success)
2026-08-24 11:12:00.305 T:12624    info <general>: [plugin.video.youtube] service_monitor:416(start_httpd) - HTTPServer: Starting 127.0.0.1:50152
2026-08-24 11:12:00.307 T:12624    info <general>: [plugin.video.youtube] service_monitor:432(start_httpd) - HTTPServer: Listening on 127.0.0.1:50152
2026-08-24 11:12:00.308 T:12624    info <general>: [plugin.video.youtube] service_runner:55(run)
                                                   Starting v7.4.4
                                                   Kodi:    v21.3 (Kodi Omega)
                                                   Python:  v3.8.15
2026-08-24 11:12:00.309 T:12624    info <general>: [plugin.video.youtube] service_runner:72(run) - Clear property 'abort_requested'
2026-08-24 11:12:00.309 T:12624    info <general>: [plugin.video.youtube] service_runner:73(run) - Get property 'service_monitor_running': ''
2026-08-24 11:12:00.310 T:12624    info <general>: [plugin.video.youtube] service_runner:75(run) - Set property 'service_monitor_running': 'true'
2026-08-24 11:12:00.317 T:12624    info <general>: [plugin.video.youtube] service_runner:244(run) - Set property 'plugin_sleeping': 'true'
2026-08-24 11:12:00.377 T:10552   debug <general>: CAddonDatabase::GetAddons took 201 ms
2026-08-24 11:12:00.389 T:10552   debug <general>: CAddonMgr::GetAvailableUpdatesOrOutdatedAddons took 222 ms
2026-08-24 11:12:01.055 T:10408   debug <general>: Keyboard: scancode: 0x14d, sym: 0x113 (right), unicode: 0x00, modifier: 0x0
2026-08-24 11:12:01.055 T:10408   debug <general>: CInputManager::HandleKey: right (0xf083) pressed, window 10000, action is Right
2026-08-24 11:12:01.316 T:10408   debug <general>: Keyboard: scancode: 0xc14d, sym: 0x113 (right), unicode: 0x00, modifier: 0x0
2026-08-24 11:12:02.299 T:10408   debug <general>: Keyboard: scancode: 0x14d, sym: 0x113 (right), unicode: 0x00, modifier: 0x0
2026-08-24 11:12:02.299 T:10408   debug <general>: CInputManager::HandleKey: right (0xf083) pressed, window 10000, action is Right
2026-08-24 11:12:02.516 T:10408   debug <general>: Keyboard: scancode: 0xc14d, sym: 0x113 (right), unicode: 0x00, modifier: 0x0
2026-08-24 11:12:02.599 T:10408   debug <general>: Keyboard: scancode: 0x150, sym: 0x112 (down), unicode: 0x00, modifier: 0x0
2026-08-24 11:12:02.600 T:10408   debug <general>: CInputManager::HandleKey: down (0xf081) pressed, window 10000, action is Down
2026-08-24 11:12:02.782 T:10408   debug <general>: Keyboard: scancode: 0xc150, sym: 0x112 (down), unicode: 0x00, modifier: 0x0
2026-08-24 11:12:03.063 T:5336    debug <general>: Version Check: Version installed {'major': 21, 'minor': 3, 'revision': '20251031-a3a448d26b', 'tag': 'stable'}
2026-08-24 11:12:03.063 T:5336    debug <general>: Version Check: Version available  {'major': '21', 'minor': '0', 'tag': 'stable', 'tagversion': '', 'revision': '20240406-60c4500054', 'extrainfo': 'final', 'addon_support': 'yes'}
2026-08-24 11:12:03.063 T:5336    debug <general>: Version Check: There is no newer stable available
2026-08-24 11:12:03.063 T:5336    debug <general>: CPythonInvoker(1, C:\Users\mj\AppData\Roaming\Kodi\addons\service.xbmc.versioncheck\resources\lib\runner.py): script successfully run
2026-08-24 11:12:03.063 T:5336    debug <general>: CPythonInvoker::onExecutionDone(1, C:\Users\mj\AppData\Roaming\Kodi\addons\service.xbmc.versioncheck\resources\lib\runner.py)
2026-08-24 11:12:03.115 T:5336    debug <general>: Python interpreter stopped
2026-08-24 11:12:03.115 T:5336    debug <general>: Thread LanguageInvoker 5336 terminating
2026-08-24 11:12:03.249 T:10408   debug <general>: Keyboard: scancode: 0x14b, sym: 0x114 (left), unicode: 0x00, modifier: 0x0
2026-08-24 11:12:03.250 T:10408   debug <general>: CInputManager::HandleKey: left (0xf082) pressed, window 10000, action is Left
2026-08-24 11:12:03.316 T:10408   debug <general>: Keyboard: scancode: 0xc14b, sym: 0x114 (left), unicode: 0x00, modifier: 0x0
2026-08-24 11:12:03.596 T:10408   debug <general>: Keyboard: scancode: 0x148, sym: 0x111 (up), unicode: 0x00, modifier: 0x0
2026-08-24 11:12:03.596 T:10408   debug <general>: CInputManager::HandleKey: up (0xf080) pressed, window 10000, action is Up
2026-08-24 11:12:03.699 T:10408   debug <general>: Keyboard: scancode: 0xc148, sym: 0x111 (up), unicode: 0x00, modifier: 0x0
2026-08-24 11:12:04.247 T:10408   debug <general>: Keyboard: scancode: 0x14d, sym: 0x113 (right), unicode: 0x00, modifier: 0x0
2026-08-24 11:12:04.247 T:10408   debug <general>: CInputManager::HandleKey: right (0xf083) pressed, window 10000, action is Right
2026-08-24 11:12:04.332 T:10408   debug <general>: Keyboard: scancode: 0xc14d, sym: 0x113 (right), unicode: 0x00, modifier: 0x0
2026-08-24 11:12:04.432 T:10408   debug <general>: Keyboard: scancode: 0x14d, sym: 0x113 (right), unicode: 0x00, modifier: 0x0
2026-08-24 11:12:04.433 T:10408   debug <general>: CInputManager::HandleKey: right (0xf083) pressed, window 10000, action is Right
2026-08-24 11:12:04.498 T:10408   debug <general>: Keyboard: scancode: 0xc14d, sym: 0x113 (right), unicode: 0x00, modifier: 0x0
2026-08-24 11:12:05.341 T:10408   debug <general>: Keyboard: scancode: 0x14b, sym: 0x114 (left), unicode: 0x00, modifier: 0x0
2026-08-24 11:12:05.341 T:10408   debug <general>: CInputManager::HandleKey: left (0xf082) pressed, window 10000, action is Left
2026-08-24 11:12:05.415 T:10408   debug <general>: Keyboard: scancode: 0xc14b, sym: 0x114 (left), unicode: 0x00, modifier: 0x0
2026-08-24 11:12:05.549 T:10408   debug <general>: Keyboard: scancode: 0x14b, sym: 0x114 (left), unicode: 0x00, modifier: 0x0
2026-08-24 11:12:05.549 T:10408   debug <general>: CInputManager::HandleKey: left (0xf082) pressed, window 10000, action is Left
2026-08-24 11:12:05.665 T:10408   debug <general>: Keyboard: scancode: 0xc14b, sym: 0x114 (left), unicode: 0x00, modifier: 0x0
2026-08-24 11:12:06.048 T:10408   debug <general>: Keyboard: scancode: 0x14d, sym: 0x113 (right), unicode: 0x00, modifier: 0x0
2026-08-24 11:12:06.049 T:10408   debug <general>: CInputManager::HandleKey: right (0xf083) pressed, window 10000, action is Right
2026-08-24 11:12:06.115 T:10408   debug <general>: Keyboard: scancode: 0xc14d, sym: 0x113 (right), unicode: 0x00, modifier: 0x0
2026-08-24 11:12:06.215 T:10408   debug <general>: Keyboard: scancode: 0x14d, sym: 0x113 (right), unicode: 0x00, modifier: 0x0
2026-08-24 11:12:06.216 T:10408   debug <general>: CInputManager::HandleKey: right (0xf083) pressed, window 10000, action is Right
2026-08-24 11:12:06.298 T:10408   debug <general>: Keyboard: scancode: 0xc14d, sym: 0x113 (right), unicode: 0x00, modifier: 0x0
2026-08-24 11:12:07.527 T:13712 warning <general>: [WS-Discovery]: The initial search for servers has failed. No servers found.
2026-08-24 11:12:09.148 T:10408   debug <general>: Keyboard: scancode: 0x1c, sym: 0x0d (enter), unicode: 0x0d, modifier: 0x0
2026-08-24 11:12:09.261 T:10408   debug <general>: Keyboard: scancode: 0xc01c, sym: 0x0d (enter), unicode: 0x00, modifier: 0x0
2026-08-24 11:12:09.261 T:10408   debug <general>: CInputManager::HandleKey: return (0xf00d) pressed, window 10000, action is Select
2026-08-24 11:12:09.262 T:10408   debug <general>: Activating window ID: 10040
2026-08-24 11:12:09.566 T:10408   debug <general>: ------ Window Deinit (Home.xml) ------
2026-08-24 11:12:09.566 T:10408   debug <general>: FreeVisualisation() done
2026-08-24 11:12:09.583 T:10408   debug <general>: ------ Window Init (AddonBrowser.xml) ------
2026-08-24 11:12:09.583 T:10408    info <general>: Loading skin file: AddonBrowser.xml, load type: KEEP_IN_MEMORY
2026-08-24 11:12:09.624 T:10408   debug <general>: CGUIMediaWindow::GetDirectory (addons://repos/)
2026-08-24 11:12:09.624 T:10408   debug <general>:   ParentPath = []
2026-08-24 11:12:09.628 T:11500   debug <general>: Thread BackgroundLoader start, auto delete: false
2026-08-24 11:12:09.629 T:11500   debug <general>: Thread BackgroundLoader 11500 terminating
2026-08-24 11:12:10.609 T:10408   debug <general>: Keyboard: scancode: 0x150, sym: 0x112 (down), unicode: 0x00, modifier: 0x0
2026-08-24 11:12:10.610 T:10408   debug <general>: CInputManager::HandleKey: down (0xf081) pressed, window 10040, action is Down
2026-08-24 11:12:10.715 T:10408   debug <general>: Keyboard: scancode: 0xc150, sym: 0x112 (down), unicode: 0x00, modifier: 0x0
2026-08-24 11:12:10.750 T:12624    info <general>: [plugin.video.youtube] service_runner:138(run) - Clear property 'plugin_sleeping'
2026-08-24 11:12:10.765 T:12624    info <general>: [plugin.video.youtube] service_runner:244(run) - Set property 'plugin_sleeping': 'true'
2026-08-24 11:12:10.798 T:10408   debug <general>: Keyboard: scancode: 0x150, sym: 0x112 (down), unicode: 0x00, modifier: 0x0
2026-08-24 11:12:10.798 T:10408   debug <general>: CInputManager::HandleKey: down (0xf081) pressed, window 10040, action is Down
2026-08-24 11:12:10.881 T:10408   debug <general>: Keyboard: scancode: 0xc150, sym: 0x112 (down), unicode: 0x00, modifier: 0x0
2026-08-24 11:12:10.964 T:10408   debug <general>: Keyboard: scancode: 0x150, sym: 0x112 (down), unicode: 0x00, modifier: 0x0
2026-08-24 11:12:10.965 T:10408   debug <general>: CInputManager::HandleKey: down (0xf081) pressed, window 10040, action is Down
2026-08-24 11:12:11.048 T:10408   debug <general>: Keyboard: scancode: 0xc150, sym: 0x112 (down), unicode: 0x00, modifier: 0x0
2026-08-24 11:12:11.298 T:10408   debug <general>: Keyboard: scancode: 0x1c, sym: 0x0d (enter), unicode: 0x0d, modifier: 0x0
2026-08-24 11:12:11.398 T:10408   debug <general>: Keyboard: scancode: 0xc01c, sym: 0x0d (enter), unicode: 0x00, modifier: 0x0
2026-08-24 11:12:11.398 T:10408   debug <general>: CInputManager::HandleKey: return (0xf00d) pressed, window 10040, action is Select
2026-08-24 11:12:11.399 T:10408   debug <general>: CGUIMediaWindow::GetDirectory (addons://repository.moviehub/)
2026-08-24 11:12:11.399 T:10408   debug <general>:   ParentPath = [addons://repos/]
2026-08-24 11:12:11.399 T:10252   debug <general>: Thread waiting start, auto delete: false
2026-08-24 11:12:11.401 T:10252   debug <general>: CAddonDatabase: SELECT repo.id FROM repo .. took 0 ms
2026-08-24 11:12:11.401 T:10252   debug <general>: CAddonDatabase: query  SELECT addons.*, repo.addonID AS repoID FROM addons JOIN addonlinkrepo ON addons.id=addonlinkrepo.idAddon JOIN repo ON repo.id=addonlinkrepo.idRepo WHERE addonlinkrepo.idRepo IN (2) ORDER BY repo.addonID, addons.addonID returned 2 rows in 0 ms
2026-08-24 11:12:11.401 T:10252   debug <general>: CAddonDatabase::GetAddons took 0 ms
2026-08-24 11:12:11.402 T:10252   debug <general>: Thread waiting 10252 terminating
2026-08-24 11:12:11.405 T:14340   debug <general>: Thread BackgroundLoader start, auto delete: false
2026-08-24 11:12:11.406 T:14340   debug <general>: Thread BackgroundLoader 14340 terminating
2026-08-24 11:12:11.998 T:10408   debug <general>: Keyboard: scancode: 0x150, sym: 0x112 (down), unicode: 0x00, modifier: 0x0
2026-08-24 11:12:11.998 T:10408   debug <general>: CInputManager::HandleKey: down (0xf081) pressed, window 10040, action is Down
2026-08-24 11:12:12.081 T:10408   debug <general>: Keyboard: scancode: 0xc150, sym: 0x112 (down), unicode: 0x00, modifier: 0x0
2026-08-24 11:12:12.381 T:10408   debug <general>: Keyboard: scancode: 0x150, sym: 0x112 (down), unicode: 0x00, modifier: 0x0
2026-08-24 11:12:12.381 T:10408   debug <general>: CInputManager::HandleKey: down (0xf081) pressed, window 10040, action is Down
2026-08-24 11:12:12.464 T:10408   debug <general>: Keyboard: scancode: 0xc150, sym: 0x112 (down), unicode: 0x00, modifier: 0x0
2026-08-24 11:12:12.681 T:10408   debug <general>: Keyboard: scancode: 0x1c, sym: 0x0d (enter), unicode: 0x0d, modifier: 0x0
2026-08-24 11:12:12.790 T:10408   debug <general>: Keyboard: scancode: 0xc01c, sym: 0x0d (enter), unicode: 0x00, modifier: 0x0
2026-08-24 11:12:12.799 T:10408   debug <general>: CInputManager::HandleKey: return (0xf00d) pressed, window 10040, action is Select
2026-08-24 11:12:12.800 T:10408   debug <general>: CGUIMediaWindow::GetDirectory (addons://repository.moviehub/xbmc.addon.video)
2026-08-24 11:12:12.800 T:10408   debug <general>:   ParentPath = [addons://repository.moviehub/]
2026-08-24 11:12:12.800 T:308     debug <general>: Thread waiting start, auto delete: false
2026-08-24 11:12:12.802 T:308     debug <general>: CAddonDatabase: SELECT repo.id FROM repo .. took 0 ms
2026-08-24 11:12:12.802 T:308     debug <general>: CAddonDatabase: query  SELECT addons.*, repo.addonID AS repoID FROM addons JOIN addonlinkrepo ON addons.id=addonlinkrepo.idAddon JOIN repo ON repo.id=addonlinkrepo.idRepo WHERE addonlinkrepo.idRepo IN (2) ORDER BY repo.addonID, addons.addonID returned 2 rows in 0 ms
2026-08-24 11:12:12.803 T:308     debug <general>: CAddonDatabase::GetAddons took 0 ms
2026-08-24 11:12:12.804 T:308     debug <general>: CAddonDatabase: SELECT repo.id FROM repo .. took 0 ms
2026-08-24 11:12:12.817 T:308     debug <general>: CAddonDatabase: query  SELECT addons.*, repo.addonID AS repoID FROM addons JOIN addonlinkrepo ON addons.id=addonlinkrepo.idAddon JOIN repo ON repo.id=addonlinkrepo.idRepo WHERE addonlinkrepo.idRepo IN (1,2) ORDER BY repo.addonID, addons.addonID returned 1059 rows in 13 ms
2026-08-24 11:12:12.891 T:308     debug <general>: CAddonDatabase::GetAddons took 87 ms
2026-08-24 11:12:12.899 T:308     debug <general>: CAddonMgr::GetAddonsWithAvailableUpdate took 95 ms
2026-08-24 11:12:12.902 T:10408   debug <general>: ------ Window Init (DialogBusy.xml) ------
2026-08-24 11:12:12.905 T:308     debug <general>: Thread waiting 308 terminating
2026-08-24 11:12:12.910 T:10408   debug <general>: ------ Window Deinit (DialogBusy.xml) ------
2026-08-24 11:12:12.934 T:3788    debug <general>: Thread BackgroundLoader start, auto delete: false
2026-08-24 11:12:12.935 T:3788    debug <general>: Thread BackgroundLoader 3788 terminating
2026-08-24 11:12:13.598 T:10408   debug <general>: Keyboard: scancode: 0x150, sym: 0x112 (down), unicode: 0x00, modifier: 0x0
2026-08-24 11:12:13.598 T:10408   debug <general>: CInputManager::HandleKey: down (0xf081) pressed, window 10040, action is Down
2026-08-24 11:12:13.748 T:10408   debug <general>: Keyboard: scancode: 0xc150, sym: 0x112 (down), unicode: 0x00, modifier: 0x0
2026-08-24 11:12:15.564 T:10408   debug <general>: Keyboard: scancode: 0x1c, sym: 0x0d (enter), unicode: 0x0d, modifier: 0x0
2026-08-24 11:12:16.039 T:10408   debug <general>: Keyboard: scancode: 0x401c, sym: 0x0d (enter), unicode: 0x0d, modifier: 0x0
2026-08-24 11:12:16.297 T:10408    info <general>: Skipped 7 duplicate messages..
2026-08-24 11:12:16.297 T:10408   debug <general>: CInputManager::HandleKey: long-return (0x100f00d) pressed, window 10040, action is ContextMenu
2026-08-24 11:12:16.301 T:10408   debug <general>: CPlayerCoreFactory::GetPlayers(addons://repository.moviehub/plugin.video.moviehub)
2026-08-24 11:12:16.301 T:10408   debug <general>: CPlayerSelectionRule::GetPlayers: considering rule: system rules
2026-08-24 11:12:16.301 T:10408   debug <general>: CPlayerSelectionRule::GetPlayers: matches rule: system rules
2026-08-24 11:12:16.301 T:10408   debug <general>: CPlayerSelectionRule::GetPlayers: considering rule: mms/udp
2026-08-24 11:12:16.301 T:10408   debug <general>: CPlayerSelectionRule::GetPlayers: considering rule: lastfm/shout
2026-08-24 11:12:16.301 T:10408   debug <general>: CPlayerSelectionRule::GetPlayers: considering rule: rtmp
2026-08-24 11:12:16.301 T:10408   debug <general>: CPlayerSelectionRule::GetPlayers: considering rule: rtsp
2026-08-24 11:12:16.301 T:10408   debug <general>: CPlayerSelectionRule::GetPlayers: considering rule: streams
2026-08-24 11:12:16.302 T:10408   debug <general>: CPlayerSelectionRule::GetPlayers: considering rule: dvd
2026-08-24 11:12:16.302 T:10408   debug <general>: CPlayerSelectionRule::GetPlayers: considering rule: discimage
2026-08-24 11:12:16.302 T:10408   debug <general>: CPlayerSelectionRule::GetPlayers: considering rule: sdp/asf
2026-08-24 11:12:16.302 T:10408   debug <general>: CPlayerSelectionRule::GetPlayers: considering rule: nsv
2026-08-24 11:12:16.302 T:10408   debug <general>: CPlayerSelectionRule::GetPlayers: considering rule: radio
2026-08-24 11:12:16.302 T:10408   debug <general>: CPlayerCoreFactory::GetPlayers: matched 0 rules with players
2026-08-24 11:12:16.302 T:10408   debug <general>: CPlayerCoreFactory::GetPlayers: adding videodefaultplayer (VideoPlayer)
2026-08-24 11:12:16.302 T:10408   debug <general>: CPlayerCoreFactory::GetPlayers: for video=true, audio=false
2026-08-24 11:12:16.302 T:10408   debug <general>: CPlayerCoreFactory::GetPlayers: for video=true, audio=true
2026-08-24 11:12:16.302 T:10408   debug <general>: CPlayerCoreFactory::GetPlayers: added 1 players
2026-08-24 11:12:16.302 T:10408   debug <general>: CPlayerCoreFactory::GetPlayers(addons://repository.moviehub/plugin.video.moviehub)
2026-08-24 11:12:16.302 T:10408   debug <general>: CPlayerSelectionRule::GetPlayers: considering rule: system rules
2026-08-24 11:12:16.302 T:10408   debug <general>: CPlayerSelectionRule::GetPlayers: matches rule: system rules
2026-08-24 11:12:16.302 T:10408   debug <general>: CPlayerSelectionRule::GetPlayers: considering rule: mms/udp
2026-08-24 11:12:16.302 T:10408   debug <general>: CPlayerSelectionRule::GetPlayers: considering rule: lastfm/shout
2026-08-24 11:12:16.302 T:10408   debug <general>: CPlayerSelectionRule::GetPlayers: considering rule: rtmp
2026-08-24 11:12:16.302 T:10408   debug <general>: CPlayerSelectionRule::GetPlayers: considering rule: rtsp
2026-08-24 11:12:16.302 T:10408   debug <general>: CPlayerSelectionRule::GetPlayers: considering rule: streams
2026-08-24 11:12:16.302 T:10408   debug <general>: CPlayerSelectionRule::GetPlayers: considering rule: dvd
2026-08-24 11:12:16.303 T:10408   debug <general>: CPlayerSelectionRule::GetPlayers: considering rule: discimage
2026-08-24 11:12:16.303 T:10408   debug <general>: CPlayerSelectionRule::GetPlayers: considering rule: sdp/asf
2026-08-24 11:12:16.303 T:10408   debug <general>: CPlayerSelectionRule::GetPlayers: considering rule: nsv
2026-08-24 11:12:16.303 T:10408   debug <general>: CPlayerSelectionRule::GetPlayers: considering rule: radio
2026-08-24 11:12:16.303 T:10408   debug <general>: CPlayerCoreFactory::GetPlayers: matched 0 rules with players
2026-08-24 11:12:16.303 T:10408   debug <general>: CPlayerCoreFactory::GetPlayers: adding videodefaultplayer (VideoPlayer)
2026-08-24 11:12:16.303 T:10408   debug <general>: CPlayerCoreFactory::GetPlayers: for video=true, audio=false
2026-08-24 11:12:16.303 T:10408   debug <general>: CPlayerCoreFactory::GetPlayers: for video=true, audio=true
2026-08-24 11:12:16.303 T:10408   debug <general>: CPlayerCoreFactory::GetPlayers: added 1 players
2026-08-24 11:12:16.303 T:10408   debug <CAddonSettings[0@plugin.video.moviehub]>: trying to load setting definitions from old format...
2026-08-24 11:12:16.307 T:10408    info <general>: Loading skin file: DialogContextMenu.xml, load type: KEEP_IN_MEMORY
2026-08-24 11:12:16.330 T:10408   debug <general>: ------ Window Init (DialogContextMenu.xml) ------
2026-08-24 11:12:16.334 T:10408   debug <general>: Keyboard: scancode: 0x401c, sym: 0x0d (enter), unicode: 0x0d, modifier: 0x0
2026-08-24 11:12:16.414 T:10408    info <general>: Skipped 2 duplicate messages..
2026-08-24 11:12:16.414 T:10408   debug <general>: Keyboard: scancode: 0xc01c, sym: 0x0d (enter), unicode: 0x00, modifier: 0x0
2026-08-24 11:12:17.114 T:10408   debug <general>: Keyboard: scancode: 0xe, sym: 0x08 (backspace), unicode: 0x08, modifier: 0x0
2026-08-24 11:12:17.114 T:10408   debug <general>: CInputManager::HandleKey: backspace (0xf008) pressed, window 10106, action is Back
2026-08-24 11:12:17.214 T:10408   debug <general>: Keyboard: scancode: 0xc00e, sym: 0x08 (backspace), unicode: 0x00, modifier: 0x0
2026-08-24 11:12:17.349 T:10408   debug <general>: ------ Window Deinit (DialogContextMenu.xml) ------
2026-08-24 11:12:17.431 T:10408   debug <general>: Keyboard: scancode: 0xe, sym: 0x08 (backspace), unicode: 0x08, modifier: 0x0
2026-08-24 11:12:17.431 T:10408   debug <general>: CInputManager::HandleKey: backspace (0xf008) pressed, window 10040, action is Back
2026-08-24 11:12:17.431 T:10408   debug <general>: CGUIMediaWindow::GetDirectory (addons://repository.moviehub/)
2026-08-24 11:12:17.431 T:10408   debug <general>:   ParentPath = [addons://repos/]
2026-08-24 11:12:17.432 T:2244    debug <general>: Thread waiting start, auto delete: false
2026-08-24 11:12:17.433 T:2244    debug <general>: CAddonDatabase: SELECT repo.id FROM repo .. took 0 ms
2026-08-24 11:12:17.434 T:2244    debug <general>: CAddonDatabase: query  SELECT addons.*, repo.addonID AS repoID FROM addons JOIN addonlinkrepo ON addons.id=addonlinkrepo.idAddon JOIN repo ON repo.id=addonlinkrepo.idRepo WHERE addonlinkrepo.idRepo IN (2) ORDER BY repo.addonID, addons.addonID returned 2 rows in 0 ms
2026-08-24 11:12:17.434 T:2244    debug <general>: CAddonDatabase::GetAddons took 0 ms
2026-08-24 11:12:17.434 T:2244    debug <general>: Thread waiting 2244 terminating
2026-08-24 11:12:17.438 T:13768   debug <general>: Thread BackgroundLoader start, auto delete: false
2026-08-24 11:12:17.439 T:13768   debug <general>: Thread BackgroundLoader 13768 terminating
2026-08-24 11:12:17.497 T:10408   debug <general>: Keyboard: scancode: 0xc00e, sym: 0x08 (backspace), unicode: 0x00, modifier: 0x0
2026-08-24 11:12:17.930 T:10408   debug <general>: Keyboard: scancode: 0xe, sym: 0x08 (backspace), unicode: 0x08, modifier: 0x0
2026-08-24 11:12:17.931 T:10408   debug <general>: CInputManager::HandleKey: backspace (0xf008) pressed, window 10040, action is Back
2026-08-24 11:12:17.931 T:10408   debug <general>: CGUIMediaWindow::GetDirectory (addons://repos/)
2026-08-24 11:12:17.931 T:10408   debug <general>:   ParentPath = []
2026-08-24 11:12:17.932 T:5564    debug <general>: Thread waiting start, auto delete: false
2026-08-24 11:12:17.932 T:5564    debug <general>: Thread waiting 5564 terminating
2026-08-24 11:12:17.935 T:11368   debug <general>: Thread BackgroundLoader start, auto delete: false
2026-08-24 11:12:17.937 T:11368   debug <general>: Thread BackgroundLoader 11368 terminating
2026-08-24 11:12:18.014 T:10408   debug <general>: Keyboard: scancode: 0xc00e, sym: 0x08 (backspace), unicode: 0x00, modifier: 0x0
2026-08-24 11:12:18.409 T:10408   debug <general>: Keyboard: scancode: 0xe, sym: 0x08 (backspace), unicode: 0x08, modifier: 0x0
2026-08-24 11:12:18.409 T:10408   debug <general>: CInputManager::HandleKey: backspace (0xf008) pressed, window 10040, action is Back
2026-08-24 11:12:18.409 T:10408   debug <general>: CGUIWindowManager::PreviousWindow: Deactivate
2026-08-24 11:12:18.715 T:10408   debug <general>: ------ Window Deinit (AddonBrowser.xml) ------
2026-08-24 11:12:18.715 T:10408   debug <general>: FreeVisualisation() done
2026-08-24 11:12:18.730 T:10408   debug <general>: CGUIWindowManager::PreviousWindow: Activate new
2026-08-24 11:12:18.730 T:10408   debug <general>: ------ Window Init (Home.xml) ------
2026-08-24 11:12:18.732 T:10408   debug <general>: Keyboard: scancode: 0xc00e, sym: 0x08 (backspace), unicode: 0x00, modifier: 0x0
2026-08-24 11:12:19.430 T:10408   debug <general>: Keyboard: scancode: 0x14b, sym: 0x114 (left), unicode: 0x00, modifier: 0x0
2026-08-24 11:12:19.430 T:10408   debug <general>: CInputManager::HandleKey: left (0xf082) pressed, window 10000, action is Left
2026-08-24 11:12:19.630 T:10408   debug <general>: Keyboard: scancode: 0xc14b, sym: 0x114 (left), unicode: 0x00, modifier: 0x0
2026-08-24 11:12:19.797 T:10408   debug <general>: Keyboard: scancode: 0x150, sym: 0x112 (down), unicode: 0x00, modifier: 0x0
2026-08-24 11:12:19.797 T:10408   debug <general>: CInputManager::HandleKey: down (0xf081) pressed, window 10000, action is Down
2026-08-24 11:12:19.947 T:10408   debug <general>: Keyboard: scancode: 0xc150, sym: 0x112 (down), unicode: 0x00, modifier: 0x0
2026-08-24 11:12:20.080 T:10408   debug <general>: Keyboard: scancode: 0x14b, sym: 0x114 (left), unicode: 0x00, modifier: 0x0
2026-08-24 11:12:20.080 T:10408   debug <general>: CInputManager::HandleKey: left (0xf082) pressed, window 10000, action is Left
2026-08-24 11:12:20.247 T:10408   debug <general>: Keyboard: scancode: 0xc14b, sym: 0x114 (left), unicode: 0x00, modifier: 0x0
2026-08-24 11:12:20.380 T:10408   debug <general>: Keyboard: scancode: 0x1c, sym: 0x0d (enter), unicode: 0x0d, modifier: 0x0
2026-08-24 11:12:20.647 T:10408   debug <general>: Keyboard: scancode: 0xc01c, sym: 0x0d (enter), unicode: 0x00, modifier: 0x0
2026-08-24 11:12:20.647 T:10408   debug <general>: CInputManager::HandleKey: return (0xf00d) pressed, window 10000, action is Select
2026-08-24 11:12:20.647 T:10408   debug <general>: Activating window ID: 10025
2026-08-24 11:12:20.948 T:10408   debug <general>: ------ Window Deinit (Home.xml) ------
2026-08-24 11:12:20.948 T:10408   debug <general>: FreeVisualisation() done
2026-08-24 11:12:20.967 T:10408   debug <general>: ------ Window Init (MyVideoNav.xml) ------
2026-08-24 11:12:20.967 T:10408    info <general>: Loading skin file: MyVideoNav.xml, load type: KEEP_IN_MEMORY
2026-08-24 11:12:21.032 T:10408   debug <general>: CGUIMediaWindow::GetDirectory (plugin://plugin.video.moviehub/)
2026-08-24 11:12:21.033 T:10408   debug <general>:   ParentPath = [plugin://plugin.video.moviehub/]
2026-08-24 11:12:21.033 T:7384    debug <general>: Thread waiting start, auto delete: false
2026-08-24 11:12:21.048 T:12624    info <general>: [plugin.video.youtube] service_runner:138(run) - Clear property 'plugin_sleeping'
2026-08-24 11:12:21.067 T:10552   debug <general>: CAddonDatabase::SetLastUsed[plugin.video.moviehub] took 34 ms
2026-08-24 11:12:21.067 T:7384    debug <general>: CScriptRunner: running add-on script MovieHub - Free Movies('plugin://plugin.video.moviehub/', '1', '')
2026-08-24 11:12:21.068 T:12496   debug <general>: Thread LanguageInvoker start, auto delete: false
2026-08-24 11:12:21.068 T:12496   debug <general>: initializing python engine.
2026-08-24 11:12:21.068 T:12496   debug <general>: CPythonInvoker(2, C:\Users\mj\AppData\Roaming\Kodi\addons\plugin.video.moviehub\main.py): start processing
2026-08-24 11:12:21.093 T:12496   debug <general>: -->Python Interpreter Initialized<--
2026-08-24 11:12:21.093 T:12496   debug <general>: 
                                                   
2026-08-24 11:12:21.093 T:12496   debug <general>: CPythonInvoker(2, C:\Users\mj\AppData\Roaming\Kodi\addons\plugin.video.moviehub\main.py): the source file to load is "C:\Users\mj\AppData\Roaming\Kodi\addons\plugin.video.moviehub\main.py"
2026-08-24 11:12:21.093 T:12496   debug <general>: CPythonInvoker(2): full python path:
2026-08-24 11:12:21.093 T:12496   debug <general>: CPythonInvoker(2):   custom python path:
2026-08-24 11:12:21.093 T:12496   debug <general>: CPythonInvoker(2):     C:\Users\mj\AppData\Roaming\Kodi\addons\plugin.video.moviehub
2026-08-24 11:12:21.093 T:12496   debug <general>: CPythonInvoker(2):   default python path:
2026-08-24 11:12:21.094 T:12496   debug <general>: CPythonInvoker(2):     C:\Program Files\Kodi\system\python\DLLs
2026-08-24 11:12:21.094 T:12496   debug <general>: CPythonInvoker(2):     C:\Program Files\Kodi\system\python\Lib
2026-08-24 11:12:21.094 T:12496   debug <general>: CPythonInvoker(2):     C:\Program Files\Kodi\system\python\Lib\site-packages
2026-08-24 11:12:21.094 T:12496   debug <general>: CPythonInvoker(2): adding args:
2026-08-24 11:12:21.094 T:12496   debug <general>: CPythonInvoker(2):  plugin://plugin.video.moviehub/
2026-08-24 11:12:21.094 T:12496   debug <general>: CPythonInvoker(2):  1
2026-08-24 11:12:21.094 T:12496   debug <general>: CPythonInvoker(2):  
2026-08-24 11:12:21.094 T:12496   debug <general>: CPythonInvoker(2):  resume:false
2026-08-24 11:12:21.094 T:12496   debug <general>: CPythonInvoker(2, C:\Users\mj\AppData\Roaming\Kodi\addons\plugin.video.moviehub\main.py): entering source directory C:\Users\mj\AppData\Roaming\Kodi\addons\plugin.video.moviehub
2026-08-24 11:12:21.094 T:12496   debug <general>: CPythonInvoker(2, C:\Users\mj\AppData\Roaming\Kodi\addons\plugin.video.moviehub\main.py): instantiating addon using automatically obtained id of "plugin.video.moviehub" dependent on version 3.0.0 of the xbmc.python api
2026-08-24 11:12:21.135 T:10408   debug <general>: ------ Window Init (DialogBusy.xml) ------
2026-08-24 11:12:21.137 T:12624    info <general>: [plugin.video.youtube] service_runner:244(run) - Set property 'plugin_sleeping': 'true'
2026-08-24 11:12:21.291 T:12496   debug <CAddonSettings[0@plugin.video.moviehub]>: trying to load setting definitions from old format...
2026-08-24 11:12:21.346 T:12496    info <CSettingsManager>: Skipped 1 duplicate messages..
2026-08-24 11:12:21.346 T:12496   debug <CSettingsManager>: requested setting (enable_movies) was not found.
2026-08-24 11:12:21.365 T:12496 warning <general>: Setting most video properties through ListItem.setInfo() is deprecated and might be removed in future Kodi versions. Please use the respective setter in InfoTagVideo.
2026-08-24 11:12:21.365 T:12496   debug <general>: CPythonInvoker(2, C:\Users\mj\AppData\Roaming\Kodi\addons\plugin.video.moviehub\main.py): script successfully run
2026-08-24 11:12:21.365 T:12496   debug <general>: CPythonInvoker::onExecutionDone(2, C:\Users\mj\AppData\Roaming\Kodi\addons\plugin.video.moviehub\main.py)
2026-08-24 11:12:21.365 T:7384    debug <general>: Thread waiting 7384 terminating
2026-08-24 11:12:21.396 T:10408   debug <general>: ------ Window Deinit (DialogBusy.xml) ------
2026-08-24 11:12:21.409 T:12496   debug <general>: Python interpreter stopped
2026-08-24 11:12:21.410 T:12496   debug <general>: Thread LanguageInvoker 12496 terminating
2026-08-24 11:12:21.416 T:10268   debug <general>: Thread BackgroundLoader start, auto delete: false
2026-08-24 11:12:21.420 T:10268   debug <general>: Thread BackgroundLoader 10268 terminating
2026-08-24 11:12:21.924 T:10408   debug <general>: Keyboard: scancode: 0x150, sym: 0x112 (down), unicode: 0x00, modifier: 0x0
2026-08-24 11:12:21.924 T:10408   debug <general>: CInputManager::HandleKey: down (0xf081) pressed, window 10025, action is Down
2026-08-24 11:12:22.030 T:10408   debug <general>: Keyboard: scancode: 0xc150, sym: 0x112 (down), unicode: 0x00, modifier: 0x0
2026-08-24 11:12:22.180 T:10408   debug <general>: Keyboard: scancode: 0x150, sym: 0x112 (down), unicode: 0x00, modifier: 0x0
2026-08-24 11:12:22.180 T:10408   debug <general>: CInputManager::HandleKey: down (0xf081) pressed, window 10025, action is Down
2026-08-24 11:12:22.246 T:10408   debug <general>: Keyboard: scancode: 0xc150, sym: 0x112 (down), unicode: 0x00, modifier: 0x0
2026-08-24 11:12:22.359 T:10408   debug <general>: Keyboard: scancode: 0x150, sym: 0x112 (down), unicode: 0x00, modifier: 0x0
2026-08-24 11:12:22.360 T:10408   debug <general>: CInputManager::HandleKey: down (0xf081) pressed, window 10025, action is Down
2026-08-24 11:12:22.472 T:10408   debug <general>: Keyboard: scancode: 0xc150, sym: 0x112 (down), unicode: 0x00, modifier: 0x0
2026-08-24 11:12:22.563 T:10408   debug <general>: Keyboard: scancode: 0x150, sym: 0x112 (down), unicode: 0x00, modifier: 0x0
2026-08-24 11:12:22.564 T:10408   debug <general>: CInputManager::HandleKey: down (0xf081) pressed, window 10025, action is Down
2026-08-24 11:12:22.613 T:10408   debug <general>: Keyboard: scancode: 0xc150, sym: 0x112 (down), unicode: 0x00, modifier: 0x0
2026-08-24 11:12:22.766 T:10408   debug <general>: Keyboard: scancode: 0x150, sym: 0x112 (down), unicode: 0x00, modifier: 0x0
2026-08-24 11:12:22.767 T:10408   debug <general>: CInputManager::HandleKey: down (0xf081) pressed, window 10025, action is Down
2026-08-24 11:12:22.772 T:10408   debug <general>: Keyboard: scancode: 0xc150, sym: 0x112 (down), unicode: 0x00, modifier: 0x0
2026-08-24 11:12:22.947 T:10408   debug <general>: Keyboard: scancode: 0x150, sym: 0x112 (down), unicode: 0x00, modifier: 0x0
2026-08-24 11:12:22.947 T:10408   debug <general>: CInputManager::HandleKey: down (0xf081) pressed, window 10025, action is Down
2026-08-24 11:12:22.952 T:10408   debug <general>: Keyboard: scancode: 0xc150, sym: 0x112 (down), unicode: 0x00, modifier: 0x0
2026-08-24 11:12:23.196 T:10408   debug <general>: Keyboard: scancode: 0xe, sym: 0x08 (backspace), unicode: 0x08, modifier: 0x0
2026-08-24 11:12:23.330 T:10408   debug <general>: Keyboard: scancode: 0xc00e, sym: 0x08 (backspace), unicode: 0x00, modifier: 0x0
2026-08-24 11:12:23.330 T:10408   debug <general>: CInputManager::HandleKey: backspace (0xf008) pressed, window 10025, action is Back
2026-08-24 11:12:23.331 T:10408   debug <general>: CGUIWindowManager::PreviousWindow: Deactivate
2026-08-24 11:12:23.631 T:10408   debug <general>: ------ Window Deinit (MyVideoNav.xml) ------
2026-08-24 11:12:23.631 T:10408   debug <general>: FreeVisualisation() done
2026-08-24 11:12:23.646 T:10408   debug <general>: CGUIWindowManager::PreviousWindow: Activate new
2026-08-24 11:12:23.646 T:10408   debug <general>: ------ Window Init (Home.xml) ------
2026-08-24 11:12:23.647 T:10408   debug <general>: CDirectoryProvider[addons://]: refreshing..
2026-08-24 11:12:23.647 T:10408   debug <general>: CDirectoryProvider[addons://sources/video/]: refreshing..
2026-08-24 11:12:23.647 T:10408   debug <general>: CDirectoryProvider[addons://sources/audio/]: refreshing..
2026-08-24 11:12:23.647 T:10408   debug <general>: CDirectoryProvider[addons://sources/game/]: refreshing..
2026-08-24 11:12:23.647 T:10408   debug <general>: CDirectoryProvider[addons://sources/executable/]: refreshing..
2026-08-24 11:12:23.647 T:10408   debug <general>: CDirectoryProvider[addons://sources/image/]: refreshing..
2026-08-24 11:12:23.647 T:10408   debug <general>: CDirectoryProvider[addons://sources/game/]: refreshing..
2026-08-24 11:12:23.648 T:9440    debug <general>: CAddonDatabase: SELECT repo.id FROM repo .. took 0 ms
2026-08-24 11:12:23.663 T:9440    debug <general>: CAddonDatabase: query  SELECT addons.*, repo.addonID AS repoID FROM addons JOIN addonlinkrepo ON addons.id=addonlinkrepo.idAddon JOIN repo ON repo.id=addonlinkrepo.idRepo WHERE addonlinkrepo.idRepo IN (1,2) ORDER BY repo.addonID, addons.addonID returned 1059 rows in 14 ms
2026-08-24 11:12:23.750 T:9440    debug <general>: CAddonDatabase::GetAddons took 101 ms
2026-08-24 11:12:23.758 T:9440    debug <general>: CAddonMgr::GetAvailableUpdatesOrOutdatedAddons took 111 ms
2026-08-24 11:12:23.996 T:10408   debug <general>: Keyboard: scancode: 0x1c, sym: 0x0d (enter), unicode: 0x0d, modifier: 0x0
2026-08-24 11:12:24.496 T:10408   debug <general>: Keyboard: scancode: 0x401c, sym: 0x0d (enter), unicode: 0x0d, modifier: 0x0
2026-08-24 11:12:24.763 T:10408    info <general>: Skipped 7 duplicate messages..
2026-08-24 11:12:24.763 T:10408   debug <general>: CInputManager::HandleKey: long-return (0x100f00d) pressed, window 10000, action is ContextMenu
2026-08-24 11:12:24.769 T:10408   debug <general>: CPlayerCoreFactory::GetPlayers(plugin://plugin.video.moviehub/)
2026-08-24 11:12:24.769 T:10408   debug <general>: CPlayerSelectionRule::GetPlayers: considering rule: system rules
2026-08-24 11:12:24.769 T:10408   debug <general>: CPlayerSelectionRule::GetPlayers: matches rule: system rules
2026-08-24 11:12:24.769 T:10408   debug <general>: CPlayerSelectionRule::GetPlayers: considering rule: mms/udp
2026-08-24 11:12:24.769 T:10408   debug <general>: CPlayerSelectionRule::GetPlayers: considering rule: lastfm/shout
2026-08-24 11:12:24.769 T:10408   debug <general>: CPlayerSelectionRule::GetPlayers: considering rule: rtmp
2026-08-24 11:12:24.769 T:10408   debug <general>: CPlayerSelectionRule::GetPlayers: considering rule: rtsp
2026-08-24 11:12:24.769 T:10408   debug <general>: CPlayerSelectionRule::GetPlayers: considering rule: streams
2026-08-24 11:12:24.769 T:10408   debug <general>: CPlayerSelectionRule::GetPlayers: considering rule: dvd
2026-08-24 11:12:24.769 T:10408   debug <general>: CPlayerSelectionRule::GetPlayers: considering rule: discimage
2026-08-24 11:12:24.769 T:10408   debug <general>: CPlayerSelectionRule::GetPlayers: considering rule: sdp/asf
2026-08-24 11:12:24.770 T:10408   debug <general>: CPlayerSelectionRule::GetPlayers: considering rule: nsv
2026-08-24 11:12:24.770 T:10408   debug <general>: CPlayerSelectionRule::GetPlayers: considering rule: radio
2026-08-24 11:12:24.770 T:10408   debug <general>: CPlayerCoreFactory::GetPlayers: matched 0 rules with players
2026-08-24 11:12:24.770 T:10408   debug <general>: CPlayerCoreFactory::GetPlayers: adding videodefaultplayer (VideoPlayer)
2026-08-24 11:12:24.770 T:10408   debug <general>: CPlayerCoreFactory::GetPlayers: for video=true, audio=false
2026-08-24 11:12:24.770 T:10408   debug <general>: CPlayerCoreFactory::GetPlayers: for video=true, audio=true
2026-08-24 11:12:24.770 T:10408   debug <general>: CPlayerCoreFactory::GetPlayers: added 1 players
2026-08-24 11:12:24.770 T:10408   debug <general>: CPlayerCoreFactory::GetPlayers(plugin://plugin.video.moviehub/)
2026-08-24 11:12:24.770 T:10408   debug <general>: CPlayerSelectionRule::GetPlayers: considering rule: system rules
2026-08-24 11:12:24.770 T:10408   debug <general>: CPlayerSelectionRule::GetPlayers: matches rule: system rules
2026-08-24 11:12:24.770 T:10408   debug <general>: CPlayerSelectionRule::GetPlayers: considering rule: mms/udp
2026-08-24 11:12:24.770 T:10408   debug <general>: CPlayerSelectionRule::GetPlayers: considering rule: lastfm/shout
2026-08-24 11:12:24.770 T:10408   debug <general>: CPlayerSelectionRule::GetPlayers: considering rule: rtmp
2026-08-24 11:12:24.770 T:10408   debug <general>: CPlayerSelectionRule::GetPlayers: considering rule: rtsp
2026-08-24 11:12:24.770 T:10408   debug <general>: CPlayerSelectionRule::GetPlayers: considering rule: streams
2026-08-24 11:12:24.770 T:10408   debug <general>: CPlayerSelectionRule::GetPlayers: considering rule: dvd
2026-08-24 11:12:24.770 T:10408   debug <general>: CPlayerSelectionRule::GetPlayers: considering rule: discimage
2026-08-24 11:12:24.770 T:10408   debug <general>: CPlayerSelectionRule::GetPlayers: considering rule: sdp/asf
2026-08-24 11:12:24.770 T:10408   debug <general>: CPlayerSelectionRule::GetPlayers: considering rule: nsv
2026-08-24 11:12:24.770 T:10408   debug <general>: CPlayerSelectionRule::GetPlayers: considering rule: radio
2026-08-24 11:12:24.771 T:10408   debug <general>: CPlayerCoreFactory::GetPlayers: matched 0 rules with players
2026-08-24 11:12:24.771 T:10408   debug <general>: CPlayerCoreFactory::GetPlayers: adding videodefaultplayer (VideoPlayer)
2026-08-24 11:12:24.771 T:10408   debug <general>: CPlayerCoreFactory::GetPlayers: for video=true, audio=false
2026-08-24 11:12:24.771 T:10408   debug <general>: CPlayerCoreFactory::GetPlayers: for video=true, audio=true
2026-08-24 11:12:24.771 T:10408   debug <general>: CPlayerCoreFactory::GetPlayers: added 1 players
2026-08-24 11:12:24.771 T:10408   debug <CAddonSettings[0@plugin.video.moviehub]>: trying to load setting definitions from old format...
2026-08-24 11:12:24.772 T:10408   debug <general>: ------ Window Init (DialogContextMenu.xml) ------
2026-08-24 11:12:24.796 T:10408   debug <general>: Keyboard: scancode: 0x401c, sym: 0x0d (enter), unicode: 0x0d, modifier: 0x0
2026-08-24 11:12:24.913 T:10408    info <general>: Skipped 3 duplicate messages..
2026-08-24 11:12:24.913 T:10408   debug <general>: Keyboard: scancode: 0xc01c, sym: 0x0d (enter), unicode: 0x00, modifier: 0x0
2026-08-24 11:12:25.463 T:10408   debug <general>: Keyboard: scancode: 0x1c, sym: 0x0d (enter), unicode: 0x0d, modifier: 0x0
2026-08-24 11:12:25.596 T:10408   debug <general>: Keyboard: scancode: 0xc01c, sym: 0x0d (enter), unicode: 0x00, modifier: 0x0
2026-08-24 11:12:25.596 T:10408   debug <general>: CInputManager::HandleKey: return (0xf00d) pressed, window 10106, action is Select
2026-08-24 11:12:25.865 T:10408   debug <general>: ------ Window Deinit (DialogContextMenu.xml) ------
2026-08-24 11:12:25.879 T:10408   debug <general>: CGUIDialogAddonInfo::SetItem - Addon with id plugin.video.moviehub not found locally.
2026-08-24 11:12:25.880 T:10408   debug <general>: ------ Window Init (DialogAddonInfo.xml) ------
2026-08-24 11:12:25.880 T:10408    info <general>: Loading skin file: DialogAddonInfo.xml, load type: KEEP_IN_MEMORY
2026-08-24 11:12:25.915 T:10408   debug <CAddonSettings[0@plugin.video.moviehub]>: trying to load setting definitions from old format...
2026-08-24 11:12:27.896 T:10408   debug <general>: Keyboard: scancode: 0x14d, sym: 0x113 (right), unicode: 0x00, modifier: 0x0
2026-08-24 11:12:27.896 T:10408   debug <general>: CInputManager::HandleKey: right (0xf083) pressed, window 10146, action is Right
2026-08-24 11:12:28.080 T:10408   debug <general>: Keyboard: scancode: 0xc14d, sym: 0x113 (right), unicode: 0x00, modifier: 0x0
2026-08-24 11:12:28.256 T:10408   debug <general>: Keyboard: scancode: 0x1c, sym: 0x0d (enter), unicode: 0x0d, modifier: 0x0
2026-08-24 11:12:28.344 T:10408   debug <general>: XCURL::DllLibCurlGlobal::CheckIdle - Closing session to https://jmadhavp.github.io (easy=0x17a537d3410, multi=0x17a5343c8b0)
2026-08-24 11:12:28.350 T:10408   debug <general>: Keyboard: scancode: 0xc01c, sym: 0x0d (enter), unicode: 0x00, modifier: 0x0
2026-08-24 11:12:28.351 T:10408   debug <general>: CInputManager::HandleKey: return (0xf00d) pressed, window 10146, action is Select
2026-08-24 11:12:28.391 T:10408   debug <general>: CDirectoryProvider[addons://]: refreshing..
2026-08-24 11:12:28.392 T:10408   debug <general>: CDirectoryProvider[addons://sources/video/]: refreshing..
2026-08-24 11:12:28.392 T:10408   debug <general>: CDirectoryProvider[addons://sources/audio/]: refreshing..
2026-08-24 11:12:28.392 T:10408   debug <general>: CDirectoryProvider[addons://sources/game/]: refreshing..
2026-08-24 11:12:28.392 T:10408   debug <general>: CDirectoryProvider[addons://sources/executable/]: refreshing..
2026-08-24 11:12:28.392 T:10408   debug <general>: CDirectoryProvider[addons://sources/image/]: refreshing..
2026-08-24 11:12:28.393 T:9440    debug <general>: CAddonDatabase: SELECT repo.id FROM repo .. took 0 ms
2026-08-24 11:12:28.408 T:9440    debug <general>: CAddonDatabase: query  SELECT addons.*, repo.addonID AS repoID FROM addons JOIN addonlinkrepo ON addons.id=addonlinkrepo.idAddon JOIN repo ON repo.id=addonlinkrepo.idRepo WHERE addonlinkrepo.idRepo IN (1,2) ORDER BY repo.addonID, addons.addonID returned 1059 rows in 14 ms
2026-08-24 11:12:28.488 T:9440    debug <general>: CAddonDatabase::GetAddons took 95 ms
2026-08-24 11:12:28.497 T:9440    debug <general>: CAddonMgr::GetAvailableUpdatesOrOutdatedAddons took 104 ms
2026-08-24 11:12:28.772 T:10408   debug <general>: Keyboard: scancode: 0x1c, sym: 0x0d (enter), unicode: 0x0d, modifier: 0x0
2026-08-24 11:12:28.846 T:10408   debug <general>: XCURL::DllLibCurlGlobal::CheckIdle - Closing session to https://mirrors.kodi.tv (easy=0x17a53805800, multi=0x17a5343c0e0)
2026-08-24 11:12:28.848 T:10408   debug <general>: Keyboard: scancode: 0xc01c, sym: 0x0d (enter), unicode: 0x00, modifier: 0x0
2026-08-24 11:12:28.848 T:10408   debug <general>: CInputManager::HandleKey: return (0xf00d) pressed, window 10146, action is Select
2026-08-24 11:12:28.874 T:10408   debug <general>: CDirectoryProvider[addons://]: refreshing..
2026-08-24 11:12:28.874 T:10408   debug <general>: CDirectoryProvider[addons://sources/video/]: refreshing..
2026-08-24 11:12:28.874 T:10408   debug <general>: CDirectoryProvider[addons://sources/audio/]: refreshing..
2026-08-24 11:12:28.874 T:10408   debug <general>: CDirectoryProvider[addons://sources/game/]: refreshing..
2026-08-24 11:12:28.874 T:10408   debug <general>: CDirectoryProvider[addons://sources/executable/]: refreshing..
2026-08-24 11:12:28.874 T:10408   debug <general>: CDirectoryProvider[addons://sources/image/]: refreshing..
2026-08-24 11:12:28.875 T:14468   debug <general>: CAddonDatabase: SELECT repo.id FROM repo .. took 0 ms
2026-08-24 11:12:28.889 T:14468   debug <general>: CAddonDatabase: query  SELECT addons.*, repo.addonID AS repoID FROM addons JOIN addonlinkrepo ON addons.id=addonlinkrepo.idAddon JOIN repo ON repo.id=addonlinkrepo.idRepo WHERE addonlinkrepo.idRepo IN (1,2) ORDER BY repo.addonID, addons.addonID returned 1059 rows in 13 ms
2026-08-24 11:12:28.974 T:14468   debug <general>: CAddonDatabase::GetAddons took 98 ms
2026-08-24 11:12:28.983 T:14468   debug <general>: CAddonMgr::GetAvailableUpdatesOrOutdatedAddons took 108 ms
2026-08-24 11:12:29.745 T:10408   debug <general>: Keyboard: scancode: 0x14b, sym: 0x114 (left), unicode: 0x00, modifier: 0x0
2026-08-24 11:12:29.746 T:10408   debug <general>: CInputManager::HandleKey: left (0xf082) pressed, window 10146, action is Left
2026-08-24 11:12:29.980 T:10408   debug <general>: Keyboard: scancode: 0xc14b, sym: 0x114 (left), unicode: 0x00, modifier: 0x0
2026-08-24 11:12:30.129 T:10408   debug <general>: Keyboard: scancode: 0x1c, sym: 0x0d (enter), unicode: 0x0d, modifier: 0x0
2026-08-24 11:12:30.297 T:10408   debug <general>: Keyboard: scancode: 0xc01c, sym: 0x0d (enter), unicode: 0x00, modifier: 0x0
2026-08-24 11:12:30.298 T:10408   debug <general>: CInputManager::HandleKey: return (0xf00d) pressed, window 10146, action is Select
2026-08-24 11:12:30.298 T:10408   debug <general>: ------ Window Init (DialogAddonSettings.xml) ------
2026-08-24 11:12:30.298 T:10408    info <general>: Loading skin file: DialogAddonSettings.xml, load type: KEEP_IN_MEMORY
2026-08-24 11:12:31.412 T:10408   debug <general>: Keyboard: scancode: 0xe, sym: 0x08 (backspace), unicode: 0x08, modifier: 0x0
2026-08-24 11:12:31.543 T:12624    info <general>: [plugin.video.youtube] service_runner:138(run) - Clear property 'plugin_sleeping'
2026-08-24 11:12:31.546 T:12624    info <general>: [plugin.video.youtube] service_runner:244(run) - Set property 'plugin_sleeping': 'true'
2026-08-24 11:12:31.579 T:10408   debug <general>: Keyboard: scancode: 0xc00e, sym: 0x08 (backspace), unicode: 0x00, modifier: 0x0
2026-08-24 11:12:31.579 T:10408   debug <general>: CInputManager::HandleKey: backspace (0xf008) pressed, window 10140, action is Back
2026-08-24 11:12:31.849 T:10408   debug <general>: ------ Window Deinit (DialogAddonSettings.xml) ------
2026-08-24 11:12:31.879 T:10408   debug <CAddonSettings[0@plugin.video.moviehub]>: trying to load setting definitions from old format...
2026-08-24 11:12:32.445 T:10408   debug <general>: Keyboard: scancode: 0xe, sym: 0x08 (backspace), unicode: 0x08, modifier: 0x0
2026-08-24 11:12:32.578 T:10408   debug <general>: Keyboard: scancode: 0xc00e, sym: 0x08 (backspace), unicode: 0x00, modifier: 0x0
2026-08-24 11:12:32.579 T:10408   debug <general>: CInputManager::HandleKey: backspace (0xf008) pressed, window 10146, action is Back
2026-08-24 11:12:32.897 T:10408   debug <general>: ------ Window Deinit (DialogAddonInfo.xml) ------
2026-08-24 11:12:33.480 T:10408   debug <general>: Keyboard: scancode: 0x1c, sym: 0x0d (enter), unicode: 0x0d, modifier: 0x0
2026-08-24 11:12:33.565 T:10408   debug <general>: Keyboard: scancode: 0xc01c, sym: 0x0d (enter), unicode: 0x00, modifier: 0x0
2026-08-24 11:12:33.565 T:10408   debug <general>: CInputManager::HandleKey: return (0xf00d) pressed, window 10000, action is Select
2026-08-24 11:12:33.566 T:10408   debug <general>: Activating window ID: 10025
2026-08-24 11:12:33.879 T:10408   debug <general>: ------ Window Deinit (Home.xml) ------
2026-08-24 11:12:33.879 T:10408   debug <general>: FreeVisualisation() done
2026-08-24 11:12:33.895 T:10408   debug <general>: ------ Window Init (MyVideoNav.xml) ------
2026-08-24 11:12:33.901 T:10408   error <general>: Control 55 in window 10025 has been asked to focus, but it can't
2026-08-24 11:12:33.911 T:10408   debug <general>: CGUIMediaWindow::GetDirectory (plugin://plugin.video.moviehub/)
2026-08-24 11:12:33.911 T:10408   debug <general>:   ParentPath = [plugin://plugin.video.moviehub/]
2026-08-24 11:12:33.912 T:11072   debug <general>: Thread waiting start, auto delete: false
2026-08-24 11:12:34.013 T:10408   debug <general>: ------ Window Init (DialogBusy.xml) ------
2026-08-24 11:12:34.046 T:10408   debug <general>: Keyboard: scancode: 0x14d, sym: 0x113 (right), unicode: 0x00, modifier: 0x0
2026-08-24 11:12:34.046 T:10408   debug <general>: CInputManager::HandleKey: right (0xf083) pressed, window 10138, action is Right
2026-08-24 11:12:34.118 T:14468   debug <general>: CAddonDatabase::SetLastUsed[plugin.video.moviehub] took 206 ms
2026-08-24 11:12:34.118 T:11072   debug <general>: CScriptRunner: running add-on script MovieHub - Free Movies('plugin://plugin.video.moviehub/', '2', '')
2026-08-24 11:12:34.119 T:7416    debug <general>: Thread LanguageInvoker start, auto delete: false
2026-08-24 11:12:34.119 T:7416    debug <general>: initializing python engine.
2026-08-24 11:12:34.119 T:7416    debug <general>: CPythonInvoker(3, C:\Users\mj\AppData\Roaming\Kodi\addons\plugin.video.moviehub\main.py): start processing
2026-08-24 11:12:34.146 T:7416    debug <general>: -->Python Interpreter Initialized<--
2026-08-24 11:12:34.146 T:7416    debug <general>: 
                                                   
2026-08-24 11:12:34.146 T:7416    debug <general>: CPythonInvoker(3, C:\Users\mj\AppData\Roaming\Kodi\addons\plugin.video.moviehub\main.py): the source file to load is "C:\Users\mj\AppData\Roaming\Kodi\addons\plugin.video.moviehub\main.py"
2026-08-24 11:12:34.146 T:7416    debug <general>: CPythonInvoker(3): full python path:
2026-08-24 11:12:34.146 T:7416    debug <general>: CPythonInvoker(3):   custom python path:
2026-08-24 11:12:34.146 T:7416    debug <general>: CPythonInvoker(3):     C:\Users\mj\AppData\Roaming\Kodi\addons\plugin.video.moviehub
2026-08-24 11:12:34.146 T:7416    debug <general>: CPythonInvoker(3):   default python path:
2026-08-24 11:12:34.146 T:7416    debug <general>: CPythonInvoker(3):     C:\Program Files\Kodi\system\python\DLLs
2026-08-24 11:12:34.146 T:7416    debug <general>: CPythonInvoker(3):     C:\Program Files\Kodi\system\python\Lib
2026-08-24 11:12:34.146 T:7416    debug <general>: CPythonInvoker(3):     C:\Program Files\Kodi\system\python\Lib\site-packages
2026-08-24 11:12:34.146 T:7416    debug <general>: CPythonInvoker(3): adding args:
2026-08-24 11:12:34.147 T:7416    debug <general>: CPythonInvoker(3):  plugin://plugin.video.moviehub/
2026-08-24 11:12:34.147 T:7416    debug <general>: CPythonInvoker(3):  2
2026-08-24 11:12:34.147 T:7416    debug <general>: CPythonInvoker(3):  
2026-08-24 11:12:34.147 T:7416    debug <general>: CPythonInvoker(3):  resume:false
2026-08-24 11:12:34.147 T:7416    debug <general>: CPythonInvoker(3, C:\Users\mj\AppData\Roaming\Kodi\addons\plugin.video.moviehub\main.py): entering source directory C:\Users\mj\AppData\Roaming\Kodi\addons\plugin.video.moviehub
2026-08-24 11:12:34.147 T:7416    debug <general>: CPythonInvoker(3, C:\Users\mj\AppData\Roaming\Kodi\addons\plugin.video.moviehub\main.py): instantiating addon using automatically obtained id of "plugin.video.moviehub" dependent on version 3.0.0 of the xbmc.python api
2026-08-24 11:12:34.163 T:10408   debug <general>: Keyboard: scancode: 0xc14d, sym: 0x113 (right), unicode: 0x00, modifier: 0x0
2026-08-24 11:12:34.280 T:10408   debug <general>: Keyboard: scancode: 0x14d, sym: 0x113 (right), unicode: 0x00, modifier: 0x0
2026-08-24 11:12:34.281 T:10408   debug <general>: CInputManager::HandleKey: right (0xf083) pressed, window 10138, action is Right
2026-08-24 11:12:34.357 T:7416    debug <CAddonSettings[0@plugin.video.moviehub]>: trying to load setting definitions from old format...
2026-08-24 11:12:34.363 T:10408   debug <general>: Keyboard: scancode: 0xc14d, sym: 0x113 (right), unicode: 0x00, modifier: 0x0
2026-08-24 11:12:34.402 T:7416    debug <CAddonSettings[0@plugin.video.moviehub]>: trying to load setting definitions from old format...
2026-08-24 11:12:34.402 T:7416    debug <CSettingsManager>: requested setting (enable_movies) was not found.
2026-08-24 11:12:34.413 T:7416  warning <general>: Setting most video properties through ListItem.setInfo() is deprecated and might be removed in future Kodi versions. Please use the respective setter in InfoTagVideo.
2026-08-24 11:12:34.413 T:7416    debug <general>: CPythonInvoker(3, C:\Users\mj\AppData\Roaming\Kodi\addons\plugin.video.moviehub\main.py): script successfully run
2026-08-24 11:12:34.414 T:7416    debug <general>: CPythonInvoker::onExecutionDone(3, C:\Users\mj\AppData\Roaming\Kodi\addons\plugin.video.moviehub\main.py)
2026-08-24 11:12:34.414 T:11072   debug <general>: Thread waiting 11072 terminating
2026-08-24 11:12:34.428 T:10408   debug <general>: ------ Window Deinit (DialogBusy.xml) ------
2026-08-24 11:12:34.448 T:12672   debug <general>: Thread BackgroundLoader start, auto delete: false
2026-08-24 11:12:34.455 T:12672   debug <general>: Thread BackgroundLoader 12672 terminating
2026-08-24 11:12:34.461 T:7416    debug <general>: Python interpreter stopped
2026-08-24 11:12:34.462 T:7416    debug <general>: Thread LanguageInvoker 7416 terminating
2026-08-24 11:12:35.558 T:10408   debug <general>: Keyboard: scancode: 0x148, sym: 0x111 (up), unicode: 0x00, modifier: 0x0
2026-08-24 11:12:35.558 T:10408   debug <general>: CInputManager::HandleKey: up (0xf080) pressed, window 10025, action is Up
2026-08-24 11:12:35.678 T:10408   debug <general>: Keyboard: scancode: 0xc148, sym: 0x111 (up), unicode: 0x00, modifier: 0x0
2026-08-24 11:12:35.778 T:10408   debug <general>: Keyboard: scancode: 0x148, sym: 0x111 (up), unicode: 0x00, modifier: 0x0
2026-08-24 11:12:35.778 T:10408   debug <general>: CInputManager::HandleKey: up (0xf080) pressed, window 10025, action is Up
2026-08-24 11:12:35.888 T:10408   debug <general>: Keyboard: scancode: 0xc148, sym: 0x111 (up), unicode: 0x00, modifier: 0x0
2026-08-24 11:12:35.928 T:10408   debug <general>: Keyboard: scancode: 0x148, sym: 0x111 (up), unicode: 0x00, modifier: 0x0
2026-08-24 11:12:35.928 T:10408   debug <general>: CInputManager::HandleKey: up (0xf080) pressed, window 10025, action is Up
2026-08-24 11:12:36.011 T:10408   debug <general>: Keyboard: scancode: 0xc148, sym: 0x111 (up), unicode: 0x00, modifier: 0x0
2026-08-24 11:12:36.261 T:10408   debug <general>: Keyboard: scancode: 0x1c, sym: 0x0d (enter), unicode: 0x0d, modifier: 0x0
2026-08-24 11:12:36.374 T:10408   debug <general>: Keyboard: scancode: 0xc01c, sym: 0x0d (enter), unicode: 0x00, modifier: 0x0
2026-08-24 11:12:36.374 T:10408   debug <general>: CInputManager::HandleKey: return (0xf00d) pressed, window 10025, action is Select
2026-08-24 11:12:36.375 T:10408   debug <general>: CGUIMediaWindow::GetDirectory (plugin://plugin.video.moviehub/?mode=latest&site=movies)
2026-08-24 11:12:36.375 T:10408   debug <general>:   ParentPath = [plugin://plugin.video.moviehub/]
2026-08-24 11:12:36.376 T:3972    debug <general>: Thread waiting start, auto delete: false
2026-08-24 11:12:36.413 T:14468   debug <general>: CAddonDatabase::SetLastUsed[plugin.video.moviehub] took 38 ms
2026-08-24 11:12:36.413 T:3972    debug <general>: CScriptRunner: running add-on script MovieHub - Free Movies('plugin://plugin.video.moviehub/', '3', '?mode=latest&site=movies')
2026-08-24 11:12:36.414 T:8948    debug <general>: Thread LanguageInvoker start, auto delete: false
2026-08-24 11:12:36.414 T:8948    debug <general>: initializing python engine.
2026-08-24 11:12:36.414 T:8948    debug <general>: CPythonInvoker(4, C:\Users\mj\AppData\Roaming\Kodi\addons\plugin.video.moviehub\main.py): start processing
2026-08-24 11:12:36.439 T:8948    debug <general>: -->Python Interpreter Initialized<--
2026-08-24 11:12:36.440 T:8948    debug <general>: 
                                                   
2026-08-24 11:12:36.440 T:8948    debug <general>: CPythonInvoker(4, C:\Users\mj\AppData\Roaming\Kodi\addons\plugin.video.moviehub\main.py): the source file to load is "C:\Users\mj\AppData\Roaming\Kodi\addons\plugin.video.moviehub\main.py"
2026-08-24 11:12:36.440 T:8948    debug <general>: CPythonInvoker(4): full python path:
2026-08-24 11:12:36.440 T:8948    debug <general>: CPythonInvoker(4):   custom python path:
2026-08-24 11:12:36.440 T:8948    debug <general>: CPythonInvoker(4):     C:\Users\mj\AppData\Roaming\Kodi\addons\plugin.video.moviehub
2026-08-24 11:12:36.440 T:8948    debug <general>: CPythonInvoker(4):   default python path:
2026-08-24 11:12:36.440 T:8948    debug <general>: CPythonInvoker(4):     C:\Program Files\Kodi\system\python\DLLs
2026-08-24 11:12:36.440 T:8948    debug <general>: CPythonInvoker(4):     C:\Program Files\Kodi\system\python\Lib
2026-08-24 11:12:36.440 T:8948    debug <general>: CPythonInvoker(4):     C:\Program Files\Kodi\system\python\Lib\site-packages
2026-08-24 11:12:36.440 T:8948    debug <general>: CPythonInvoker(4): adding args:
2026-08-24 11:12:36.440 T:8948    debug <general>: CPythonInvoker(4):  plugin://plugin.video.moviehub/
2026-08-24 11:12:36.440 T:8948    debug <general>: CPythonInvoker(4):  3
2026-08-24 11:12:36.440 T:8948    debug <general>: CPythonInvoker(4):  ?mode=latest&site=movies
2026-08-24 11:12:36.440 T:8948    debug <general>: CPythonInvoker(4):  resume:false
2026-08-24 11:12:36.440 T:8948    debug <general>: CPythonInvoker(4, C:\Users\mj\AppData\Roaming\Kodi\addons\plugin.video.moviehub\main.py): entering source directory C:\Users\mj\AppData\Roaming\Kodi\addons\plugin.video.moviehub
2026-08-24 11:12:36.440 T:8948    debug <general>: CPythonInvoker(4, C:\Users\mj\AppData\Roaming\Kodi\addons\plugin.video.moviehub\main.py): instantiating addon using automatically obtained id of "plugin.video.moviehub" dependent on version 3.0.0 of the xbmc.python api
2026-08-24 11:12:36.477 T:10408   debug <general>: ------ Window Init (DialogBusy.xml) ------
2026-08-24 11:12:36.636 T:8948    debug <CAddonSettings[0@plugin.video.moviehub]>: trying to load setting definitions from old format...
2026-08-24 11:12:36.980 T:8948  warning <general>: Setting most video properties through ListItem.setInfo() is deprecated and might be removed in future Kodi versions. Please use the respective setter in InfoTagVideo.
2026-08-24 11:12:37.017 T:8948     info <general>: Skipped 39 duplicate messages..
2026-08-24 11:12:37.017 T:8948    debug <general>: CPythonInvoker(4, C:\Users\mj\AppData\Roaming\Kodi\addons\plugin.video.moviehub\main.py): script successfully run
2026-08-24 11:12:37.017 T:8948    debug <general>: CPythonInvoker::onExecutionDone(4, C:\Users\mj\AppData\Roaming\Kodi\addons\plugin.video.moviehub\main.py)
2026-08-24 11:12:37.017 T:3972    debug <general>: Thread waiting 3972 terminating
2026-08-24 11:12:37.045 T:10408   debug <general>: ------ Window Deinit (DialogBusy.xml) ------
2026-08-24 11:12:37.064 T:8948    debug <general>: Python interpreter stopped
2026-08-24 11:12:37.064 T:8948    debug <general>: Thread LanguageInvoker 8948 terminating
2026-08-24 11:12:37.082 T:8656    debug <general>: Thread BackgroundLoader start, auto delete: false
2026-08-24 11:12:37.090 T:8656    debug <general>: Thread BackgroundLoader 8656 terminating
2026-08-24 11:12:37.395 T:10408   debug <general>: Keyboard: scancode: 0x150, sym: 0x112 (down), unicode: 0x00, modifier: 0x0
2026-08-24 11:12:37.395 T:10408   debug <general>: CInputManager::HandleKey: down (0xf081) pressed, window 10025, action is Down
2026-08-24 11:12:37.495 T:10408   debug <general>: Keyboard: scancode: 0xc150, sym: 0x112 (down), unicode: 0x00, modifier: 0x0
2026-08-24 11:12:37.628 T:10408   debug <general>: Keyboard: scancode: 0x150, sym: 0x112 (down), unicode: 0x00, modifier: 0x0
2026-08-24 11:12:37.628 T:10408   debug <general>: CInputManager::HandleKey: down (0xf081) pressed, window 10025, action is Down
2026-08-24 11:12:37.661 T:10408   debug <general>: Keyboard: scancode: 0xc150, sym: 0x112 (down), unicode: 0x00, modifier: 0x0
2026-08-24 11:12:37.795 T:10408   debug <general>: Keyboard: scancode: 0x150, sym: 0x112 (down), unicode: 0x00, modifier: 0x0
2026-08-24 11:12:37.795 T:10408   debug <general>: CInputManager::HandleKey: down (0xf081) pressed, window 10025, action is Down
2026-08-24 11:12:37.814 T:14468   debug <general>: CImageLoader::DoWork - took 184 ms to load special://masterprofile/Thumbnails/3/36fee3d0.jpg
2026-08-24 11:12:37.828 T:10408   debug <general>: Keyboard: scancode: 0xc150, sym: 0x112 (down), unicode: 0x00, modifier: 0x0
2026-08-24 11:12:38.028 T:10408   debug <general>: Keyboard: scancode: 0x150, sym: 0x112 (down), unicode: 0x00, modifier: 0x0
2026-08-24 11:12:38.028 T:10408   debug <general>: CInputManager::HandleKey: down (0xf081) pressed, window 10025, action is Down
2026-08-24 11:12:38.061 T:10408   debug <general>: Keyboard: scancode: 0xc150, sym: 0x112 (down), unicode: 0x00, modifier: 0x0
2026-08-24 11:12:38.169 T:10552   debug <general>: CImageLoader::DoWork - took 140 ms to load special://masterprofile/Thumbnails/b/b92ee710.jpg
2026-08-24 11:12:38.194 T:10408   debug <general>: Keyboard: scancode: 0x150, sym: 0x112 (down), unicode: 0x00, modifier: 0x0
2026-08-24 11:12:38.195 T:10408   debug <general>: CInputManager::HandleKey: down (0xf081) pressed, window 10025, action is Down
2026-08-24 11:12:38.261 T:10408   debug <general>: Keyboard: scancode: 0xc150, sym: 0x112 (down), unicode: 0x00, modifier: 0x0
2026-08-24 11:12:38.361 T:10408   debug <general>: Keyboard: scancode: 0x150, sym: 0x112 (down), unicode: 0x00, modifier: 0x0
2026-08-24 11:12:38.361 T:10408   debug <general>: CInputManager::HandleKey: down (0xf081) pressed, window 10025, action is Down
2026-08-24 11:12:38.376 T:10552   debug <general>: XCURL::DllLibCurlGlobal::easy_acquire - Created session to https://image.tmdb.org
2026-08-24 11:12:38.428 T:10408   debug <general>: Keyboard: scancode: 0xc150, sym: 0x112 (down), unicode: 0x00, modifier: 0x0
2026-08-24 11:12:38.674 T:10552   debug <general>: CCurlFile::XFILE::CCurlFile::GetMimeType - <https://image.tmdb.org/t/p/w342/2z3kMkaVjz1AdVUiSqWMDDAZoMV.jpg> -> image/jpeg
2026-08-24 11:12:38.675 T:10552   debug <general>: CurlFile::XFILE::CCurlFile::Open - <https://image.tmdb.org/t/p/w342/2z3kMkaVjz1AdVUiSqWMDDAZoMV.jpg>
2026-08-24 11:12:38.961 T:10408   debug <general>: Keyboard: scancode: 0x1c, sym: 0x0d (enter), unicode: 0x0d, modifier: 0x0
2026-08-24 11:12:39.056 T:10552   debug <general>: Caching image 'https://image.tmdb.org/t/p/w342/2z3kMkaVjz1AdVUiSqWMDDAZoMV.jpg' to '9/93c87ea2.jpg':
2026-08-24 11:12:39.056 T:10552   debug <general>: cached image 'special://masterprofile/Thumbnails/9/93c87ea2.jpg' size 342x513
2026-08-24 11:12:39.061 T:10408   debug <general>: Keyboard: scancode: 0xc01c, sym: 0x0d (enter), unicode: 0x00, modifier: 0x0
2026-08-24 11:12:39.061 T:10408   debug <general>: CInputManager::HandleKey: return (0xf00d) pressed, window 10025, action is Select
2026-08-24 11:12:39.062 T:10408   debug <general>: CGUIMediaWindow::GetDirectory (plugin://plugin.video.moviehub/?mode=movie&site=movies&thumb=https%3a%2f%2fimage.tmdb.org%2ft%2fp%2fw342%2f2z3kMkaVjz1AdVUiSqWMDDAZoMV.jpg&title=Love%20Shagun%20%20Hindi%20HD&url=https%3a%2f%2fhdmovie2a.bar%2fmovies%2f58742-love-shagun-2016-hindi-hd%2f)
2026-08-24 11:12:39.062 T:10408   debug <general>:   ParentPath = [plugin://plugin.video.moviehub/?mode=latest&site=movies]
2026-08-24 11:12:39.063 T:15220   debug <general>: Thread waiting start, auto delete: false
2026-08-24 11:12:39.163 T:14468   debug <general>: CAddonDatabase::SetLastUsed[plugin.video.moviehub] took 101 ms
2026-08-24 11:12:39.163 T:10408   debug <general>: ------ Window Init (DialogBusy.xml) ------
2026-08-24 11:12:39.164 T:15220   debug <general>: CScriptRunner: running add-on script MovieHub - Free Movies('plugin://plugin.video.moviehub/', '4', '?mode=movie&site=movies&thumb=https%3a%2f%2fimage.tmdb.org%2ft%2fp%2fw342%2f2z3kMkaVjz1AdVUiSqWMDDAZoMV.jpg&title=Love%20Shagun%20%20Hindi%20HD&url=https%3a%2f%2fhdmovie2a.bar%2fmovies%2f58742-love-shagun-2016-hindi-hd%2f')
2026-08-24 11:12:39.164 T:2688    debug <general>: Thread LanguageInvoker start, auto delete: false
2026-08-24 11:12:39.165 T:2688    debug <general>: initializing python engine.
2026-08-24 11:12:39.165 T:2688    debug <general>: CPythonInvoker(5, C:\Users\mj\AppData\Roaming\Kodi\addons\plugin.video.moviehub\main.py): start processing
2026-08-24 11:12:39.192 T:2688    debug <general>: -->Python Interpreter Initialized<--
2026-08-24 11:12:39.192 T:2688    debug <general>: 
                                                   
2026-08-24 11:12:39.192 T:2688    debug <general>: CPythonInvoker(5, C:\Users\mj\AppData\Roaming\Kodi\addons\plugin.video.moviehub\main.py): the source file to load is "C:\Users\mj\AppData\Roaming\Kodi\addons\plugin.video.moviehub\main.py"
2026-08-24 11:12:39.192 T:2688    debug <general>: CPythonInvoker(5): full python path:
2026-08-24 11:12:39.192 T:2688    debug <general>: CPythonInvoker(5):   custom python path:
2026-08-24 11:12:39.192 T:2688    debug <general>: CPythonInvoker(5):     C:\Users\mj\AppData\Roaming\Kodi\addons\plugin.video.moviehub
2026-08-24 11:12:39.193 T:2688    debug <general>: CPythonInvoker(5):   default python path:
2026-08-24 11:12:39.193 T:2688    debug <general>: CPythonInvoker(5):     C:\Program Files\Kodi\system\python\DLLs
2026-08-24 11:12:39.193 T:2688    debug <general>: CPythonInvoker(5):     C:\Program Files\Kodi\system\python\Lib
2026-08-24 11:12:39.193 T:2688    debug <general>: CPythonInvoker(5):     C:\Program Files\Kodi\system\python\Lib\site-packages
2026-08-24 11:12:39.193 T:2688    debug <general>: CPythonInvoker(5): adding args:
2026-08-24 11:12:39.193 T:2688    debug <general>: CPythonInvoker(5):  plugin://plugin.video.moviehub/
2026-08-24 11:12:39.193 T:2688    debug <general>: CPythonInvoker(5):  4
2026-08-24 11:12:39.193 T:2688    debug <general>: CPythonInvoker(5):  ?mode=movie&site=movies&thumb=https%3a%2f%2fimage.tmdb.org%2ft%2fp%2fw342%2f2z3kMkaVjz1AdVUiSqWMDDAZoMV.jpg&title=Love%20Shagun%20%20Hindi%20HD&url=https%3a%2f%2fhdmovie2a.bar%2fmovies%2f58742-love-shagun-2016-hindi-hd%2f
2026-08-24 11:12:39.193 T:2688    debug <general>: CPythonInvoker(5):  resume:false
2026-08-24 11:12:39.193 T:2688    debug <general>: CPythonInvoker(5, C:\Users\mj\AppData\Roaming\Kodi\addons\plugin.video.moviehub\main.py): entering source directory C:\Users\mj\AppData\Roaming\Kodi\addons\plugin.video.moviehub
2026-08-24 11:12:39.193 T:2688    debug <general>: CPythonInvoker(5, C:\Users\mj\AppData\Roaming\Kodi\addons\plugin.video.moviehub\main.py): instantiating addon using automatically obtained id of "plugin.video.moviehub" dependent on version 3.0.0 of the xbmc.python api
2026-08-24 11:12:39.384 T:2688    debug <CAddonSettings[0@plugin.video.moviehub]>: trying to load setting definitions from old format...
2026-08-24 11:12:39.729 T:2688     info <general>: Skipped 1 duplicate messages..
2026-08-24 11:12:39.729 T:2688  warning <general>: Setting most video properties through ListItem.setInfo() is deprecated and might be removed in future Kodi versions. Please use the respective setter in InfoTagVideo.
2026-08-24 11:12:39.730 T:2688     info <general>: Skipped 2 duplicate messages..
2026-08-24 11:12:39.730 T:2688    debug <general>: CPythonInvoker(5, C:\Users\mj\AppData\Roaming\Kodi\addons\plugin.video.moviehub\main.py): script successfully run
2026-08-24 11:12:39.730 T:2688    debug <general>: CPythonInvoker::onExecutionDone(5, C:\Users\mj\AppData\Roaming\Kodi\addons\plugin.video.moviehub\main.py)
2026-08-24 11:12:39.731 T:15220   debug <general>: Thread waiting 15220 terminating
2026-08-24 11:12:39.761 T:10408   debug <general>: ------ Window Deinit (DialogBusy.xml) ------
2026-08-24 11:12:39.776 T:2688    debug <general>: Python interpreter stopped
2026-08-24 11:12:39.776 T:2688    debug <general>: Thread LanguageInvoker 2688 terminating
2026-08-24 11:12:39.798 T:10492   debug <general>: Thread BackgroundLoader start, auto delete: false
2026-08-24 11:12:39.806 T:10492   debug <general>: Thread BackgroundLoader 10492 terminating
2026-08-24 11:12:40.444 T:10408   debug <general>: Keyboard: scancode: 0x150, sym: 0x112 (down), unicode: 0x00, modifier: 0x0
2026-08-24 11:12:40.445 T:10408   debug <general>: CInputManager::HandleKey: down (0xf081) pressed, window 10025, action is Down
2026-08-24 11:12:40.577 T:10408   debug <general>: Keyboard: scancode: 0xc150, sym: 0x112 (down), unicode: 0x00, modifier: 0x0
2026-08-24 11:12:40.677 T:10408   debug <general>: Keyboard: scancode: 0x150, sym: 0x112 (down), unicode: 0x00, modifier: 0x0
2026-08-24 11:12:40.678 T:10408   debug <general>: CInputManager::HandleKey: down (0xf081) pressed, window 10025, action is Down
2026-08-24 11:12:40.777 T:10408   debug <general>: Keyboard: scancode: 0xc150, sym: 0x112 (down), unicode: 0x00, modifier: 0x0
2026-08-24 11:12:41.177 T:10408   debug <general>: Keyboard: scancode: 0x148, sym: 0x111 (up), unicode: 0x00, modifier: 0x0
2026-08-24 11:12:41.178 T:10408   debug <general>: CInputManager::HandleKey: up (0xf080) pressed, window 10025, action is Up
2026-08-24 11:12:41.354 T:10408   debug <general>: Keyboard: scancode: 0xc148, sym: 0x111 (up), unicode: 0x00, modifier: 0x0
2026-08-24 11:12:41.358 T:10408   debug <general>: Keyboard: scancode: 0x1c, sym: 0x0d (enter), unicode: 0x0d, modifier: 0x0
2026-08-24 11:12:41.494 T:10408   debug <general>: Keyboard: scancode: 0xc01c, sym: 0x0d (enter), unicode: 0x00, modifier: 0x0
2026-08-24 11:12:41.494 T:10408   debug <general>: CInputManager::HandleKey: return (0xf00d) pressed, window 10025, action is Select
2026-08-24 11:12:41.498 T:10408   debug <general>: CGUIWindowVideoBase::OnPlayMedia plugin://plugin.video.moviehub/?mode=resolve&embed=https%3A%2F%2Fhdm2.ink%2Fplay%3Fv%3DQMQBH&title=Love+Shagun++Hindi+HD&thumb=https%3A%2F%2Fimage.tmdb.org%2Ft%2Fp%2Fw342%2F2z3kMkaVjz1AdVUiSqWMDDAZoMV.jpg&referer=https%3A%2F%2Fhdmovie2a.bar%2Fmovies%2F58742-love-shagun-2016-hindi-hd%2F
2026-08-24 11:12:41.499 T:10408   debug <general>: CScriptRunner: running add-on script MovieHub - Free Movies('plugin://plugin.video.moviehub/', '5', '?mode=resolve&embed=https%3A%2F%2Fhdm2.ink%2Fplay%3Fv%3DQMQBH&title=Love+Shagun++Hindi+HD&thumb=https%3A%2F%2Fimage.tmdb.org%2Ft%2Fp%2Fw342%2F2z3kMkaVjz1AdVUiSqWMDDAZoMV.jpg&referer=https%3A%2F%2Fhdmovie2a.bar%2Fmovies%2F58742-love-shagun-2016-hindi-hd%2F')
2026-08-24 11:12:41.500 T:9092    debug <general>: Thread LanguageInvoker start, auto delete: false
2026-08-24 11:12:41.500 T:9092    debug <general>: initializing python engine.
2026-08-24 11:12:41.500 T:9092    debug <general>: CPythonInvoker(6, C:\Users\mj\AppData\Roaming\Kodi\addons\plugin.video.moviehub\main.py): start processing
2026-08-24 11:12:41.521 T:12828   debug <general>: Thread ScriptObs start, auto delete: false
2026-08-24 11:12:41.527 T:9092    debug <general>: -->Python Interpreter Initialized<--
2026-08-24 11:12:41.527 T:9092    debug <general>: 
                                                   
2026-08-24 11:12:41.527 T:9092    debug <general>: CPythonInvoker(6, C:\Users\mj\AppData\Roaming\Kodi\addons\plugin.video.moviehub\main.py): the source file to load is "C:\Users\mj\AppData\Roaming\Kodi\addons\plugin.video.moviehub\main.py"
2026-08-24 11:12:41.527 T:9092    debug <general>: CPythonInvoker(6): full python path:
2026-08-24 11:12:41.527 T:9092    debug <general>: CPythonInvoker(6):   custom python path:
2026-08-24 11:12:41.527 T:9092    debug <general>: CPythonInvoker(6):     C:\Users\mj\AppData\Roaming\Kodi\addons\plugin.video.moviehub
2026-08-24 11:12:41.527 T:9092    debug <general>: CPythonInvoker(6):   default python path:
2026-08-24 11:12:41.527 T:9092    debug <general>: CPythonInvoker(6):     C:\Program Files\Kodi\system\python\DLLs
2026-08-24 11:12:41.527 T:9092    debug <general>: CPythonInvoker(6):     C:\Program Files\Kodi\system\python\Lib
2026-08-24 11:12:41.527 T:9092    debug <general>: CPythonInvoker(6):     C:\Program Files\Kodi\system\python\Lib\site-packages
2026-08-24 11:12:41.527 T:9092    debug <general>: CPythonInvoker(6): adding args:
2026-08-24 11:12:41.527 T:9092    debug <general>: CPythonInvoker(6):  plugin://plugin.video.moviehub/
2026-08-24 11:12:41.527 T:9092    debug <general>: CPythonInvoker(6):  5
2026-08-24 11:12:41.527 T:9092    debug <general>: CPythonInvoker(6):  ?mode=resolve&embed=https%3A%2F%2Fhdm2.ink%2Fplay%3Fv%3DQMQBH&title=Love+Shagun++Hindi+HD&thumb=https%3A%2F%2Fimage.tmdb.org%2Ft%2Fp%2Fw342%2F2z3kMkaVjz1AdVUiSqWMDDAZoMV.jpg&referer=https%3A%2F%2Fhdmovie2a.bar%2Fmovies%2F58742-love-shagun-2016-hindi-hd%2F
2026-08-24 11:12:41.528 T:9092    debug <general>: CPythonInvoker(6):  resume:false
2026-08-24 11:12:41.528 T:9092    debug <general>: CPythonInvoker(6, C:\Users\mj\AppData\Roaming\Kodi\addons\plugin.video.moviehub\main.py): entering source directory C:\Users\mj\AppData\Roaming\Kodi\addons\plugin.video.moviehub
2026-08-24 11:12:41.528 T:9092    debug <general>: CPythonInvoker(6, C:\Users\mj\AppData\Roaming\Kodi\addons\plugin.video.moviehub\main.py): instantiating addon using automatically obtained id of "plugin.video.moviehub" dependent on version 3.0.0 of the xbmc.python api
2026-08-24 11:12:41.548 T:12624    info <general>: [plugin.video.youtube] xbmc_context:646(get_playlist_player) - Get setting 'kodion.mpd.stream.select': 3 (int, success)
2026-08-24 11:12:41.549 T:12624    info <general>: [plugin.video.youtube] xbmc_context:646(get_playlist_player) - Get setting 'kodion.audio_only': False (bool, success)
2026-08-24 11:12:41.711 T:9092    debug <CAddonSettings[0@plugin.video.moviehub]>: trying to load setting definitions from old format...
2026-08-24 11:12:41.722 T:10408    info <general>: Skipped 1 duplicate messages..
2026-08-24 11:12:41.722 T:10408   debug <general>: ------ Window Init (DialogBusy.xml) ------
2026-08-24 11:12:42.046 T:12624    info <general>: [plugin.video.youtube] service_runner:138(run) - Clear property 'plugin_sleeping'
2026-08-24 11:12:42.079 T:12624    info <general>: [plugin.video.youtube] service_runner:244(run) - Set property 'plugin_sleeping': 'true'
2026-08-24 11:12:43.267 T:9092    debug <CAddonSettings[0@plugin.video.moviehub]>: trying to load setting definitions from old format...
2026-08-24 11:12:43.267 T:9092     info <general>: [plugin.video.moviehub] Playing: https://hdm2.ink/playlist/SFp1NUcrZFRkRUVrUWlqM3paMitkc21NNGZEdlFnMUw4b216Q0tWNHR0b0JGRWZCdkFIaDZNUWp4OEgzQThQRg?v=1787550162&tok=eyJ0eXAiOiJKV1QiLCJhbGciOiJIUzI1NiJ9.eyJpc3MiOiJoZG0yLmluayIsImlhdCI6MTc4NzU1MDE2MiwiZXhwIjoxNzg3NTYwOTYyLCJzbHVnIjoiUU1RQkgifQ.IGmdgBbSFdn_v5_IFDsdu4cDvjUr9vfZuhINnPS7u7c&_ncb=1787550163265 (m3u8)
2026-08-24 11:12:43.267 T:9092    debug <CAddonSettings[0@plugin.video.moviehub]>: trying to load setting definitions from old format...
2026-08-24 11:12:43.311 T:10408    info <general>: Skipped 1 duplicate messages..
2026-08-24 11:12:43.311 T:10408   debug <general>: ------ Window Deinit (DialogBusy.xml) ------
2026-08-24 11:12:43.344 T:12828   debug <general>: Thread ScriptObs 12828 terminating
2026-08-24 11:12:43.349 T:10408   debug <general>: CPlayerCoreFactory::GetPlayers(https://hdm2.ink/playlist/SFp1NUcrZFRkRUVrUWlqM3paMitkc21NNGZEdlFnMUw4b216Q0tWNHR0b0JGRWZCdkFIaDZNUWp4OEgzQThQRg?v=1787550162&tok=eyJ0eXAiOiJKV1QiLCJhbGciOiJIUzI1NiJ9.eyJpc3MiOiJoZG0yLmluayIsImlhdCI6MTc4NzU1MDE2MiwiZXhwIjoxNzg3NTYwOTYyLCJzbHVnIjoiUU1RQkgifQ.IGmdgBbSFdn_v5_IFDsdu4cDvjUr9vfZuhINnPS7u7c&_ncb=1787550163265)
2026-08-24 11:12:43.349 T:10408   debug <general>: CPlayerSelectionRule::GetPlayers: considering rule: system rules
2026-08-24 11:12:43.349 T:10408   debug <general>: CPlayerSelectionRule::GetPlayers: matches rule: system rules
2026-08-24 11:12:43.349 T:10408   debug <general>: CPlayerSelectionRule::GetPlayers: considering rule: mms/udp
2026-08-24 11:12:43.349 T:10408   debug <general>: CPlayerSelectionRule::GetPlayers: considering rule: lastfm/shout
2026-08-24 11:12:43.349 T:10408   debug <general>: CPlayerSelectionRule::GetPlayers: considering rule: rtmp
2026-08-24 11:12:43.349 T:10408   debug <general>: CPlayerSelectionRule::GetPlayers: considering rule: rtsp
2026-08-24 11:12:43.349 T:10408   debug <general>: CPlayerSelectionRule::GetPlayers: considering rule: streams
2026-08-24 11:12:43.349 T:10408   debug <general>: CPlayerSelectionRule::GetPlayers: matches rule: streams
2026-08-24 11:12:43.349 T:10408   debug <general>: CPlayerSelectionRule::GetPlayers: considering rule: aacp/sdp
2026-08-24 11:12:43.350 T:10408   debug <general>: CPlayerSelectionRule::GetPlayers: considering rule: mp2
2026-08-24 11:12:43.350 T:10408   debug <general>: CPlayerSelectionRule::GetPlayers: considering rule: dvd
2026-08-24 11:12:43.350 T:10408   debug <general>: CPlayerSelectionRule::GetPlayers: considering rule: discimage
2026-08-24 11:12:43.350 T:10408   debug <general>: CPlayerSelectionRule::GetPlayers: considering rule: sdp/asf
2026-08-24 11:12:43.350 T:10408   debug <general>: CPlayerSelectionRule::GetPlayers: considering rule: nsv
2026-08-24 11:12:43.350 T:10408   debug <general>: CPlayerSelectionRule::GetPlayers: considering rule: radio
2026-08-24 11:12:43.350 T:10408   debug <general>: CPlayerCoreFactory::GetPlayers: matched 0 rules with players
2026-08-24 11:12:43.350 T:10408   debug <general>: CPlayerCoreFactory::GetPlayers: adding videodefaultplayer (VideoPlayer)
2026-08-24 11:12:43.350 T:10408   debug <general>: CPlayerCoreFactory::GetPlayers: for video=true, audio=false
2026-08-24 11:12:43.350 T:10408   debug <general>: CPlayerCoreFactory::GetPlayers: for video=true, audio=true
2026-08-24 11:12:43.350 T:10408   debug <general>: CPlayerCoreFactory::GetPlayers: added 1 players
2026-08-24 11:12:43.352 T:10408   debug <general>: Radio UECP (RDS) Processor - new CDVDRadioRDSData::CDVDRadioRDSData
2026-08-24 11:12:43.352 T:10408   debug <general>: Audio ID3 tag processor - new CVideoPlayerAudioID3::CVideoPlayerAudioID3
2026-08-24 11:12:43.352 T:10408    info <general>: VideoPlayer::OpenFile: plugin://plugin.video.moviehub/?mode=resolve&embed=https%3A%2F%2Fhdm2.ink%2Fplay%3Fv%3DQMQBH&title=Love+Shagun++Hindi+HD&thumb=https%3A%2F%2Fimage.tmdb.org%2Ft%2Fp%2Fw342%2F2z3kMkaVjz1AdVUiSqWMDDAZoMV.jpg&referer=https%3A%2F%2Fhdmovie2a.bar%2Fmovies%2F58742-love-shagun-2016-hindi-hd%2F
2026-08-24 11:12:43.353 T:10428   debug <general>: Thread VideoPlayer start, auto delete: false
2026-08-24 11:12:43.353 T:10408   debug <general>: CApplicationPlayerCallback::OnPlayBackStarted: CApplication::OnPlayBackStarted
2026-08-24 11:12:43.353 T:10428    info <general>: Creating InputStream
2026-08-24 11:12:43.354 T:10428   debug <general>: ADDON: Dll Initializing - InputStream Adaptive
2026-08-24 11:12:43.354 T:12860   debug <general>: Thread BackgroundLoader start, auto delete: false
2026-08-24 11:12:43.354 T:10428   debug <general>: SECTION:LoadDLL(C:\Users\mj\AppData\Roaming\Kodi\addons\inputstream.adaptive\inputstream.adaptive.dll)
2026-08-24 11:12:43.359 T:10552   debug <general>: Loading settings for plugin://plugin.video.moviehub/?mode=resolve&embed=https%3A%2F%2Fhdm2.ink%2Fplay%3Fv%3DQMQBH&title=Love+Shagun++Hindi+HD&thumb=https%3A%2F%2Fimage.tmdb.org%2Ft%2Fp%2Fw342%2F2z3kMkaVjz1AdVUiSqWMDDAZoMV.jpg&referer=https%3A%2F%2Fhdmovie2a.bar%2Fmovies%2F58742-love-shagun-2016-hindi-hd%2F
2026-08-24 11:12:43.360 T:10408   debug <general>: CVideoGUIInfo::InitCurrentItem(plugin://plugin.video.moviehub/?mode=resolve&embed=https%3A%2F%2Fhdm2.ink%2Fplay%3Fv%3DQMQBH&title=Love+Shagun++Hindi+HD&thumb=https%3A%2F%2Fimage.tmdb.org%2Ft%2Fp%2Fw342%2F2z3kMkaVjz1AdVUiSqWMDDAZoMV.jpg&referer=https%3A%2F%2Fhdmovie2a.bar%2Fmovies%2F58742-love-shagun-2016-hindi-hd%2F)
2026-08-24 11:12:43.363 T:12860   debug <general>: Thread BackgroundLoader 12860 terminating
2026-08-24 11:12:43.367 T:10408   debug <general>: CPlayerGUIInfo::InitCurrentItem(plugin://plugin.video.moviehub/?mode=resolve&embed=https%3A%2F%2Fhdm2.ink%2Fplay%3Fv%3DQMQBH&title=Love+Shagun++Hindi+HD&thumb=https%3A%2F%2Fimage.tmdb.org%2Ft%2Fp%2Fw342%2F2z3kMkaVjz1AdVUiSqWMDDAZoMV.jpg&referer=https%3A%2F%2Fhdmovie2a.bar%2Fmovies%2F58742-love-shagun-2016-hindi-hd%2F)
2026-08-24 11:12:43.404 T:10428   debug <general>: AddOnLog: inputstream.adaptive: Open()
2026-08-24 11:12:43.408 T:10428   debug <general>: AddOnLog: inputstream.adaptive: Property found "inputstream.adaptive.manifest_headers" value: Referer: https://hdm2.ink/play?v=QMQBH
                                                   User-Agent: Mozilla/5.0 (Windows NT 10.0; Win64; x64) AppleWebKit/537.36 (KHTML, like Gecko) Chrome/120.0 Safari/537.36
                                                   Connection: keep-alive
                                                   Keep-Alive: timeout=30, max=1000
                                                   Origin: https://hdm2.ink
                                                   Accept: */*
2026-08-24 11:12:43.409 T:10428 warning <general>: AddOnLog: inputstream.adaptive: Warning "inputstream.adaptive.manifest_type" property is deprecated and will be removed next Kodi version, the manifest type is now automatically detected.
                                                   If you are using a proxy remember to add the appropriate "content-type" header to the HTTP manifest response
                                                   See Wiki page "How to provide custom manifest/license" to learn more about it.
2026-08-24 11:12:43.409 T:10428   debug <general>: AddOnLog: inputstream.adaptive: Property found "inputstream.adaptive.manifest_type" value: hls
2026-08-24 11:12:43.409 T:10428   debug <general>: AddOnLog: inputstream.adaptive: Property found "inputstream.adaptive.stream_headers" value: Referer: https://hdm2.ink/play?v=QMQBH
                                                   User-Agent: Mozilla/5.0 (Windows NT 10.0; Win64; x64) AppleWebKit/537.36 (KHTML, like Gecko) Chrome/120.0 Safari/537.36
                                                   Connection: keep-alive
                                                   Keep-Alive: timeout=30, max=1000
                                                   Origin: https://hdm2.ink
                                                   Accept: */*
2026-08-24 11:12:43.413 T:10428   debug <general>: AddOnLog: inputstream.adaptive: [Repr. chooser] Type: Default
2026-08-24 11:12:43.413 T:10428   debug <general>: AddOnLog: inputstream.adaptive: [Repr. chooser] Configuration
                                                   Resolution max: 0x0
                                                   Resolution max for secure decoder: 0x0
                                                   Bandwidth limits (bit/s): min 0, max 0
                                                   Ignore screen resolution: 0
                                                   Ignore screen resolution change: 0
2026-08-24 11:12:43.413 T:10428    info <general>: AddOnLog: inputstream.adaptive: [Repr. chooser] Resolution set: 1920x1080, max allowed: 1920x1080, Adjust refresh rate: 0
2026-08-24 11:12:43.415 T:12624    info <general>: [plugin.video.youtube] player_monitor:426(onPlayBackStarted) - Clear property 'busy'
2026-08-24 11:12:43.415 T:12624    info <general>: [plugin.video.youtube] player_monitor:428(onPlayBackStarted) - Get property 'play_using': ''
2026-08-24 11:12:43.427 T:10428   debug <general>: CurlFile::XFILE::CCurlFile::Open - <https://hdm2.ink/playlist/SFp1NUcrZFRkRUVrUWlqM3paMitkc21NNGZEdlFnMUw4b216Q0tWNHR0b0JGRWZCdkFIaDZNUWp4OEgzQThQRg?v=1787550162&tok=eyJ0eXAiOiJKV1QiLCJhbGciOiJIUzI1NiJ9.eyJpc3MiOiJoZG0yLmluayIsImlhdCI6MTc4NzU1MDE2MiwiZXhwIjoxNzg3NTYwOTYyLCJzbHVnIjoiUU1RQkgifQ.IGmdgBbSFdn_v5_IFDsdu4cDvjUr9vfZuhINnPS7u7c&_ncb=1787550163265>
2026-08-24 11:12:43.427 T:10428   debug <general>: XCURL::DllLibCurlGlobal::easy_acquire - Created session to https://hdm2.ink
2026-08-24 11:12:43.468 T:10408   debug <general>: ------ Window Init (DialogBusy.xml) ------
2026-08-24 11:12:44.073 T:10428   debug <general>: AddOnLog: inputstream.adaptive: Download finished: https://hdm2.ink/playlist/SFp1NUcrZFRkRUVrUWlqM3paMitkc21NNGZEdlFnMUw4b216Q0tWNHR0b0JGRWZCdkFIaDZNUWp4OEgzQThQRg?v=1787550162&tok=eyJ0eXAiOiJKV1QiLCJhbGciOiJIUzI1NiJ9.eyJpc3MiOiJoZG0yLmluayIsImlhdCI6MTc4NzU1MDE2MiwiZXhwIjoxNzg3NTYwOTYyLCJzbHVnIjoiUU1RQkgifQ.IGmdgBbSFdn_v5_IFDsdu4cDvjUr9vfZuhINnPS7u7c&_ncb=1787550163265 (downloaded 1614 byte, speed 1378.00 byte/s)
2026-08-24 11:12:44.078 T:10428    info <general>: AddOnLog: inputstream.adaptive: Manifest successfully parsed (Periods: 1, Streams in first period: 3, Type: live)
2026-08-24 11:12:44.078 T:10428   debug <general>: AddOnLog: inputstream.adaptive: [Repr. chooser] Stream selection conditions
                                                   Screen resolution: 1920x1080 (may be limited by settings)
                                                   Initial bandwidth: 3581010 bit/s
2026-08-24 11:12:44.079 T:10428   debug <general>: AddOnLog: inputstream.adaptive: New period, dispose sample decrypter and reinitialize
2026-08-24 11:12:44.079 T:10428   debug <general>: AddOnLog: inputstream.adaptive: [Repr. chooser] Current average bandwidth: 3581010 bit/s (filtered to 3222909 bit/s)
2026-08-24 11:12:44.079 T:10428   debug <general>: AddOnLog: inputstream.adaptive: [Repr. chooser] Selected representation
                                                   ID  (Bandwidth: 3000000 bit/s, Resolution: 1280x720)
2026-08-24 11:12:44.080 T:10428   debug <general>: AddOnLog: inputstream.adaptive: Created AdaptiveStream [AS-0] with adaptation set ID: "", stream type: video
2026-08-24 11:12:44.080 T:10428   debug <general>: AddOnLog: inputstream.adaptive: Created AdaptiveStream [AS-1] with adaptation set ID: "", stream type: audio
2026-08-24 11:12:44.080 T:10428   debug <general>: AddOnLog: inputstream.adaptive: Created AdaptiveStream [AS-2] with adaptation set ID: "", stream type: subtitle
2026-08-24 11:12:44.080 T:10428   debug <general>: AddOnLog: inputstream.adaptive: GetCapabilities()
2026-08-24 11:12:44.081 T:10428    info <general>: Creating Demuxer
2026-08-24 11:12:44.081 T:10428   debug <general>: AddOnLog: inputstream.adaptive: GetStreamIds()
2026-08-24 11:12:44.081 T:10428   debug <general>: AddOnLog: inputstream.adaptive: GetStream(1001)
2026-08-24 11:12:44.081 T:10428   debug <general>: AddOnLog: inputstream.adaptive: GetStream(1002)
2026-08-24 11:12:44.081 T:10428   debug <general>: AddOnLog: inputstream.adaptive: GetStream(1003)
2026-08-24 11:12:44.081 T:10428   debug <general>: CDVDDemuxClient::RequestStream(): added/updated stream 1001 with codec_id 27
2026-08-24 11:12:44.082 T:10428   debug <general>: CDVDDemuxClient::RequestStream(): added/updated stream 1002 with codec_id 86018
2026-08-24 11:12:44.082 T:10428   debug <general>: CDVDDemuxClient::RequestStream(): added/updated stream 1003 with codec_id 94226
2026-08-24 11:12:44.082 T:10428    info <general>: Opening stream: 1001 source: 256
2026-08-24 11:12:44.082 T:10428   debug <general>: AddOnLog: inputstream.adaptive: OpenStream(1001)
2026-08-24 11:12:44.082 T:10428   debug <general>: CurlFile::XFILE::CCurlFile::Open - <https://hdm2.ink/playlist/eGhlMmorODVPR09nSERxTVJ4NnV5cnlLOGdOYkg3V1g1RjJHODkycU4zeFBjcUwvOEcyRk40b0pRZnJwaUxFNTJPZnNZL2lzKzI2NkNTeENrcURUZWc9PQ?tok=eyJ0eXAiOiJKV1QiLCJhbGciOiJIUzI1NiJ9.eyJpc3MiOiJoZG0yLmluayIsImlhdCI6MTc4NzU1MDE2MywiZXhwIjoxNzg3NTYwOTYzLCJzbHVnIjoiUU1RQkgiLCJ0eXBlIjoicXVhbGl0eV90b2tlbiJ9.eVLL3Ds-oO0Giq1xn00Dy6bkMrgxbLT08O4r_3cK99s>
2026-08-24 11:12:45.821 T:10428   debug <general>: AddOnLog: inputstream.adaptive: Download finished: https://hdm2.ink/playlist/eGhlMmorODVPR09nSERxTVJ4NnV5cnlLOGdOYkg3V1g1RjJHODkycU4zeFBjcUwvOEcyRk40b0pRZnJwaUxFNTJPZnNZL2lzKzI2NkNTeENrcURUZWc9PQ?tok=eyJ0eXAiOiJKV1QiLCJhbGciOiJIUzI1NiJ9.eyJpc3MiOiJoZG0yLmluayIsImlhdCI6MTc4NzU1MDE2MywiZXhwIjoxNzg3NTYwOTYzLCJzbHVnIjoiUU1RQkgiLCJ0eXBlIjoicXVhbGl0eV90b2tlbiJ9.eVLL3Ds-oO0Giq1xn00Dy6bkMrgxbLT08O4r_3cK99s (downloaded 486038 byte, speed 17003.00 byte/s)
2026-08-24 11:12:46.004 T:10428 warning <general>: AddOnLog: inputstream.adaptive: adaptive::CHLSTree::ParseChildManifest: Cannot detect container type from media url, fallback to TS
2026-08-24 11:12:46.015 T:10428 warning <general>: AddOnLog: inputstream.adaptive: SESSION::CSession::OnSegmentChanged: Cannot get the stream sample reader
2026-08-24 11:12:46.016 T:4272    debug <general>: CurlFile::XFILE::CCurlFile::Open - <https://imagesharerhost.com/stream-png/RE05emxjVUhwRnR3ODVOMmRXdkVFYWVOK3pLSDllYVBpdGd4am9KNUZZS3lPOVIwRHhMTTEwNHpWWVI3UGdESms0VjhHVWZCeXRWdzFUdjgwM2VHWXR2NnJOTi8yWENDRVVqcWlqTUdRcVU9.png?tok=eyJ0eXAiOiJKV1QiLCJhbGciOiJIUzI1NiJ9.eyJpc3MiOiJoZG0yLmluayIsImlhdCI6MTc4NzU1MDE2MywiZXhwIjoxNzg3NTYwOTYzLCJzbHVnIjoiUU1RQkgiLCJ0eXBlIjoicXVhbGl0eV90b2tlbiJ9.eVLL3Ds-oO0Giq1xn00Dy6bkMrgxbLT08O4r_3cK99s>
2026-08-24 11:12:46.016 T:4272    debug <general>: XCURL::DllLibCurlGlobal::easy_acquire - Created session to https://imagesharerhost.com
2026-08-24 11:12:47.070 T:4272    debug <general>: AddOnLog: inputstream.adaptive: [AS-0] Download finished: https://imagesharerhost.com/stream-png/RE05emxjVUhwRnR3ODVOMmRXdkVFYWVOK3pLSDllYVBpdGd4am9KNUZZS3lPOVIwRHhMTTEwNHpWWVI3UGdESms0VjhHVWZCeXRWdzFUdjgwM2VHWXR2NnJOTi8yWENDRVVqcWlqTUdRcVU9.png?tok=eyJ0eXAiOiJKV1QiLCJhbGciOiJIUzI1NiJ9.eyJpc3MiOiJoZG0yLmluayIsImlhdCI6MTc4NzU1MDE2MywiZXhwIjoxNzg3NTYwOTYzLCJzbHVnIjoiUU1RQkgiLCJ0eXBlIjoicXVhbGl0eV90b2tlbiJ9.eVLL3Ds-oO0Giq1xn00Dy6bkMrgxbLT08O4r_3cK99s (downloaded 1192860 byte, speed 1096090.00 byte/s)
2026-08-24 11:12:47.087 T:4272    debug <general>: CurlFile::XFILE::CCurlFile::Open - <https://imagelovelyshare.com/stream-png/RE05emxjVUhwRnR3ODVOMmRXdkVFYWVOK3pLSDllYVBpdGd4am9KNUZZS3lPOVIwRHhMTTEwNHpWWVI3UGdESms0VjhHVWZCeXRWdzFUdjgwM2VHWXZGZE1iMnA3aXlPRE40RlhNWXcyOUE9.png?tok=eyJ0eXAiOiJKV1QiLCJhbGciOiJIUzI1NiJ9.eyJpc3MiOiJoZG0yLmluayIsImlhdCI6MTc4NzU1MDE2MywiZXhwIjoxNzg3NTYwOTYzLCJzbHVnIjoiUU1RQkgiLCJ0eXBlIjoicXVhbGl0eV90b2tlbiJ9.eVLL3Ds-oO0Giq1xn00Dy6bkMrgxbLT08O4r_3cK99s>
2026-08-24 11:12:47.087 T:4272    debug <general>: XCURL::DllLibCurlGlobal::easy_acquire - Created session to https://imagelovelyshare.com
2026-08-24 11:12:47.089 T:10428   debug <general>: AddOnLog: inputstream.adaptive: GetStream(1001)
2026-08-24 11:12:47.089 T:10428   debug <general>: CDVDDemuxClient::RequestStream(): added/updated stream 1001 with codec_id 27
2026-08-24 11:12:47.090 T:10428    info <general>: Creating video codec with codec id: 27
2026-08-24 11:12:47.090 T:10428    info <general>: CDVDVideoCodecFFmpeg::Open() Using codec: H.264 / AVC / MPEG-4 AVC / MPEG-4 part 10
2026-08-24 11:12:47.090 T:10428   debug <general>: CDVDVideoCodecFFmpeg - Updated codec: ff-h264
2026-08-24 11:12:47.090 T:10428   debug <general>: CVideoPlayerVideo::OpenStream - open stream with codec id: 27
2026-08-24 11:12:47.090 T:10428    info <general>: Creating video thread
2026-08-24 11:12:47.091 T:656     debug <general>: Thread VideoPlayerVideo start, auto delete: false
2026-08-24 11:12:47.091 T:656      info <general>: running thread: video_thread
2026-08-24 11:12:47.091 T:656     debug <general>: CVideoPlayerVideo - CDVDMsg::GENERAL_PAUSE: false
2026-08-24 11:12:47.091 T:10428    info <general>: Opening stream: 1002 source: 256
2026-08-24 11:12:47.091 T:10428   debug <general>: AddOnLog: inputstream.adaptive: OpenStream(1002)
2026-08-24 11:12:47.091 T:10428   debug <general>: AddOnLog: inputstream.adaptive: GetStream(1002)
2026-08-24 11:12:47.091 T:10428    info <general>: Finding audio codec for: 86018
2026-08-24 11:12:47.094 T:10428    info <general>: CDVDAudioCodecFFmpeg::Open() Successful opened audio decoder aac
2026-08-24 11:12:47.095 T:10428    info <general>: CVideoPlayerAudio::OpenStream: Allowing max Out-Of-Sync Value of 50 ms
2026-08-24 11:12:47.095 T:10428    info <general>: Creating audio thread
2026-08-24 11:12:47.095 T:12468   debug <general>: Thread VideoPlayerAudio start, auto delete: false
2026-08-24 11:12:47.095 T:12468    info <general>: running thread: CVideoPlayerAudio::Process()
2026-08-24 11:12:47.095 T:10428    info <general>: Opening stream: 1003 source: 256
2026-08-24 11:12:47.095 T:10428   debug <general>: AddOnLog: inputstream.adaptive: OpenStream(1003)
2026-08-24 11:12:47.096 T:10428   debug <general>: CurlFile::XFILE::CCurlFile::Open - <https://hdm2.ink/playlist/Skt1NmsxMFhLaGMyWUp5WDlOYmNxS2JZZjZ4ZjFmWHFCM0lHWWhiZTVCTzN3dXFrL0k5S3Mxc3pSbHVSeWZmRTIyWFlITGlSZWVHSTZkbHVKOTlMOElHRlZaZ25pRm14dmJKUDVxaHp0QXNoeXBzTVdnNkpaeUt2MVRlZmxMZUo4UCs2OUExcCtuQlluYU9uZllZSlZZaTNmaTExb2VNbmNMb0pvdTNTMWR2WkxrcFQ2bENjWlhZVlF4MFhvaDJkelVEODlNNjd5bUZqcW93UGZra2ZpRXFlOXRrT1libUhrdzB6akdlT2drbkFJRGZpSFRXSnNRM0JIdlNpOUdXY1ovc0dHekIyTWZhQ0lpd3VFYkVuM1E9PQ?tok=eyJ0eXAiOiJKV1QiLCJhbGciOiJIUzI1NiJ9.eyJpc3MiOiJoZG0yLmluayIsImlhdCI6MTc4NzU1MDE2MywiZXhwIjoxNzg3NTYwOTYzLCJzbHVnIjoiUU1RQkgiLCJ0eXBlIjoic3VidGl0bGVfcGxheWxpc3QifQ.xPHIpPbJMlB9WxkJSDgV4Y9Ho4rdh21hG37jwMkJkMQ>
2026-08-24 11:12:47.106 T:12468   debug <general>: CVideoPlayerAudio - CDVDMsg::GENERAL_PAUSE: false
2026-08-24 11:12:47.527 T:10428   debug <general>: AddOnLog: inputstream.adaptive: Download finished: https://hdm2.ink/playlist/Skt1NmsxMFhLaGMyWUp5WDlOYmNxS2JZZjZ4ZjFmWHFCM0lHWWhiZTVCTzN3dXFrL0k5S3Mxc3pSbHVSeWZmRTIyWFlITGlSZWVHSTZkbHVKOTlMOElHRlZaZ25pRm14dmJKUDVxaHp0QXNoeXBzTVdnNkpaeUt2MVRlZmxMZUo4UCs2OUExcCtuQlluYU9uZllZSlZZaTNmaTExb2VNbmNMb0pvdTNTMWR2WkxrcFQ2bENjWlhZVlF4MFhvaDJkelVEODlNNjd5bUZqcW93UGZra2ZpRXFlOXRrT1libUhrdzB6akdlT2drbkFJRGZpSFRXSnNRM0JIdlNpOUdXY1ovc0dHekIyTWZhQ0lpd3VFYkVuM1E9PQ?tok=eyJ0eXAiOiJKV1QiLCJhbGciOiJIUzI1NiJ9.eyJpc3MiOiJoZG0yLmluayIsImlhdCI6MTc4NzU1MDE2MywiZXhwIjoxNzg3NTYwOTYzLCJzbHVnIjoiUU1RQkgiLCJ0eXBlIjoic3VidGl0bGVfcGxheWxpc3QifQ.xPHIpPbJMlB9WxkJSDgV4Y9Ho4rdh21hG37jwMkJkMQ (downloaded 711 byte, speed 1288.00 byte/s)
2026-08-24 11:12:47.527 T:10428   debug <general>: AddOnLog: inputstream.adaptive: GetStream(1003)
2026-08-24 11:12:47.528 T:10428    info <general>: CDVDSubtitlesLibass: Using libass version 1701000
2026-08-24 11:12:47.528 T:10428    info <general>: CDVDSubtitlesLibass: Creating ASS library structure
2026-08-24 11:12:47.528 T:10428    info <general>: CDVDSubtitlesLibass: Initializing ASS Renderer
2026-08-24 11:12:47.528 T:10428   debug <general>: CDVDSubtitlesLibass: [ass] libass API version: 0x1701000
2026-08-24 11:12:47.528 T:10428   debug <general>: CDVDSubtitlesLibass: [ass] libass source: 3f188ca5bbcb6605c59dfa5731c01cd1273a6d6a
2026-08-24 11:12:47.530 T:10428   debug <general>: CDVDSubtitlesLibass: [ass] Shaper: FriBidi 1.0.8 (SIMPLE) HarfBuzz-ng 2.8.0 (COMPLEX)
2026-08-24 11:12:47.530 T:10428    info <general>: CDVDSubtitlesLibass: Initializing ASS library font settings
2026-08-24 11:12:47.611 T:10428   debug <general>: CDVDSubtitlesLibass: [ass] Using font provider directwrite (with GDI)
2026-08-24 11:12:47.611 T:10428    info <general>: CDVDSubtitlesLibass: Creating new ASS track
2026-08-24 11:12:47.612 T:10428   debug <general>: Created subtitles overlay codec: WebVTT Subtitle Decoder
2026-08-24 11:12:47.612 T:10428   debug <general>: AddOnLog: inputstream.adaptive: EnableStream(1003: false)
2026-08-24 11:12:47.612 T:10428   debug <general>: CVideoPlayer::SetCaching - caching state 2
2026-08-24 11:12:47.613 T:10428   debug <general>: CDVDClock::SetSpeedAdjust - adjusted:0.000000
2026-08-24 11:12:47.613 T:10428   debug <general>: CVideoPlayer::HandleMessages - player 2 reported state: 0
2026-08-24 11:12:47.613 T:10428   debug <general>: CVideoPlayer::HandleMessages - player 1 reported state: 0
2026-08-24 11:12:47.613 T:10552   debug <general>: CApplicationPlayerCallback::OnAVChange: CApplication::OnAVChange
2026-08-24 11:12:47.614 T:10428   debug <general>: CVideoPlayer::SetCaching - caching state 1
2026-08-24 11:12:47.614 T:10428   debug <general>: CDVDClock::SetSpeedAdjust - adjusted:0.000000
2026-08-24 11:12:47.614 T:656     debug <general>: CVideoPlayerVideo - Stillframe left, switching to normal playback
2026-08-24 11:12:47.616 T:656     debug <general>: DXVA: open decoder.
2026-08-24 11:12:47.616 T:656      info <general>: DXVA::CContext::CreateContext: creating discrete d3d11va device for decoding.
2026-08-24 11:12:47.621 T:12468   debug <general>: CDVDAudio::Pause - pausing audio stream
2026-08-24 11:12:47.621 T:12468    info <general>: Skipped 1 duplicate messages..
2026-08-24 11:12:47.621 T:12468   debug <general>: CVideoPlayerAudio: stream props changed, checking for passthrough
2026-08-24 11:12:47.622 T:12468    info <general>: CDVDAudioCodecFFmpeg::Open() Successful opened audio decoder aac
2026-08-24 11:12:47.622 T:12468    info <general>: Creating audio stream (codec id: 86018, channels: 2, sample rate: 48000, no pass-through)
2026-08-24 11:12:47.623 T:12468   debug <general>: CVideoPlayerAudio:: synctype set to 0: clock feedback
2026-08-24 11:12:47.637 T:8472    debug <general>: AddOnLog: inputstream.adaptive: [Repr. chooser] Current average bandwidth: 6174865 bit/s (filtered to 5557378 bit/s)
2026-08-24 11:12:47.646 T:11652    info <general>: CActiveAESink::OpenSink - initialize sink
2026-08-24 11:12:47.646 T:11652   debug <general>: CAESinkDirectSound::Deinitialize: Cleaning up
2026-08-24 11:12:47.646 T:656     debug <general>: HookOpenAdapter10_2: hook into pOpenData->pAdapterFuncs->pfnCreateDevice
2026-08-24 11:12:47.649 T:11652   debug <general>: CActiveAESink::OpenSink - trying to open device DIRECTSOUND:default
2026-08-24 11:12:47.658 T:656     debug <general>: HookCreateDevice: hook into pCreateData->pDeviceFuncs->pfnCreateResource
2026-08-24 11:12:47.658 T:656      info <general>: DXVA::CContext::CreateContext: device for decoding created on adapter 'Intel(R) UHD Graphics 605' with D3D_FEATURE_LEVEL_12_1
2026-08-24 11:12:47.670 T:656     debug <general>: DXVA: supports 'MPEG2 variable-length decoder'
2026-08-24 11:12:47.670 T:656     debug <general>: DXVA: supports 'MPEG2 inverse discrete cosine transform'
2026-08-24 11:12:47.670 T:656     debug <general>: DXVA: supports 'VC-1 variable-length decoder 2010'
2026-08-24 11:12:47.670 T:656     debug <general>: DXVA: supports 'VC-1 variable-length decoder 2 (Intel)'
2026-08-24 11:12:47.670 T:656     debug <general>: DXVA: supports 'VC-1 variable-length decoder (Intel)'
2026-08-24 11:12:47.670 T:656     debug <general>: DXVA: supports 'Windows Media Video 9 inverse discrete cosine transform'
2026-08-24 11:12:47.670 T:656     debug <general>: DXVA: supports 'VC-1 inverse discrete cosine transform'
2026-08-24 11:12:47.670 T:656     debug <general>: DXVA: supports 'H.264 variable-length decoder, no film grain technology'
2026-08-24 11:12:47.670 T:656     debug <general>: DXVA: supports 'H.264 stereo high profile, mbs flag set'
2026-08-24 11:12:47.670 T:656     debug <general>: DXVA: supports 'H.264 stereo high profile'
2026-08-24 11:12:47.670 T:656     debug <general>: DXVA: supports 'H.264 multi-view high profile'
2026-08-24 11:12:47.670 T:656     debug <general>: DXVA: supports C528916C-c0af-4645-8cb2-372b6d4adc2a
2026-08-24 11:12:47.670 T:656     debug <general>: DXVA: supports 91CD2D6E-897b-4fa1-b0d7-51dc88010e0a
2026-08-24 11:12:47.671 T:656     debug <general>: DXVA: supports 90B899EA-3a62-4705-88b3-8df04b2744e7
2026-08-24 11:12:47.671 T:656     debug <general>: DXVA: supports 442B942A-b4d9-4940-bc45-a882e5f919f3
2026-08-24 11:12:47.671 T:656     debug <general>: DXVA: supports 97688186-56a8-4094-b543-fc9daaa49f4b
2026-08-24 11:12:47.671 T:656     debug <general>: DXVA: supports 1424D4DC-7cf5-4bb1-9cd7-b63717a72a6b
2026-08-24 11:12:47.671 T:656     debug <general>: DXVA: supports C346E8A3-cbed-4d27-87cc-a70eb4dc8c27
2026-08-24 11:12:47.671 T:656     debug <general>: DXVA: supports FFC79924-5eaf-4666-a736-06190f281443
2026-08-24 11:12:47.671 T:656     debug <general>: DXVA: supports 2364D06A-f67f-4186-aed0-62b99e1784f1
2026-08-24 11:12:47.671 T:656     debug <general>: DXVA: supports 28566328-f041-4466-8b14-8f5831e78f8b
2026-08-24 11:12:47.671 T:656     debug <general>: DXVA: supports 6B4A94DB-54fe-4ae1-9be4-7a7dad004600
2026-08-24 11:12:47.671 T:656     debug <general>: DXVA: supports 8C56EB1E-2b47-466f-8d33-7dbcd63f3df2
2026-08-24 11:12:47.671 T:656     debug <general>: DXVA: supports 'HEVC variable-length decoder, main'
2026-08-24 11:12:47.671 T:656     debug <general>: DXVA: supports 75FC75F7-c589-4a07-a25b-72e03b0383b3
2026-08-24 11:12:47.671 T:656     debug <general>: DXVA: supports 'HEVC variable-length decoder, main10'
2026-08-24 11:12:47.671 T:656     debug <general>: DXVA: supports 07CFAFFB-5a2e-4b99-b62a-e4ca53b6d5aa
2026-08-24 11:12:47.671 T:656     debug <general>: DXVA: supports 'VP9 variable-length decoder, Profile 0'
2026-08-24 11:12:47.671 T:656     debug <general>: DXVA: supports 'VP9 variable-length decoder, 10bit, profile 2'
2026-08-24 11:12:47.671 T:656     debug <general>: DXVA: supports 76988A52-df13-419a-8e64-ffcf4a336cf5
2026-08-24 11:12:47.671 T:656     debug <general>: DXVA: supports 80A3A7BD-89d8-4497-a2b8-2126af7e6eb8
2026-08-24 11:12:47.671 T:656     debug <general>: DXVA: supports 50925B7B-e931-4978-a12a-586630f095f9
2026-08-24 11:12:47.671 T:656     debug <general>: DXVA: supports B69C20E0-2508-8790-0305-875499e0a2d0
2026-08-24 11:12:47.671 T:656     debug <general>: DXVA: supports 49761BEC-4b63-4349-a5ff-87ffdf088466
2026-08-24 11:12:47.672 T:656     debug <general>: DXVA: trying 'H.264 variable-length decoder, no film grain technology'.
2026-08-24 11:12:47.672 T:656     debug <general>: DXVA: config 0: bitstream type 2.
2026-08-24 11:12:47.672 T:656     debug <general>: DXVA: config 1: bitstream type 1.
2026-08-24 11:12:47.672 T:656     debug <general>: DXVA: config 2: bitstream type 2, encrypted.
2026-08-24 11:12:47.672 T:656     debug <general>: DXVA: config 3: bitstream type 2, encrypted.
2026-08-24 11:12:47.672 T:656     debug <general>: DXVA: config 4: bitstream type 2, encrypted.
2026-08-24 11:12:47.672 T:656     debug <general>: DXVA: config 5: bitstream type 2, encrypted.
2026-08-24 11:12:47.672 T:656     debug <general>: DXVA: config 6: bitstream type 1, encrypted.
2026-08-24 11:12:47.672 T:656     debug <general>: DXVA: config 7: bitstream type 1, encrypted.
2026-08-24 11:12:47.672 T:656     debug <general>: DXVA: selected output format: NV12.
2026-08-24 11:12:47.672 T:656     debug <general>: DXVA: source requires 1 references.
2026-08-24 11:12:47.672 T:656      info <general>: DXVA::CDecoder::Open: Total video memory available is 4135 MB (dedicated = 128 MB, shared = 4007 MB)
2026-08-24 11:12:47.672 T:656     debug <general>: DXVA: allocating 16 surfaces with format NV12.
2026-08-24 11:12:47.687 T:11652   debug <general>: CAESinkDirectSound::Initialize: Using Window handle: 0x204da
2026-08-24 11:12:47.699 T:11652   debug <general>: CAESinkDirectSound::Initialize: secondary buffer created
2026-08-24 11:12:47.701 T:11652   debug <general>: CAESinkDirectSound::Initialize: Initializing DirectSound with the following parameters:
2026-08-24 11:12:47.701 T:11652   debug <general>:   Audio Device    : Speakers (Realtek(R) Audio)
2026-08-24 11:12:47.701 T:11652   debug <general>:   Sample Rate     : 48000
2026-08-24 11:12:47.701 T:11652   debug <general>:   Sample Format   : AE_FMT_FLOAT
2026-08-24 11:12:47.701 T:11652   debug <general>:   Bits Per Sample : 32
2026-08-24 11:12:47.701 T:11652   debug <general>:   Valid Bits/Samp : 32
2026-08-24 11:12:47.701 T:11652   debug <general>:   Channel Count   : 2
2026-08-24 11:12:47.701 T:11652   debug <general>:   Block Align     : 8
2026-08-24 11:12:47.701 T:11652   debug <general>:   Avg. Bytes Sec  : 384000
2026-08-24 11:12:47.701 T:11652   debug <general>:   Samples/Block   : 32
2026-08-24 11:12:47.701 T:11652   debug <general>:   Format cBSize   : 22
2026-08-24 11:12:47.701 T:11652   debug <general>:   Channel Layout  : FL, FR
2026-08-24 11:12:47.702 T:11652   debug <general>:   Channel Mask    : 3
2026-08-24 11:12:47.702 T:11652   debug <general>:   Frames          : 960
2026-08-24 11:12:47.702 T:11652   debug <general>:   Frame Size      : 8
2026-08-24 11:12:47.702 T:11652   debug <general>: CActiveAESink::OpenSink - DIRECTSOUND Initialized:
2026-08-24 11:12:47.702 T:11652   debug <general>:   Output Device : default
2026-08-24 11:12:47.702 T:11652   debug <general>:   Sample Rate   : 48000
2026-08-24 11:12:47.702 T:11652   debug <general>:   Sample Format : AE_FMT_FLOAT
2026-08-24 11:12:47.702 T:11652   debug <general>:   Channel Count : 2
2026-08-24 11:12:47.702 T:11652   debug <general>:   Channel Layout: FL, FR
2026-08-24 11:12:47.702 T:11652   debug <general>:   Frames        : 960
2026-08-24 11:12:47.702 T:11652   debug <general>:   Frame Size    : 8
2026-08-24 11:12:47.704 T:12404   debug <general>: CActiveAE::ClearDiscardedBuffers - buffer pool deleted
2026-08-24 11:12:47.705 T:10428    info <general>: Skipped 1 duplicate messages..
2026-08-24 11:12:47.705 T:10428   debug <general>: CVideoPlayer::HandleMessages - player started 1
2026-08-24 11:12:47.708 T:14468   debug <general>: CApplicationPlayerCallback::OnAVChange: CApplication::OnAVChange
2026-08-24 11:12:47.778 T:656     debug <general>: CDVDVideoCodecFFmpeg - Updated codec: ff-h264-d3d11va
2026-08-24 11:12:47.784 T:656     debug <general>: CRenderManager::Configure - change configuration. 1694x720. display: 1657x720. framerate: 25.00.
2026-08-24 11:12:47.795 T:10408   debug <general>: CRenderManager::DeleteRenderer - deleting renderer
2026-08-24 11:12:47.795 T:10408   debug <general>: CWinRenderer::SelectRenderer: requested render method: 0
2026-08-24 11:12:47.798 T:10408   debug <general>: DXVA::CEnumeratorHD::OpenEnumerator: initializing video enumerator with params: 1694x720.
2026-08-24 11:12:47.798 T:10408   debug <general>: CWIN32Util::GetWindowsHDRStatus: Display is not HDR capable or cannot be detected
2026-08-24 11:12:47.798 T:10408   debug <general>: DXVA::CEnumeratorHD::SupportedConversions: source: primaries bt709, color space unknown, transfer unknown, limited range, dest: SDR
2026-08-24 11:12:47.798 T:10408   debug <general>: DXVA::CEnumeratorHD::SupportedConversions: natural dxgi color space mapping of source: YCBCR_STUDIO_G22_LEFT_P709, dest: RGB_FULL_G22_NONE_P709
2026-08-24 11:12:47.798 T:10408   debug <general>: DXVA::CEnumeratorHD::LogAndListConversions: dxgi color space mapping of source: YCBCR_STUDIO_G22_LEFT_P709, dest color space: RGB_FULL_G22_NONE_P709
2026-08-24 11:12:47.799 T:10408   debug <general>: CWinRenderer::SelectRenderer: selected render method: DXVA
2026-08-24 11:12:47.799 T:10408   debug <general>: CWIN32Util::GetWindowsHDRStatus: Display is not HDR capable or cannot be detected
2026-08-24 11:12:47.799 T:10408   debug <general>: DXVA::CEnumeratorHD::OpenEnumerator: initializing video enumerator with params: 1694x720.
2026-08-24 11:12:47.800 T:10408   debug <general>: CWIN32Util::GetWindowsHDRStatus: Display is not HDR capable or cannot be detected
2026-08-24 11:12:47.800 T:10408   debug <general>: DXVA::CEnumeratorHD::SupportedConversions: source: primaries bt709, color space unknown, transfer unknown, limited range, dest: SDR
2026-08-24 11:12:47.800 T:10408   debug <general>: DXVA::CEnumeratorHD::SupportedConversions: natural dxgi color space mapping of source: YCBCR_STUDIO_G22_LEFT_P709, dest: RGB_FULL_G22_NONE_P709
2026-08-24 11:12:47.800 T:10408   debug <general>: DXVA::CEnumeratorHD::LogAndListConversions: dxgi color space mapping of source: YCBCR_STUDIO_G22_LEFT_P709, dest color space: RGB_FULL_G22_NONE_P709
2026-08-24 11:12:47.800 T:10408    info <general>: CRendererDXVA::Configure: chosen conversion: NV12 / YCBCR_STUDIO_G22_LEFT_P709 to R10G10B10A2_UNORM / RGB_FULL_G22_NONE_P709
2026-08-24 11:12:47.800 T:10408   debug <general>: DXVA::CEnumeratorHD::ProbeProcessorCaps: video processor has 1 rate conversion.
2026-08-24 11:12:47.801 T:10408   debug <general>: DXVA::CEnumeratorHD::ProbeProcessorCaps: video processor has 0x2ef feature caps.
2026-08-24 11:12:47.801 T:10408   debug <general>: DXVA::CEnumeratorHD::ProbeProcessorCaps: video processor has 0x1c device caps.
2026-08-24 11:12:47.801 T:10408   debug <general>: DXVA::CEnumeratorHD::ProbeProcessorCaps: video processor has 0x0 input format caps.
2026-08-24 11:12:47.801 T:10408   debug <general>: DXVA::CEnumeratorHD::ProbeProcessorCaps: video processor has 0x11 auto stream caps.
2026-08-24 11:12:47.801 T:10408   debug <general>: DXVA::CEnumeratorHD::ProbeProcessorCaps: video processor has 0x0 stereo caps.
2026-08-24 11:12:47.801 T:10408   debug <general>: DXVA::CEnumeratorHD::ProbeProcessorCaps: video processor has 8 max input streams.
2026-08-24 11:12:47.801 T:10408   debug <general>: DXVA::CEnumeratorHD::ProbeProcessorCaps: video processor has 8 max stream states.
2026-08-24 11:12:47.801 T:10408   debug <general>: DXVA::CEnumeratorHD::ProbeProcessorCaps: video processor supports stereo.
2026-08-24 11:12:47.801 T:10408   debug <general>: DXVA::CEnumeratorHD::ProbeProcessorCaps: video processor supports rotation.
2026-08-24 11:12:47.801 T:10408   debug <general>: DXVA::CEnumeratorHD::ProbeProcessorCaps: selected video processor index: 0.
2026-08-24 11:12:47.801 T:10408    info <general>: DXVA::CEnumeratorHD::ProbeProcessorCaps: supported deinterlace methods: blend:yes, bob:yes, adaptive:yes, mocomp:yes.
2026-08-24 11:12:47.801 T:10408   debug <general>: DXVA::CEnumeratorHD::ProbeProcessorCaps: selected video processor recommends 1 future frames and 1 past frames for best results.
2026-08-24 11:12:47.801 T:10408   debug <general>: DXVA::CEnumeratorHD::ProbeProcessorCaps: filter Brightness has following params - max: 1000, min: -1000, default: 0
2026-08-24 11:12:47.801 T:10408   debug <general>: DXVA::CEnumeratorHD::ProbeProcessorCaps: filter Contrast has following params - max: 1000, min: 0, default: 100
2026-08-24 11:12:47.801 T:10408   debug <general>: DXVA::CEnumeratorHD::ProbeProcessorCaps: filter Hue has following params - max: 1800, min: -1800, default: 0
2026-08-24 11:12:47.801 T:10408   debug <general>: DXVA::CEnumeratorHD::ProbeProcessorCaps: filter Saturation has following params - max: 1000, min: 0, default: 100
2026-08-24 11:12:47.801 T:10408   debug <general>: DXVA::CEnumeratorHD::ProbeProcessorCaps: filter Noise Reduction has following params - max: 64, min: 0, default: 0
2026-08-24 11:12:47.801 T:10408   debug <general>: DXVA::CEnumeratorHD::ProbeProcessorCaps: filter Edge Enhancement has following params - max: 64, min: 0, default: 44
2026-08-24 11:12:47.801 T:10408   debug <general>: DXVA::CEnumeratorHD::ProbeProcessorCaps: filter Anamorphic Scaling has following params - max: 1, min: 0, default: 0
2026-08-24 11:12:47.801 T:10408   debug <general>: DXVA::CEnumeratorHD::ProbeProcessorCaps: filter Stereo Adjustment not supported by processor.
2026-08-24 11:12:47.801 T:10408   debug <general>: DXVA::CProcessorHD::OpenProcessor: creating processor.
2026-08-24 11:12:47.818 T:10408   debug <general>: CRenderManager::Configure - 6
2026-08-24 11:12:47.819 T:10428   debug <general>: CVideoPlayer::HandleMessages - player started 2
2026-08-24 11:12:47.819 T:10428   debug <general>: VideoPlayer::Sync - Audio - pts: 1698666.000000, cache: 319999.963045, totalcache: 800000.011921
2026-08-24 11:12:47.819 T:10428   debug <general>: VideoPlayer::Sync - Video - pts: 1461333.000000, cache: 50000.000000, totalcache: 100000.000000
2026-08-24 11:12:47.819 T:10408 warning <general>: CRendererHQ::CheckVideoParameters: chosen scaling method 1 is not supported by renderer
2026-08-24 11:12:47.819 T:656     debug <general>: CVideoPlayerVideo - CDVDMsg::GENERAL_RESYNC(1361333.000000)
2026-08-24 11:12:47.819 T:10428   debug <general>: CVideoPlayer::SetCaching - caching state 0
2026-08-24 11:12:47.819 T:12468   debug <general>: CVideoPlayerAudio - CDVDMsg::GENERAL_RESYNC(1361333.000000), level: 89, cache: 319999.963045
2026-08-24 11:12:47.819 T:12468   debug <general>: CDVDAudio::Resume - resume audio stream
2026-08-24 11:12:47.819 T:10408   debug <general>: CRendererBase::CreateIntermediateTarget: creating intermediate target 1920x1080 format R10G10B10A2_UNORM.
2026-08-24 11:12:47.819 T:10428   debug <general>: CDVDClock::SetSpeedAdjust - adjusted:0.000000
2026-08-24 11:12:47.820 T:10408   debug <general>: CWinShader::LoadEffect: loading shader special://xbmc/system/shaders/output_d3d.fx
2026-08-24 11:12:47.820 T:12404   debug <general>: ActiveAE - start sync of audio stream
2026-08-24 11:12:47.825 T:14468   debug <general>: CApplicationPlayerCallback::OnAVChange: CApplication::OnAVChange
2026-08-24 11:12:47.825 T:14468   debug <general>: CApplicationPlayerCallback::OnAVStarted: CApplication::OnAVStarted
2026-08-24 11:12:48.048 T:11652   debug <general>: CAESinkDirectSound::CheckPlayStatus: Resuming Playback
2026-08-24 11:12:48.049 T:12404   debug <general>: ActiveAE::SyncStream - average error of 13.792536, start adjusting
2026-08-24 11:12:48.049 T:12404   debug <general>: ActiveAE::SyncStream - average error 0.792536 below threshold of 30.000000
2026-08-24 11:12:48.089 T:10408   debug <general>: Activating window ID: 12005
2026-08-24 11:12:48.089 T:10408   debug <general>: ------ Window Deinit (MyVideoNav.xml) ------
2026-08-24 11:12:48.089 T:10408   debug <general>: FreeVisualisation() done
2026-08-24 11:12:48.090 T:10408   debug <general>: ------ Window Init (VideoFullScreen.xml) ------
2026-08-24 11:12:48.090 T:10408    info <general>: Loading skin file: VideoFullScreen.xml, load type: KEEP_IN_MEMORY
2026-08-24 11:12:48.120 T:12624    info <general>: [plugin.video.youtube] player_monitor:435(onAVStarted) - Get property 'play_using': ''
2026-08-24 11:12:48.121 T:12624    info <general>: [plugin.video.youtube] player_monitor:441(onAVStarted) - Pop property 'player_json': ''
2026-08-24 11:12:48.121 T:14468   debug <general>: CApplicationPlayerCallback::OnAVChange: CApplication::OnAVChange
2026-08-24 11:12:48.123 T:10408   debug <general>: ------ Window Deinit (DialogBusy.xml) ------
2026-08-24 11:12:48.130 T:656      info <general>: CDVDVideoCodecFFmpeg::CDropControl: calculated diff time: 40000
2026-08-24 11:12:48.631 T:4272    debug <general>: AddOnLog: inputstream.adaptive: [AS-0] Download finished: https://imagelovelyshare.com/stream-png/RE05emxjVUhwRnR3ODVOMmRXdkVFYWVOK3pLSDllYVBpdGd4am9KNUZZS3lPOVIwRHhMTTEwNHpWWVI3UGdESms0VjhHVWZCeXRWdzFUdjgwM2VHWXZGZE1iMnA3aXlPRE40RlhNWXcyOUE9.png?tok=eyJ0eXAiOiJKV1QiLCJhbGciOiJIUzI1NiJ9.eyJpc3MiOiJoZG0yLmluayIsImlhdCI6MTc4NzU1MDE2MywiZXhwIjoxNzg3NTYwOTYzLCJzbHVnIjoiUU1RQkgiLCJ0eXBlIjoicXVhbGl0eV90b2tlbiJ9.eVLL3Ds-oO0Giq1xn00Dy6bkMrgxbLT08O4r_3cK99s (downloaded 1533328 byte, speed 943225.00 byte/s)
2026-08-24 11:12:48.645 T:4272    debug <general>: CurlFile::XFILE::CCurlFile::Open - <https://imagesharerhost.com/stream-png/RE05emxjVUhwRnR3ODVOMmRXdkVFYWVOK3pLSDllYVBpdGd4am9KNUZZS3lPOVIwRHhMTTEwNHpWWVI3UGdESms0VjhHVWZCeXRWdzFUdjgwM2VHWWxZNVdWWTFvai9yU1lBRHUxUzg2TGs9.png?tok=eyJ0eXAiOiJKV1QiLCJhbGciOiJIUzI1NiJ9.eyJpc3MiOiJoZG0yLmluayIsImlhdCI6MTc4NzU1MDE2MywiZXhwIjoxNzg3NTYwOTYzLCJzbHVnIjoiUU1RQkgiLCJ0eXBlIjoicXVhbGl0eV90b2tlbiJ9.eVLL3Ds-oO0Giq1xn00Dy6bkMrgxbLT08O4r_3cK99s>
2026-08-24 11:12:49.068 T:12404   debug <general>: ActiveAE::SyncStream - average error -255.135366 above threshold of 100.000000
2026-08-24 11:12:49.110 T:12404   debug <general>: ActiveAE::SyncStream - average error -15.135366 below threshold of 30.000000
2026-08-24 11:12:49.872 T:4272    debug <general>: AddOnLog: inputstream.adaptive: [AS-0] Download finished: https://imagesharerhost.com/stream-png/RE05emxjVUhwRnR3ODVOMmRXdkVFYWVOK3pLSDllYVBpdGd4am9KNUZZS3lPOVIwRHhMTTEwNHpWWVI3UGdESms0VjhHVWZCeXRWdzFUdjgwM2VHWWxZNVdWWTFvai9yU1lBRHUxUzg2TGs9.png?tok=eyJ0eXAiOiJKV1QiLCJhbGciOiJIUzI1NiJ9.eyJpc3MiOiJoZG0yLmluayIsImlhdCI6MTc4NzU1MDE2MywiZXhwIjoxNzg3NTYwOTYzLCJzbHVnIjoiUU1RQkgiLCJ0eXBlIjoicXVhbGl0eV90b2tlbiJ9.eVLL3Ds-oO0Giq1xn00Dy6bkMrgxbLT08O4r_3cK99s (downloaded 1300208 byte, speed 993713.00 byte/s)
2026-08-24 11:12:49.873 T:4272    debug <general>: CurlFile::XFILE::CCurlFile::Open - <https://imagelovelyshare.com/stream-png/RE05emxjVUhwRnR3ODVOMmRXdkVFYWVOK3pLSDllYVBpdGd4am9KNUZZS3lPOVIwRHhMTTEwNHpWWVI3UGdESms0VjhHVWZCeXRWdzFUdjgwM2VHWWkvcEJISkRHMXgxWXRjc2xQVWk4NlE9.png?tok=eyJ0eXAiOiJKV1QiLCJhbGciOiJIUzI1NiJ9.eyJpc3MiOiJoZG0yLmluayIsImlhdCI6MTc4NzU1MDE2MywiZXhwIjoxNzg3NTYwOTYzLCJzbHVnIjoiUU1RQkgiLCJ0eXBlIjoicXVhbGl0eV90b2tlbiJ9.eVLL3Ds-oO0Giq1xn00Dy6bkMrgxbLT08O4r_3cK99s>
2026-08-24 11:12:51.292 T:10408   debug <general>: Keyboard: scancode: 0x14d, sym: 0x113 (right), unicode: 0x00, modifier: 0x0
2026-08-24 11:12:51.293 T:10408   debug <general>: CInputManager::HandleKey: right (0xf083) pressed, window 12005, action is StepForward
2026-08-24 11:12:51.294 T:10408   debug <general>: ------ Window Init (DialogSeekBar.xml) ------
2026-08-24 11:12:51.294 T:10408   debug <general>: ------ Window Init (Custom_1109_TopBarOverlay.xml) ------
2026-08-24 11:12:51.443 T:10408   debug <general>: Keyboard: scancode: 0xc14d, sym: 0x113 (right), unicode: 0x00, modifier: 0x0
2026-08-24 11:12:51.498 T:13732   debug <general>: AddOnLog: inputstream.adaptive: [Repr. chooser] Current average bandwidth: 6961308 bit/s (filtered to 6265177 bit/s)
2026-08-24 11:12:51.542 T:10408   debug <general>: Keyboard: scancode: 0x14d, sym: 0x113 (right), unicode: 0x00, modifier: 0x0
2026-08-24 11:12:51.543 T:10408   debug <general>: CInputManager::HandleKey: right (0xf083) pressed, window 12005, action is StepForward
2026-08-24 11:12:51.579 T:4272    debug <general>: AddOnLog: inputstream.adaptive: [AS-0] Download finished: https://imagelovelyshare.com/stream-png/RE05emxjVUhwRnR3ODVOMmRXdkVFYWVOK3pLSDllYVBpdGd4am9KNUZZS3lPOVIwRHhMTTEwNHpWWVI3UGdESms0VjhHVWZCeXRWdzFUdjgwM2VHWWkvcEJISkRHMXgxWXRjc2xQVWk4NlE9.png?tok=eyJ0eXAiOiJKV1QiLCJhbGciOiJIUzI1NiJ9.eyJpc3MiOiJoZG0yLmluayIsImlhdCI6MTc4NzU1MDE2MywiZXhwIjoxNzg3NTYwOTYzLCJzbHVnIjoiUU1RQkgiLCJ0eXBlIjoicXVhbGl0eV90b2tlbiJ9.eVLL3Ds-oO0Giq1xn00Dy6bkMrgxbLT08O4r_3cK99s (downloaded 1587472 byte, speed 871344.00 byte/s)
2026-08-24 11:12:51.580 T:4272    debug <general>: CurlFile::XFILE::CCurlFile::Open - <https://imagesharerhost.com/stream-png/RE05emxjVUhwRnR3ODVOMmRXdkVFYWVOK3pLSDllYVBpdGd4am9KNUZZS3lPOVIwRHhMTTEwNHpWWVI3UGdESms0VjhHVWZCeXRWdzFUdjgwM2VHWXZLaGdkcm90cUdZUnR2L1U3M0VvNEU9.png?tok=eyJ0eXAiOiJKV1QiLCJhbGciOiJIUzI1NiJ9.eyJpc3MiOiJoZG0yLmluayIsImlhdCI6MTc4NzU1MDE2MywiZXhwIjoxNzg3NTYwOTYzLCJzbHVnIjoiUU1RQkgiLCJ0eXBlIjoicXVhbGl0eV90b2tlbiJ9.eVLL3Ds-oO0Giq1xn00Dy6bkMrgxbLT08O4r_3cK99s>
2026-08-24 11:12:51.676 T:10408   debug <general>: Keyboard: scancode: 0xc14d, sym: 0x113 (right), unicode: 0x00, modifier: 0x0
2026-08-24 11:12:51.776 T:10408   debug <general>: Keyboard: scancode: 0x14d, sym: 0x113 (right), unicode: 0x00, modifier: 0x0
2026-08-24 11:12:51.776 T:10408   debug <general>: CInputManager::HandleKey: right (0xf083) pressed, window 12005, action is StepForward
2026-08-24 11:12:51.859 T:10408   debug <general>: Keyboard: scancode: 0xc14d, sym: 0x113 (right), unicode: 0x00, modifier: 0x0
2026-08-24 11:12:51.976 T:10408   debug <general>: Keyboard: scancode: 0x14d, sym: 0x113 (right), unicode: 0x00, modifier: 0x0
2026-08-24 11:12:51.976 T:10408   debug <general>: CInputManager::HandleKey: right (0xf083) pressed, window 12005, action is StepForward
2026-08-24 11:12:52.042 T:10408   debug <general>: Keyboard: scancode: 0xc14d, sym: 0x113 (right), unicode: 0x00, modifier: 0x0
2026-08-24 11:12:52.159 T:10408   debug <general>: Keyboard: scancode: 0x14d, sym: 0x113 (right), unicode: 0x00, modifier: 0x0
2026-08-24 11:12:52.159 T:10408   debug <general>: CInputManager::HandleKey: right (0xf083) pressed, window 12005, action is StepForward
2026-08-24 11:12:52.242 T:10408   debug <general>: Keyboard: scancode: 0xc14d, sym: 0x113 (right), unicode: 0x00, modifier: 0x0
2026-08-24 11:12:52.278 T:12624    info <general>: [plugin.video.youtube] service_runner:138(run) - Clear property 'plugin_sleeping'
2026-08-24 11:12:52.293 T:12624    info <general>: [plugin.video.youtube] service_runner:244(run) - Set property 'plugin_sleeping': 'true'
2026-08-24 11:12:52.429 T:656     debug <general>: CPtsTracker: detected pattern of length 1: 40000.00, frameduration: 40000.000000
2026-08-24 11:12:52.442 T:10408   debug <general>: Keyboard: scancode: 0x14d, sym: 0x113 (right), unicode: 0x00, modifier: 0x0
2026-08-24 11:12:52.443 T:10408   debug <general>: CInputManager::HandleKey: right (0xf083) pressed, window 12005, action is StepForward
2026-08-24 11:12:52.476 T:10408   debug <general>: Keyboard: scancode: 0xc14d, sym: 0x113 (right), unicode: 0x00, modifier: 0x0
2026-08-24 11:12:52.522 T:4272    debug <general>: AddOnLog: inputstream.adaptive: [AS-0] Download finished: https://imagesharerhost.com/stream-png/RE05emxjVUhwRnR3ODVOMmRXdkVFYWVOK3pLSDllYVBpdGd4am9KNUZZS3lPOVIwRHhMTTEwNHpWWVI3UGdESms0VjhHVWZCeXRWdzFUdjgwM2VHWXZLaGdkcm90cUdZUnR2L1U3M0VvNEU9.png?tok=eyJ0eXAiOiJKV1QiLCJhbGciOiJIUzI1NiJ9.eyJpc3MiOiJoZG0yLmluayIsImlhdCI6MTc4NzU1MDE2MywiZXhwIjoxNzg3NTYwOTYzLCJzbHVnIjoiUU1RQkgiLCJ0eXBlIjoicXVhbGl0eV90b2tlbiJ9.eVLL3Ds-oO0Giq1xn00Dy6bkMrgxbLT08O4r_3cK99s (downloaded 965380 byte, speed 915821.00 byte/s)
2026-08-24 11:12:52.522 T:4272    debug <general>: CurlFile::XFILE::CCurlFile::Open - <https://imagelovelyshare.com/stream-png/RE05emxjVUhwRnR3ODVOMmRXdkVFYWVOK3pLSDllYVBpdGd4am9KNUZZS3lPOVIwRHhMTTEwNHpWWVI3UGdESms0VjhHVWZCeXRWdzFUdjgwM2VHWXBIOFQvOVBDcXFRa3BVWVp3WC94cUk9.png?tok=eyJ0eXAiOiJKV1QiLCJhbGciOiJIUzI1NiJ9.eyJpc3MiOiJoZG0yLmluayIsImlhdCI6MTc4NzU1MDE2MywiZXhwIjoxNzg3NTYwOTYzLCJzbHVnIjoiUU1RQkgiLCJ0eXBlIjoicXVhbGl0eV90b2tlbiJ9.eVLL3Ds-oO0Giq1xn00Dy6bkMrgxbLT08O4r_3cK99s>
2026-08-24 11:12:53.214 T:10428   debug <general>: CVideoPlayer::SetCaching - caching state 2
2026-08-24 11:12:53.214 T:10428   debug <general>: CDVDClock::SetSpeedAdjust - adjusted:0.000000
2026-08-24 11:12:53.214 T:10428   debug <general>: demuxer seek to: 605415.017200
2026-08-24 11:12:53.214 T:10428    info <general>: AddOnLog: inputstream.adaptive: PosTime (605415)
2026-08-24 11:12:53.220 T:12468   debug <general>: CDVDAudio::Pause - pausing audio stream
2026-08-24 11:12:53.236 T:4272    debug <general>: AddOnLog: inputstream.adaptive: [AS-0] Download cancelled: https://imagelovelyshare.com/stream-png/RE05emxjVUhwRnR3ODVOMmRXdkVFYWVOK3pLSDllYVBpdGd4am9KNUZZS3lPOVIwRHhMTTEwNHpWWVI3UGdESms0VjhHVWZCeXRWdzFUdjgwM2VHWXBIOFQvOVBDcXFRa3BVWVp3WC94cUk9.png?tok=eyJ0eXAiOiJKV1QiLCJhbGciOiJIUzI1NiJ9.eyJpc3MiOiJoZG0yLmluayIsImlhdCI6MTc4NzU1MDE2MywiZXhwIjoxNzg3NTYwOTYzLCJzbHVnIjoiUU1RQkgiLCJ0eXBlIjoicXVhbGl0eV90b2tlbiJ9.eVLL3Ds-oO0Giq1xn00Dy6bkMrgxbLT08O4r_3cK99s
2026-08-24 11:12:53.237 T:4272    debug <general>: CurlFile::XFILE::CCurlFile::Open - <https://imagelovelyshare.com/stream-png/RE05emxjVUhwRnR3ODVOMmRXdkVFYWVOK3pLSDllYVBpdGd4am9KNUZZS3lPOVIwRHhMTTEwNHpWWVI3UGdESms0VjhHVWZCeXRWdzFUdjgwM2VHWW1pVWZVcS9ralZNdWg5aHpVaGoyZDA9.png?tok=eyJ0eXAiOiJKV1QiLCJhbGciOiJIUzI1NiJ9.eyJpc3MiOiJoZG0yLmluayIsImlhdCI6MTc4NzU1MDE2MywiZXhwIjoxNzg3NTYwOTYzLCJzbHVnIjoiUU1RQkgiLCJ0eXBlIjoicXVhbGl0eV90b2tlbiJ9.eVLL3Ds-oO0Giq1xn00Dy6bkMrgxbLT08O4r_3cK99s>
2026-08-24 11:12:53.622 T:10428    info <general>: AddOnLog: inputstream.adaptive: Seek time 605.4 for stream: 1001 (physical index 131073) continues at 606.0 (PTS: 607421333)
2026-08-24 11:12:53.622 T:10428   debug <general>: demuxer seek to: 605415.017200, success
2026-08-24 11:12:53.622 T:10428   debug <general>: CVideoPlayer::FlushBuffers - flushing buffers
2026-08-24 11:12:53.640 T:12468   debug <general>: CDVDAudio::Flush - flush audio stream
2026-08-24 11:12:53.640 T:12468   debug <general>: CDVDAudio::Pause - pausing audio stream
2026-08-24 11:12:53.640 T:12468   debug <general>: CVideoPlayerAudio - CDVDMsg::GENERAL_SYNCHRONIZE
2026-08-24 11:12:53.640 T:656     debug <general>: CVideoPlayerVideo - CDVDMsg::GENERAL_SYNCHRONIZE
2026-08-24 11:12:53.640 T:656     debug <general>: CVideoPlayerVideo - Stillframe left, switching to normal playback
2026-08-24 11:12:53.641 T:656     debug <general>: CDVDVideoCodecFFmpeg - Updated codec: ff-h264
2026-08-24 11:12:53.641 T:656     debug <general>: DXVA: open decoder.
2026-08-24 11:12:53.641 T:656     debug <general>: DXVA: trying 'H.264 variable-length decoder, no film grain technology'.
2026-08-24 11:12:53.641 T:656     debug <general>: DXVA: config 0: bitstream type 2.
2026-08-24 11:12:53.641 T:656     debug <general>: DXVA: config 1: bitstream type 1.
2026-08-24 11:12:53.641 T:656     debug <general>: DXVA: config 2: bitstream type 2, encrypted.
2026-08-24 11:12:53.641 T:656     debug <general>: DXVA: config 3: bitstream type 2, encrypted.
2026-08-24 11:12:53.641 T:656     debug <general>: DXVA: config 4: bitstream type 2, encrypted.
2026-08-24 11:12:53.641 T:656     debug <general>: DXVA: config 5: bitstream type 2, encrypted.
2026-08-24 11:12:53.641 T:656     debug <general>: DXVA: config 6: bitstream type 1, encrypted.
2026-08-24 11:12:53.641 T:656     debug <general>: DXVA: config 7: bitstream type 1, encrypted.
2026-08-24 11:12:53.641 T:656     debug <general>: DXVA: selected output format: NV12.
2026-08-24 11:12:53.641 T:656     debug <general>: DXVA: source requires 1 references.
2026-08-24 11:12:53.641 T:656      info <general>: DXVA::CDecoder::Open: Total video memory available is 4135 MB (dedicated = 128 MB, shared = 4007 MB)
2026-08-24 11:12:53.641 T:656     debug <general>: DXVA: allocating 16 surfaces with format NV12.
2026-08-24 11:12:53.695 T:656     debug <general>: CDVDVideoCodecFFmpeg - Updated codec: ff-h264-d3d11va
2026-08-24 11:12:53.710 T:10408   debug <general>: DXVA::CDecoder::~CDecoder: destructing decoder, 0x17a58d573d0.
2026-08-24 11:12:53.711 T:10408    info <general>: DXVA::CDecoder::Close: closing decoder.
2026-08-24 11:12:53.712 T:10408   debug <general>: DXVA::CVideoBufferPool::~CVideoBufferPool: destructing buffer pool.
2026-08-24 11:12:53.714 T:10428   debug <general>: CVideoPlayer::HandleMessages - player started 2
2026-08-24 11:12:53.802 T:10428   debug <general>: CVideoPlayer::HandleMessages - player started 1
2026-08-24 11:12:53.802 T:10428   debug <general>: CVideoPlayer::SetCaching - caching state 3
2026-08-24 11:12:53.802 T:10428   debug <general>: CDVDClock::SetSpeedAdjust - adjusted:0.000000
2026-08-24 11:12:53.802 T:10428   debug <general>: CVideoPlayer::SetCaching - caching state 0
2026-08-24 11:12:53.802 T:10428   debug <general>: CDVDClock::SetSpeedAdjust - adjusted:0.000000
2026-08-24 11:12:53.802 T:9440    debug <general>: CApplicationPlayerCallback::OnAVChange: CApplication::OnAVChange
2026-08-24 11:12:53.802 T:10428   debug <general>: VideoPlayer::Sync - Audio - pts: 607736000.000000, cache: 474559.296378, totalcache: 800000.011921
2026-08-24 11:12:53.802 T:10428   debug <general>: VideoPlayer::Sync - Video - pts: 607421333.000000, cache: 50000.000000, totalcache: 100000.000000
2026-08-24 11:12:53.802 T:12468   debug <general>: CVideoPlayerAudio - CDVDMsg::GENERAL_RESYNC(607261440.703622), level: 2, cache: 474021.096378
2026-08-24 11:12:53.803 T:12468   debug <general>: CDVDAudio::Resume - resume audio stream
2026-08-24 11:12:53.802 T:656     debug <general>: CVideoPlayerVideo - CDVDMsg::GENERAL_RESYNC(607261440.703622)
2026-08-24 11:12:53.803 T:12404   debug <general>: ActiveAE - start sync of audio stream
2026-08-24 11:12:53.913 T:12404   debug <general>: ActiveAE::SyncStream - average error of 14.488459, start adjusting
2026-08-24 11:12:53.913 T:12404   debug <general>: ActiveAE::SyncStream - average error 0.488459 below threshold of 30.000000
2026-08-24 11:12:55.087 T:4272    debug <general>: AddOnLog: inputstream.adaptive: [AS-0] Download finished: https://imagelovelyshare.com/stream-png/RE05emxjVUhwRnR3ODVOMmRXdkVFYWVOK3pLSDllYVBpdGd4am9KNUZZS3lPOVIwRHhMTTEwNHpWWVI3UGdESms0VjhHVWZCeXRWdzFUdjgwM2VHWW1pVWZVcS9ralZNdWg5aHpVaGoyZDA9.png?tok=eyJ0eXAiOiJKV1QiLCJhbGciOiJIUzI1NiJ9.eyJpc3MiOiJoZG0yLmluayIsImlhdCI6MTc4NzU1MDE2MywiZXhwIjoxNzg3NTYwOTYzLCJzbHVnIjoiUU1RQkgiLCJ0eXBlIjoicXVhbGl0eV90b2tlbiJ9.eVLL3Ds-oO0Giq1xn00Dy6bkMrgxbLT08O4r_3cK99s (downloaded 1994868 byte, speed 1054998.00 byte/s)
2026-08-24 11:12:55.087 T:13732   debug <general>: AddOnLog: inputstream.adaptive: [Repr. chooser] Current average bandwidth: 7226076 bit/s (filtered to 6503468 bit/s)
2026-08-24 11:12:55.100 T:4272    debug <general>: CurlFile::XFILE::CCurlFile::Open - <https://imagesharerhost.com/stream-png/RE05emxjVUhwRnR3ODVOMmRXdkVFYWVOK3pLSDllYVBpdGd4am9KNUZZS3lPOVIwRHhMTTEwNHpWWVI3UGdESms0VjhHVWZCeXRWdzFUdjgwM2VHWXBtR2s2VVhHc2RJRC9IZWhtV3RlN1k9.png?tok=eyJ0eXAiOiJKV1QiLCJhbGciOiJIUzI1NiJ9.eyJpc3MiOiJoZG0yLmluayIsImlhdCI6MTc4NzU1MDE2MywiZXhwIjoxNzg3NTYwOTYzLCJzbHVnIjoiUU1RQkgiLCJ0eXBlIjoicXVhbGl0eV90b2tlbiJ9.eVLL3Ds-oO0Giq1xn00Dy6bkMrgxbLT08O4r_3cK99s>
2026-08-24 11:12:55.308 T:10408   debug <general>: Keyboard: scancode: 0x14d, sym: 0x113 (right), unicode: 0x00, modifier: 0x0
2026-08-24 11:12:55.309 T:10408   debug <general>: CInputManager::HandleKey: right (0xf083) pressed, window 12005, action is StepForward
2026-08-24 11:12:55.409 T:10408   debug <general>: Keyboard: scancode: 0xc14d, sym: 0x113 (right), unicode: 0x00, modifier: 0x0
2026-08-24 11:12:55.525 T:10408   debug <general>: Keyboard: scancode: 0x14d, sym: 0x113 (right), unicode: 0x00, modifier: 0x0
2026-08-24 11:12:55.526 T:10408   debug <general>: CInputManager::HandleKey: right (0xf083) pressed, window 12005, action is StepForward
2026-08-24 11:12:55.575 T:10408   debug <general>: Keyboard: scancode: 0xc14d, sym: 0x113 (right), unicode: 0x00, modifier: 0x0
2026-08-24 11:12:55.692 T:10408   debug <general>: Keyboard: scancode: 0x14d, sym: 0x113 (right), unicode: 0x00, modifier: 0x0
2026-08-24 11:12:55.692 T:10408   debug <general>: CInputManager::HandleKey: right (0xf083) pressed, window 12005, action is StepForward
2026-08-24 11:12:55.792 T:10408   debug <general>: Keyboard: scancode: 0xc14d, sym: 0x113 (right), unicode: 0x00, modifier: 0x0
2026-08-24 11:12:56.469 T:10428   debug <general>: CVideoPlayer::SetCaching - caching state 2
2026-08-24 11:12:56.469 T:10428   debug <general>: CDVDClock::SetSpeedAdjust - adjusted:0.000000
2026-08-24 11:12:56.469 T:10428   debug <general>: demuxer seek to: 668587.131204
2026-08-24 11:12:56.470 T:10428    info <general>: AddOnLog: inputstream.adaptive: PosTime (668587)
2026-08-24 11:12:56.485 T:12468   debug <general>: CDVDAudio::Pause - pausing audio stream
2026-08-24 11:12:56.503 T:4272    debug <general>: AddOnLog: inputstream.adaptive: [AS-0] Download cancelled: https://imagesharerhost.com/stream-png/RE05emxjVUhwRnR3ODVOMmRXdkVFYWVOK3pLSDllYVBpdGd4am9KNUZZS3lPOVIwRHhMTTEwNHpWWVI3UGdESms0VjhHVWZCeXRWdzFUdjgwM2VHWXBtR2s2VVhHc2RJRC9IZWhtV3RlN1k9.png?tok=eyJ0eXAiOiJKV1QiLCJhbGciOiJIUzI1NiJ9.eyJpc3MiOiJoZG0yLmluayIsImlhdCI6MTc4NzU1MDE2MywiZXhwIjoxNzg3NTYwOTYzLCJzbHVnIjoiUU1RQkgiLCJ0eXBlIjoicXVhbGl0eV90b2tlbiJ9.eVLL3Ds-oO0Giq1xn00Dy6bkMrgxbLT08O4r_3cK99s
2026-08-24 11:12:56.503 T:4272    debug <general>: CurlFile::XFILE::CCurlFile::Open - <https://imagesharerhost.com/stream-png/RE05emxjVUhwRnR3ODVOMmRXdkVFYWVOK3pLSDllYVBpdGd4am9KNUZZS3lPOVIwRHhMTTEwNHpWWVI3UGdESms0VjhHVWZCeXRWdzFUdjgwM2VHWWtteFpiTDRCUENDczVXdmZwcm9OSms9.png?tok=eyJ0eXAiOiJKV1QiLCJhbGciOiJIUzI1NiJ9.eyJpc3MiOiJoZG0yLmluayIsImlhdCI6MTc4NzU1MDE2MywiZXhwIjoxNzg3NTYwOTYzLCJzbHVnIjoiUU1RQkgiLCJ0eXBlIjoicXVhbGl0eV90b2tlbiJ9.eVLL3Ds-oO0Giq1xn00Dy6bkMrgxbLT08O4r_3cK99s>
2026-08-24 11:12:56.542 T:10408   debug <general>: Keyboard: scancode: 0x3d, sym: 0x11c (f3), unicode: 0x00, modifier: 0x0
2026-08-24 11:12:56.542 T:10408   debug <general>: CInputManager::HandleKey: f3 (0xf092) pressed, window 12005, action is 
2026-08-24 11:12:56.692 T:10408   debug <general>: Keyboard: scancode: 0xc03d, sym: 0x11c (f3), unicode: 0x00, modifier: 0x0
2026-08-24 11:12:56.792 T:10408   debug <general>: Keyboard: scancode: 0x3d, sym: 0x11c (f3), unicode: 0x00, modifier: 0x0
2026-08-24 11:12:56.792 T:10408   debug <general>: CInputManager::HandleKey: f3 (0xf092) pressed, window 12005, action is 
2026-08-24 11:12:56.892 T:10408   debug <general>: Keyboard: scancode: 0xc03d, sym: 0x11c (f3), unicode: 0x00, modifier: 0x0
2026-08-24 11:12:56.977 T:656   warning <general>: CVideoPlayerVideo::OutputPicture - timeout waiting for buffer
2026-08-24 11:12:56.992 T:10408   debug <general>: Keyboard: scancode: 0x3d, sym: 0x11c (f3), unicode: 0x00, modifier: 0x0
2026-08-24 11:12:56.992 T:10408   debug <general>: CInputManager::HandleKey: f3 (0xf092) pressed, window 12005, action is 
2026-08-24 11:12:57.071 T:10428    info <general>: AddOnLog: inputstream.adaptive: Seek time 668.6 for stream: 1001 (physical index 131073) continues at 672.0 (PTS: 673421333)
2026-08-24 11:12:57.071 T:10428   debug <general>: demuxer seek to: 668587.131204, success
2026-08-24 11:12:57.071 T:10428   debug <general>: CVideoPlayer::FlushBuffers - flushing buffers
2026-08-24 11:12:57.091 T:12468   debug <general>: CDVDAudio::Flush - flush audio stream
2026-08-24 11:12:57.091 T:12468   debug <general>: CDVDAudio::Pause - pausing audio stream
2026-08-24 11:12:57.091 T:12468   debug <general>: CVideoPlayerAudio - CDVDMsg::GENERAL_SYNCHRONIZE
2026-08-24 11:12:57.091 T:656     debug <general>: CVideoPlayerVideo - CDVDMsg::GENERAL_SYNCHRONIZE
2026-08-24 11:12:57.091 T:656     debug <general>: CVideoPlayerVideo - Stillframe left, switching to normal playback
2026-08-24 11:12:57.092 T:656     debug <general>: CDVDVideoCodecFFmpeg - Updated codec: ff-h264
2026-08-24 11:12:57.092 T:656     debug <general>: DXVA: open decoder.
2026-08-24 11:12:57.092 T:656     debug <general>: DXVA: trying 'H.264 variable-length decoder, no film grain technology'.
2026-08-24 11:12:57.092 T:656     debug <general>: DXVA: config 0: bitstream type 2.
2026-08-24 11:12:57.092 T:656     debug <general>: DXVA: config 1: bitstream type 1.
2026-08-24 11:12:57.092 T:656     debug <general>: DXVA: config 2: bitstream type 2, encrypted.
2026-08-24 11:12:57.092 T:656     debug <general>: DXVA: config 3: bitstream type 2, encrypted.
2026-08-24 11:12:57.092 T:656     debug <general>: DXVA: config 4: bitstream type 2, encrypted.
2026-08-24 11:12:57.092 T:656     debug <general>: DXVA: config 5: bitstream type 2, encrypted.
2026-08-24 11:12:57.092 T:656     debug <general>: DXVA: config 6: bitstream type 1, encrypted.
2026-08-24 11:12:57.092 T:656     debug <general>: DXVA: config 7: bitstream type 1, encrypted.
2026-08-24 11:12:57.092 T:656     debug <general>: DXVA: selected output format: NV12.
2026-08-24 11:12:57.092 T:656     debug <general>: DXVA: source requires 1 references.
2026-08-24 11:12:57.092 T:656      info <general>: DXVA::CDecoder::Open: Total video memory available is 4135 MB (dedicated = 128 MB, shared = 4007 MB)
2026-08-24 11:12:57.093 T:656     debug <general>: DXVA: allocating 16 surfaces with format NV12.
2026-08-24 11:12:57.149 T:10428   debug <general>: CVideoPlayer::HandleMessages - player started 1
2026-08-24 11:12:57.150 T:9440    debug <general>: CApplicationPlayerCallback::OnAVChange: CApplication::OnAVChange
2026-08-24 11:12:57.152 T:656     debug <general>: CDVDVideoCodecFFmpeg - Updated codec: ff-h264-d3d11va
2026-08-24 11:12:57.159 T:10408   debug <general>: DXVA::CDecoder::~CDecoder: destructing decoder, 0x17a58d582b0.
2026-08-24 11:12:57.161 T:10408    info <general>: DXVA::CDecoder::Close: closing decoder.
2026-08-24 11:12:57.161 T:10408   debug <general>: DXVA::CVideoBufferPool::~CVideoBufferPool: destructing buffer pool.
2026-08-24 11:12:57.164 T:10428   debug <general>: CVideoPlayer::HandleMessages - player started 2
2026-08-24 11:12:57.164 T:10428   debug <general>: CVideoPlayer::SetCaching - caching state 3
2026-08-24 11:12:57.164 T:10428   debug <general>: CDVDClock::SetSpeedAdjust - adjusted:0.000000
2026-08-24 11:12:57.164 T:10428   debug <general>: CVideoPlayer::SetCaching - caching state 0
2026-08-24 11:12:57.164 T:10428   debug <general>: CDVDClock::SetSpeedAdjust - adjusted:0.000000
2026-08-24 11:12:57.165 T:10428   debug <general>: VideoPlayer::Sync - Audio - pts: 673720000.000000, cache: 481734.029712, totalcache: 800000.011921
2026-08-24 11:12:57.165 T:10428   debug <general>: VideoPlayer::Sync - Video - pts: 673421333.000000, cache: 50000.000000, totalcache: 100000.000000
2026-08-24 11:12:57.165 T:12468   debug <general>: CVideoPlayerAudio - CDVDMsg::GENERAL_RESYNC(673238265.970288), level: 2, cache: 486323.729712
2026-08-24 11:12:57.165 T:12468   debug <general>: CDVDAudio::Resume - resume audio stream
2026-08-24 11:12:57.165 T:12404   debug <general>: ActiveAE - start sync of audio stream
2026-08-24 11:12:57.165 T:656     debug <general>: CVideoPlayerVideo - CDVDMsg::GENERAL_RESYNC(673238265.970288)
2026-08-24 11:12:57.280 T:12404   debug <general>: ActiveAE::SyncStream - average error of 9.390601, start adjusting
2026-08-24 11:12:57.280 T:12404   debug <general>: ActiveAE::SyncStream - average error 0.390601 below threshold of 30.000000
2026-08-24 11:12:57.492 T:10408   debug <general>: Keyboard: scancode: 0x403d, sym: 0x11c (f3), unicode: 0x00, modifier: 0x0
2026-08-24 11:12:57.492 T:10408   debug <general>: CInputManager::HandleKey: f3 (0xf092) pressed, window 12005, action is 
2026-08-24 11:12:57.525 T:10408   debug <general>: Keyboard: scancode: 0x403d, sym: 0x11c (f3), unicode: 0x00, modifier: 0x0
2026-08-24 11:12:57.526 T:10408   debug <general>: CInputManager::HandleKey: f3 (0xf092) pressed, window 12005, action is 
2026-08-24 11:12:57.558 T:10408   debug <general>: Keyboard: scancode: 0x403d, sym: 0x11c (f3), unicode: 0x00, modifier: 0x0
2026-08-24 11:12:57.559 T:10408   debug <general>: CInputManager::HandleKey: f3 (0xf092) pressed, window 12005, action is 
2026-08-24 11:12:57.592 T:10408   debug <general>: Keyboard: scancode: 0x403d, sym: 0x11c (f3), unicode: 0x00, modifier: 0x0
2026-08-24 11:12:57.592 T:10408   debug <general>: CInputManager::HandleKey: f3 (0xf092) pressed, window 12005, action is 
2026-08-24 11:12:57.625 T:10408   debug <general>: Keyboard: scancode: 0x403d, sym: 0x11c (f3), unicode: 0x00, modifier: 0x0
2026-08-24 11:12:57.625 T:10408   debug <general>: CInputManager::HandleKey: f3 (0xf092) pressed, window 12005, action is 
2026-08-24 11:12:57.642 T:10408   debug <general>: Keyboard: scancode: 0x403d, sym: 0x11c (f3), unicode: 0x00, modifier: 0x0
2026-08-24 11:12:57.642 T:10408   debug <general>: CInputManager::HandleKey: f3 (0xf092) pressed, window 12005, action is 
2026-08-24 11:12:57.675 T:10408   debug <general>: Keyboard: scancode: 0x403d, sym: 0x11c (f3), unicode: 0x00, modifier: 0x0
2026-08-24 11:12:57.675 T:10408   debug <general>: CInputManager::HandleKey: f3 (0xf092) pressed, window 12005, action is 
2026-08-24 11:12:57.708 T:10408   debug <general>: Keyboard: scancode: 0x403d, sym: 0x11c (f3), unicode: 0x00, modifier: 0x0
2026-08-24 11:12:57.709 T:10408   debug <general>: CInputManager::HandleKey: f3 (0xf092) pressed, window 12005, action is 
2026-08-24 11:12:57.742 T:10408   debug <general>: Keyboard: scancode: 0x403d, sym: 0x11c (f3), unicode: 0x00, modifier: 0x0
2026-08-24 11:12:57.742 T:10408   debug <general>: CInputManager::HandleKey: f3 (0xf092) pressed, window 12005, action is 
2026-08-24 11:12:57.775 T:10408   debug <general>: Keyboard: scancode: 0x403d, sym: 0x11c (f3), unicode: 0x00, modifier: 0x0
2026-08-24 11:12:57.785 T:10408   debug <general>: CInputManager::HandleKey: long-f3 (0x100f092) pressed, window 12005, action is 
2026-08-24 11:12:57.792 T:10408   debug <general>: Keyboard: scancode: 0x403d, sym: 0x11c (f3), unicode: 0x00, modifier: 0x0
2026-08-24 11:12:57.792 T:10408   debug <general>: CInputManager::HandleKey: long-f3 (0x100f092) pressed, window 12005, action is 
2026-08-24 11:12:57.825 T:10408   debug <general>: Keyboard: scancode: 0x403d, sym: 0x11c (f3), unicode: 0x00, modifier: 0x0
2026-08-24 11:12:57.825 T:10408   debug <general>: CInputManager::HandleKey: long-f3 (0x100f092) pressed, window 12005, action is 
2026-08-24 11:12:57.858 T:10408   debug <general>: Keyboard: scancode: 0x403d, sym: 0x11c (f3), unicode: 0x00, modifier: 0x0
2026-08-24 11:12:57.858 T:10408   debug <general>: CInputManager::HandleKey: long-f3 (0x100f092) pressed, window 12005, action is 
2026-08-24 11:12:57.892 T:10408   debug <general>: Keyboard: scancode: 0x403d, sym: 0x11c (f3), unicode: 0x00, modifier: 0x0
2026-08-24 11:12:57.892 T:10408   debug <general>: CInputManager::HandleKey: long-f3 (0x100f092) pressed, window 12005, action is 
2026-08-24 11:12:57.925 T:10408   debug <general>: Keyboard: scancode: 0x403d, sym: 0x11c (f3), unicode: 0x00, modifier: 0x0
2026-08-24 11:12:57.925 T:10408   debug <general>: CInputManager::HandleKey: long-f3 (0x100f092) pressed, window 12005, action is 
2026-08-24 11:12:57.941 T:10408   debug <general>: Keyboard: scancode: 0x403d, sym: 0x11c (f3), unicode: 0x00, modifier: 0x0
2026-08-24 11:12:57.942 T:10408   debug <general>: CInputManager::HandleKey: long-f3 (0x100f092) pressed, window 12005, action is 
2026-08-24 11:12:57.975 T:10408   debug <general>: Keyboard: scancode: 0x403d, sym: 0x11c (f3), unicode: 0x00, modifier: 0x0
2026-08-24 11:12:57.975 T:10408   debug <general>: CInputManager::HandleKey: long-f3 (0x100f092) pressed, window 12005, action is 
2026-08-24 11:12:58.008 T:10408   debug <general>: Keyboard: scancode: 0x403d, sym: 0x11c (f3), unicode: 0x00, modifier: 0x0
2026-08-24 11:12:58.009 T:10408   debug <general>: CInputManager::HandleKey: long-f3 (0x100f092) pressed, window 12005, action is 
2026-08-24 11:12:58.042 T:10408   debug <general>: Keyboard: scancode: 0x403d, sym: 0x11c (f3), unicode: 0x00, modifier: 0x0
2026-08-24 11:12:58.042 T:10408   debug <general>: CInputManager::HandleKey: long-f3 (0x100f092) pressed, window 12005, action is 
2026-08-24 11:12:58.075 T:10408   debug <general>: Keyboard: scancode: 0x403d, sym: 0x11c (f3), unicode: 0x00, modifier: 0x0
2026-08-24 11:12:58.076 T:10408   debug <general>: CInputManager::HandleKey: long-f3 (0x100f092) pressed, window 12005, action is 
2026-08-24 11:12:58.092 T:10408   debug <general>: Keyboard: scancode: 0x403d, sym: 0x11c (f3), unicode: 0x00, modifier: 0x0
2026-08-24 11:12:58.092 T:10408   debug <general>: CInputManager::HandleKey: long-f3 (0x100f092) pressed, window 12005, action is 
2026-08-24 11:12:58.125 T:10408   debug <general>: Keyboard: scancode: 0x403d, sym: 0x11c (f3), unicode: 0x00, modifier: 0x0
2026-08-24 11:12:58.125 T:10408   debug <general>: CInputManager::HandleKey: long-f3 (0x100f092) pressed, window 12005, action is 
2026-08-24 11:12:58.158 T:10408   debug <general>: Keyboard: scancode: 0x403d, sym: 0x11c (f3), unicode: 0x00, modifier: 0x0
2026-08-24 11:12:58.158 T:10408   debug <general>: CInputManager::HandleKey: long-f3 (0x100f092) pressed, window 12005, action is 
2026-08-24 11:12:58.192 T:10408   debug <general>: Keyboard: scancode: 0x403d, sym: 0x11c (f3), unicode: 0x00, modifier: 0x0
2026-08-24 11:12:58.192 T:10408   debug <general>: CInputManager::HandleKey: long-f3 (0x100f092) pressed, window 12005, action is 
2026-08-24 11:12:58.225 T:10408   debug <general>: Keyboard: scancode: 0x403d, sym: 0x11c (f3), unicode: 0x00, modifier: 0x0
2026-08-24 11:12:58.225 T:10408   debug <general>: CInputManager::HandleKey: long-f3 (0x100f092) pressed, window 12005, action is 
2026-08-24 11:12:58.239 T:4272    debug <general>: AddOnLog: inputstream.adaptive: [AS-0] Download finished: https://imagesharerhost.com/stream-png/RE05emxjVUhwRnR3ODVOMmRXdkVFYWVOK3pLSDllYVBpdGd4am9KNUZZS3lPOVIwRHhMTTEwNHpWWVI3UGdESms0VjhHVWZCeXRWdzFUdjgwM2VHWWtteFpiTDRCUENDczVXdmZwcm9OSms9.png?tok=eyJ0eXAiOiJKV1QiLCJhbGciOiJIUzI1NiJ9.eyJpc3MiOiJoZG0yLmluayIsImlhdCI6MTc4NzU1MDE2MywiZXhwIjoxNzg3NTYwOTYzLCJzbHVnIjoiUU1RQkgiLCJ0eXBlIjoicXVhbGl0eV90b2tlbiJ9.eVLL3Ds-oO0Giq1xn00Dy6bkMrgxbLT08O4r_3cK99s (downloaded 1527312 byte, speed 853927.00 byte/s)
2026-08-24 11:12:58.240 T:8472    debug <general>: AddOnLog: inputstream.adaptive: [Repr. chooser] Current average bandwidth: 7176744 bit/s (filtered to 6459069 bit/s)
2026-08-24 11:12:58.240 T:4272    debug <general>: CurlFile::XFILE::CCurlFile::Open - <https://imagelovelyshare.com/stream-png/RE05emxjVUhwRnR3ODVOMmRXdkVFYWVOK3pLSDllYVBpdGd4am9KNUZZS3lPOVIwRHhMTTEwNHpWWVI3UGdESms0VjhHVWZCeXRWdzFUdjgwM2VHWXVCeDdnaHJVMUtyNFVCTlRpSjJ0anM9.png?tok=eyJ0eXAiOiJKV1QiLCJhbGciOiJIUzI1NiJ9.eyJpc3MiOiJoZG0yLmluayIsImlhdCI6MTc4NzU1MDE2MywiZXhwIjoxNzg3NTYwOTYzLCJzbHVnIjoiUU1RQkgiLCJ0eXBlIjoicXVhbGl0eV90b2tlbiJ9.eVLL3Ds-oO0Giq1xn00Dy6bkMrgxbLT08O4r_3cK99s>
2026-08-24 11:12:58.242 T:10408   debug <general>: Keyboard: scancode: 0x403d, sym: 0x11c (f3), unicode: 0x00, modifier: 0x0
2026-08-24 11:12:58.242 T:10408   debug <general>: CInputManager::HandleKey: long-f3 (0x100f092) pressed, window 12005, action is 
2026-08-24 11:12:58.275 T:10408   debug <general>: Keyboard: scancode: 0x403d, sym: 0x11c (f3), unicode: 0x00, modifier: 0x0
2026-08-24 11:12:58.275 T:10408   debug <general>: CInputManager::HandleKey: long-f3 (0x100f092) pressed, window 12005, action is 
2026-08-24 11:12:58.308 T:10408   debug <general>: Keyboard: scancode: 0x403d, sym: 0x11c (f3), unicode: 0x00, modifier: 0x0
2026-08-24 11:12:58.308 T:10408   debug <general>: CInputManager::HandleKey: long-f3 (0x100f092) pressed, window 12005, action is 
2026-08-24 11:12:58.342 T:10408   debug <general>: Keyboard: scancode: 0x403d, sym: 0x11c (f3), unicode: 0x00, modifier: 0x0
2026-08-24 11:12:58.342 T:10408   debug <general>: CInputManager::HandleKey: long-f3 (0x100f092) pressed, window 12005, action is 
2026-08-24 11:12:58.375 T:10408   debug <general>: Keyboard: scancode: 0x403d, sym: 0x11c (f3), unicode: 0x00, modifier: 0x0
2026-08-24 11:12:58.375 T:10408   debug <general>: CInputManager::HandleKey: long-f3 (0x100f092) pressed, window 12005, action is 
2026-08-24 11:12:58.392 T:10408   debug <general>: Keyboard: scancode: 0x403d, sym: 0x11c (f3), unicode: 0x00, modifier: 0x0
2026-08-24 11:12:58.392 T:10408   debug <general>: CInputManager::HandleKey: long-f3 (0x100f092) pressed, window 12005, action is 
2026-08-24 11:12:58.425 T:10408   debug <general>: Keyboard: scancode: 0x403d, sym: 0x11c (f3), unicode: 0x00, modifier: 0x0
2026-08-24 11:12:58.425 T:10408   debug <general>: CInputManager::HandleKey: long-f3 (0x100f092) pressed, window 12005, action is 
2026-08-24 11:12:58.458 T:10408   debug <general>: Keyboard: scancode: 0x403d, sym: 0x11c (f3), unicode: 0x00, modifier: 0x0
2026-08-24 11:12:58.459 T:10408   debug <general>: CInputManager::HandleKey: long-f3 (0x100f092) pressed, window 12005, action is 
2026-08-24 11:12:58.492 T:10408   debug <general>: Keyboard: scancode: 0x403d, sym: 0x11c (f3), unicode: 0x00, modifier: 0x0
2026-08-24 11:12:58.492 T:10408   debug <general>: CInputManager::HandleKey: long-f3 (0x100f092) pressed, window 12005, action is 
2026-08-24 11:12:58.525 T:10408   debug <general>: Keyboard: scancode: 0x403d, sym: 0x11c (f3), unicode: 0x00, modifier: 0x0
2026-08-24 11:12:58.525 T:10408   debug <general>: CInputManager::HandleKey: long-f3 (0x100f092) pressed, window 12005, action is 
2026-08-24 11:12:58.541 T:10408   debug <general>: Keyboard: scancode: 0x403d, sym: 0x11c (f3), unicode: 0x00, modifier: 0x0
2026-08-24 11:12:58.542 T:10408   debug <general>: CInputManager::HandleKey: long-f3 (0x100f092) pressed, window 12005, action is 
2026-08-24 11:12:58.575 T:10408   debug <general>: Keyboard: scancode: 0x403d, sym: 0x11c (f3), unicode: 0x00, modifier: 0x0
2026-08-24 11:12:58.575 T:10408   debug <general>: CInputManager::HandleKey: long-f3 (0x100f092) pressed, window 12005, action is 
2026-08-24 11:12:58.608 T:10408   debug <general>: Keyboard: scancode: 0x403d, sym: 0x11c (f3), unicode: 0x00, modifier: 0x0
2026-08-24 11:12:58.608 T:10408   debug <general>: CInputManager::HandleKey: long-f3 (0x100f092) pressed, window 12005, action is 
2026-08-24 11:12:58.642 T:10408   debug <general>: Keyboard: scancode: 0x403d, sym: 0x11c (f3), unicode: 0x00, modifier: 0x0
2026-08-24 11:12:58.642 T:10408   debug <general>: CInputManager::HandleKey: long-f3 (0x100f092) pressed, window 12005, action is 
2026-08-24 11:12:58.675 T:10408   debug <general>: Keyboard: scancode: 0x403d, sym: 0x11c (f3), unicode: 0x00, modifier: 0x0
2026-08-24 11:12:58.675 T:10408   debug <general>: CInputManager::HandleKey: long-f3 (0x100f092) pressed, window 12005, action is 
2026-08-24 11:12:58.692 T:10408   debug <general>: Keyboard: scancode: 0x403d, sym: 0x11c (f3), unicode: 0x00, modifier: 0x0
2026-08-24 11:12:58.692 T:10408   debug <general>: CInputManager::HandleKey: long-f3 (0x100f092) pressed, window 12005, action is 
2026-08-24 11:12:58.725 T:10408   debug <general>: Keyboard: scancode: 0x403d, sym: 0x11c (f3), unicode: 0x00, modifier: 0x0
2026-08-24 11:12:58.725 T:10408   debug <general>: CInputManager::HandleKey: long-f3 (0x100f092) pressed, window 12005, action is 
2026-08-24 11:12:58.758 T:10408   debug <general>: Keyboard: scancode: 0x403d, sym: 0x11c (f3), unicode: 0x00, modifier: 0x0
2026-08-24 11:12:58.758 T:10408   debug <general>: CInputManager::HandleKey: long-f3 (0x100f092) pressed, window 12005, action is 
2026-08-24 11:12:58.791 T:10408   debug <general>: Keyboard: scancode: 0x403d, sym: 0x11c (f3), unicode: 0x00, modifier: 0x0
2026-08-24 11:12:58.792 T:10408   debug <general>: CInputManager::HandleKey: long-f3 (0x100f092) pressed, window 12005, action is 
2026-08-24 11:12:58.825 T:10408   debug <general>: Keyboard: scancode: 0x403d, sym: 0x11c (f3), unicode: 0x00, modifier: 0x0
2026-08-24 11:12:58.825 T:10408   debug <general>: CInputManager::HandleKey: long-f3 (0x100f092) pressed, window 12005, action is 
2026-08-24 11:12:58.858 T:10408   debug <general>: Keyboard: scancode: 0x403d, sym: 0x11c (f3), unicode: 0x00, modifier: 0x0
2026-08-24 11:12:58.859 T:10408   debug <general>: CInputManager::HandleKey: long-f3 (0x100f092) pressed, window 12005, action is 
2026-08-24 11:12:58.875 T:10408   debug <general>: Keyboard: scancode: 0x403d, sym: 0x11c (f3), unicode: 0x00, modifier: 0x0
2026-08-24 11:12:58.875 T:10408   debug <general>: CInputManager::HandleKey: long-f3 (0x100f092) pressed, window 12005, action is 
2026-08-24 11:12:58.908 T:10408   debug <general>: Keyboard: scancode: 0x403d, sym: 0x11c (f3), unicode: 0x00, modifier: 0x0
2026-08-24 11:12:58.908 T:10408   debug <general>: CInputManager::HandleKey: long-f3 (0x100f092) pressed, window 12005, action is 
2026-08-24 11:12:58.941 T:10408   debug <general>: Keyboard: scancode: 0x403d, sym: 0x11c (f3), unicode: 0x00, modifier: 0x0
2026-08-24 11:12:58.942 T:10408   debug <general>: CInputManager::HandleKey: long-f3 (0x100f092) pressed, window 12005, action is 
2026-08-24 11:12:58.975 T:10408   debug <general>: Keyboard: scancode: 0x403d, sym: 0x11c (f3), unicode: 0x00, modifier: 0x0
2026-08-24 11:12:58.975 T:10408   debug <general>: CInputManager::HandleKey: long-f3 (0x100f092) pressed, window 12005, action is 
2026-08-24 11:12:58.992 T:10408   debug <general>: Keyboard: scancode: 0x403d, sym: 0x11c (f3), unicode: 0x00, modifier: 0x0
2026-08-24 11:12:58.992 T:10408   debug <general>: CInputManager::HandleKey: long-f3 (0x100f092) pressed, window 12005, action is 
2026-08-24 11:12:59.025 T:10408   debug <general>: Keyboard: scancode: 0x403d, sym: 0x11c (f3), unicode: 0x00, modifier: 0x0
2026-08-24 11:12:59.025 T:10408   debug <general>: CInputManager::HandleKey: long-f3 (0x100f092) pressed, window 12005, action is 
2026-08-24 11:12:59.058 T:10408   debug <general>: Keyboard: scancode: 0x403d, sym: 0x11c (f3), unicode: 0x00, modifier: 0x0
2026-08-24 11:12:59.059 T:10408   debug <general>: CInputManager::HandleKey: long-f3 (0x100f092) pressed, window 12005, action is 
2026-08-24 11:12:59.091 T:10408   debug <general>: Keyboard: scancode: 0x403d, sym: 0x11c (f3), unicode: 0x00, modifier: 0x0
2026-08-24 11:12:59.092 T:10408   debug <general>: CInputManager::HandleKey: long-f3 (0x100f092) pressed, window 12005, action is 
2026-08-24 11:12:59.125 T:10408   debug <general>: Keyboard: scancode: 0x403d, sym: 0x11c (f3), unicode: 0x00, modifier: 0x0
2026-08-24 11:12:59.125 T:10408   debug <general>: CInputManager::HandleKey: long-f3 (0x100f092) pressed, window 12005, action is 
2026-08-24 11:12:59.158 T:10408   debug <general>: Keyboard: scancode: 0x403d, sym: 0x11c (f3), unicode: 0x00, modifier: 0x0
2026-08-24 11:12:59.160 T:10408   debug <general>: CInputManager::HandleKey: long-f3 (0x100f092) pressed, window 12005, action is 
2026-08-24 11:12:59.175 T:10408   debug <general>: Keyboard: scancode: 0x403d, sym: 0x11c (f3), unicode: 0x00, modifier: 0x0
2026-08-24 11:12:59.175 T:10408   debug <general>: CInputManager::HandleKey: long-f3 (0x100f092) pressed, window 12005, action is 
2026-08-24 11:12:59.208 T:10408   debug <general>: Keyboard: scancode: 0x403d, sym: 0x11c (f3), unicode: 0x00, modifier: 0x0
2026-08-24 11:12:59.208 T:10408   debug <general>: CInputManager::HandleKey: long-f3 (0x100f092) pressed, window 12005, action is 
2026-08-24 11:12:59.241 T:10408   debug <general>: Keyboard: scancode: 0x403d, sym: 0x11c (f3), unicode: 0x00, modifier: 0x0
2026-08-24 11:12:59.242 T:10408   debug <general>: CInputManager::HandleKey: long-f3 (0x100f092) pressed, window 12005, action is 
2026-08-24 11:12:59.275 T:10408   debug <general>: Keyboard: scancode: 0x403d, sym: 0x11c (f3), unicode: 0x00, modifier: 0x0
2026-08-24 11:12:59.275 T:10408   debug <general>: CInputManager::HandleKey: long-f3 (0x100f092) pressed, window 12005, action is 
2026-08-24 11:12:59.308 T:10408   debug <general>: Keyboard: scancode: 0x403d, sym: 0x11c (f3), unicode: 0x00, modifier: 0x0
2026-08-24 11:12:59.308 T:10408   debug <general>: CInputManager::HandleKey: long-f3 (0x100f092) pressed, window 12005, action is 
2026-08-24 11:12:59.325 T:10408   debug <general>: Keyboard: scancode: 0x403d, sym: 0x11c (f3), unicode: 0x00, modifier: 0x0
2026-08-24 11:12:59.325 T:10408   debug <general>: CInputManager::HandleKey: long-f3 (0x100f092) pressed, window 12005, action is 
2026-08-24 11:12:59.358 T:10408   debug <general>: Keyboard: scancode: 0x403d, sym: 0x11c (f3), unicode: 0x00, modifier: 0x0
2026-08-24 11:12:59.358 T:10408   debug <general>: CInputManager::HandleKey: long-f3 (0x100f092) pressed, window 12005, action is 
2026-08-24 11:12:59.391 T:10408   debug <general>: Keyboard: scancode: 0x403d, sym: 0x11c (f3), unicode: 0x00, modifier: 0x0
2026-08-24 11:12:59.392 T:10408   debug <general>: CInputManager::HandleKey: long-f3 (0x100f092) pressed, window 12005, action is 
2026-08-24 11:12:59.425 T:10408   debug <general>: Keyboard: scancode: 0x403d, sym: 0x11c (f3), unicode: 0x00, modifier: 0x0
2026-08-24 11:12:59.425 T:10408   debug <general>: CInputManager::HandleKey: long-f3 (0x100f092) pressed, window 12005, action is 
2026-08-24 11:12:59.441 T:10408   debug <general>: Keyboard: scancode: 0x403d, sym: 0x11c (f3), unicode: 0x00, modifier: 0x0
2026-08-24 11:12:59.442 T:10408   debug <general>: CInputManager::HandleKey: long-f3 (0x100f092) pressed, window 12005, action is 
2026-08-24 11:12:59.475 T:10408   debug <general>: Keyboard: scancode: 0x403d, sym: 0x11c (f3), unicode: 0x00, modifier: 0x0
2026-08-24 11:12:59.475 T:10408   debug <general>: CInputManager::HandleKey: long-f3 (0x100f092) pressed, window 12005, action is 
2026-08-24 11:12:59.508 T:10408   debug <general>: Keyboard: scancode: 0x403d, sym: 0x11c (f3), unicode: 0x00, modifier: 0x0
2026-08-24 11:12:59.508 T:10408   debug <general>: CInputManager::HandleKey: long-f3 (0x100f092) pressed, window 12005, action is 
2026-08-24 11:12:59.541 T:10408   debug <general>: Keyboard: scancode: 0x403d, sym: 0x11c (f3), unicode: 0x00, modifier: 0x0
2026-08-24 11:12:59.542 T:10408   debug <general>: CInputManager::HandleKey: long-f3 (0x100f092) pressed, window 12005, action is 
2026-08-24 11:12:59.575 T:10408   debug <general>: Keyboard: scancode: 0x403d, sym: 0x11c (f3), unicode: 0x00, modifier: 0x0
2026-08-24 11:12:59.575 T:10408   debug <general>: CInputManager::HandleKey: long-f3 (0x100f092) pressed, window 12005, action is 
2026-08-24 11:12:59.608 T:10408   debug <general>: Keyboard: scancode: 0x403d, sym: 0x11c (f3), unicode: 0x00, modifier: 0x0
2026-08-24 11:12:59.608 T:10408   debug <general>: CInputManager::HandleKey: long-f3 (0x100f092) pressed, window 12005, action is 
2026-08-24 11:12:59.625 T:10408   debug <general>: Keyboard: scancode: 0x403d, sym: 0x11c (f3), unicode: 0x00, modifier: 0x0
2026-08-24 11:12:59.625 T:10408   debug <general>: CInputManager::HandleKey: long-f3 (0x100f092) pressed, window 12005, action is 
2026-08-24 11:12:59.658 T:10408   debug <general>: Keyboard: scancode: 0x403d, sym: 0x11c (f3), unicode: 0x00, modifier: 0x0
2026-08-24 11:12:59.658 T:10408   debug <general>: CInputManager::HandleKey: long-f3 (0x100f092) pressed, window 12005, action is 
2026-08-24 11:12:59.691 T:10408   debug <general>: Keyboard: scancode: 0x403d, sym: 0x11c (f3), unicode: 0x00, modifier: 0x0
2026-08-24 11:12:59.692 T:10408   debug <general>: CInputManager::HandleKey: long-f3 (0x100f092) pressed, window 12005, action is 
2026-08-24 11:12:59.725 T:10408   debug <general>: Keyboard: scancode: 0x403d, sym: 0x11c (f3), unicode: 0x00, modifier: 0x0
2026-08-24 11:12:59.725 T:10408   debug <general>: CInputManager::HandleKey: long-f3 (0x100f092) pressed, window 12005, action is 
2026-08-24 11:12:59.758 T:10408   debug <general>: Keyboard: scancode: 0x403d, sym: 0x11c (f3), unicode: 0x00, modifier: 0x0
2026-08-24 11:12:59.758 T:10408   debug <general>: CInputManager::HandleKey: long-f3 (0x100f092) pressed, window 12005, action is 
2026-08-24 11:12:59.775 T:10408   debug <general>: Keyboard: scancode: 0xc03d, sym: 0x11c (f3), unicode: 0x00, modifier: 0x0
2026-08-24 11:13:00.411 T:10408   debug <general>: ------ Window Deinit (DialogSeekBar.xml) ------
2026-08-24 11:13:00.411 T:10408   debug <general>: ------ Window Deinit (Custom_1109_TopBarOverlay.xml) ------
2026-08-24 11:13:00.575 T:10408    info <general>: Loading controller layout: C:\Program Files\Kodi\addons\game.controller.mouse\resources\layout.xml
2026-08-24 11:13:00.588 T:10408   debug <general>: ------ Window Init (VideoOSD.xml) ------
2026-08-24 11:13:00.588 T:10408    info <general>: Loading skin file: VideoOSD.xml, load type: KEEP_IN_MEMORY
2026-08-24 11:13:00.599 T:10408   debug <general>: ------ Window Init (Pointer.xml) ------
2026-08-24 11:13:00.599 T:10408   debug <general>: ------ Window Init (DialogSeekBar.xml) ------
2026-08-24 11:13:00.600 T:10408   debug <general>: ------ Window Init (Custom_1109_TopBarOverlay.xml) ------
2026-08-24 11:13:00.841 T:4272    debug <general>: AddOnLog: inputstream.adaptive: [AS-0] Download finished: https://imagelovelyshare.com/stream-png/RE05emxjVUhwRnR3ODVOMmRXdkVFYWVOK3pLSDllYVBpdGd4am9KNUZZS3lPOVIwRHhMTTEwNHpWWVI3UGdESms0VjhHVWZCeXRWdzFUdjgwM2VHWXVCeDdnaHJVMUtyNFVCTlRpSjJ0anM9.png?tok=eyJ0eXAiOiJKV1QiLCJhbGciOiJIUzI1NiJ9.eyJpc3MiOiJoZG0yLmluayIsImlhdCI6MTc4NzU1MDE2MywiZXhwIjoxNzg3NTYwOTYzLCJzbHVnIjoiUU1RQkgiLCJ0eXBlIjoicXVhbGl0eV90b2tlbiJ9.eVLL3Ds-oO0Giq1xn00Dy6bkMrgxbLT08O4r_3cK99s (downloaded 1563972 byte, speed 585855.00 byte/s)
2026-08-24 11:13:00.856 T:4272    debug <general>: CurlFile::XFILE::CCurlFile::Open - <https://imagesharerhost.com/stream-png/RE05emxjVUhwRnR3ODVOMmRXdkVFYWVOK3pLSDllYVBpdGd4am9KNUZZS3lPOVIwRHhMTTEwNHpWWVI3UGdESms0VjhHVWZCeXRWdzFUdjgwM2VHWW4xZFI4U1h6eENlQkZ5WTZtbTFlVXc9.png?tok=eyJ0eXAiOiJKV1QiLCJhbGciOiJIUzI1NiJ9.eyJpc3MiOiJoZG0yLmluayIsImlhdCI6MTc4NzU1MDE2MywiZXhwIjoxNzg3NTYwOTYzLCJzbHVnIjoiUU1RQkgiLCJ0eXBlIjoicXVhbGl0eV90b2tlbiJ9.eVLL3Ds-oO0Giq1xn00Dy6bkMrgxbLT08O4r_3cK99s>
2026-08-24 11:13:00.982 T:8472    debug <general>: AddOnLog: inputstream.adaptive: [Repr. chooser] Current average bandwidth: 6900088 bit/s (filtered to 6210079 bit/s)
2026-08-24 11:13:01.894 T:656     debug <general>: CPtsTracker: detected pattern of length 1: 40000.00, frameduration: 40000.000000
2026-08-24 11:13:02.275 T:10408   debug <general>: Keyboard: scancode: 0x3d, sym: 0x11c (f3), unicode: 0x00, modifier: 0x0
2026-08-24 11:13:02.275 T:10408   debug <general>: CInputManager::HandleKey: f3 (0xf092) pressed, window 12901, action is 
2026-08-24 11:13:02.441 T:10408   debug <general>: Keyboard: scancode: 0xc03d, sym: 0x11c (f3), unicode: 0x00, modifier: 0x0
2026-08-24 11:13:02.459 T:12624    info <general>: [plugin.video.youtube] service_runner:138(run) - Clear property 'plugin_sleeping'
2026-08-24 11:13:02.461 T:12624    info <general>: [plugin.video.youtube] requests:240(init) - Get setting 'requests.ssl.verify': True (bool, success)
2026-08-24 11:13:02.461 T:12624    info <general>: [plugin.video.youtube] requests:243(init) - Get setting 'requests.timeout.connect': 9 (int, success)
2026-08-24 11:13:02.461 T:12624    info <general>: [plugin.video.youtube] requests:243(init) - Get setting 'requests.timeout.read': 27 (int, success)
2026-08-24 11:13:02.462 T:12624    info <general>: [plugin.video.youtube] requests:246(init) - Get setting 'requests.proxy.source': 1 (int, success)
2026-08-24 11:13:02.476 T:12624    info <general>: [plugin.video.youtube] service_runner:244(run) - Set property 'plugin_sleeping': 'true'
2026-08-24 11:13:02.525 T:10408   debug <general>: Keyboard: scancode: 0x3d, sym: 0x11c (f3), unicode: 0x00, modifier: 0x0
2026-08-24 11:13:02.525 T:10408   debug <general>: CInputManager::HandleKey: f3 (0xf092) pressed, window 12901, action is 
2026-08-24 11:13:02.525 T:10408   debug <general>: ------ Window Deinit (Pointer.xml) ------
2026-08-24 11:13:02.674 T:10408   debug <general>: Keyboard: scancode: 0xc03d, sym: 0x11c (f3), unicode: 0x00, modifier: 0x0
2026-08-24 11:13:02.681 T:4272    debug <general>: AddOnLog: inputstream.adaptive: [AS-0] Download finished: https://imagesharerhost.com/stream-png/RE05emxjVUhwRnR3ODVOMmRXdkVFYWVOK3pLSDllYVBpdGd4am9KNUZZS3lPOVIwRHhMTTEwNHpWWVI3UGdESms0VjhHVWZCeXRWdzFUdjgwM2VHWW4xZFI4U1h6eENlQkZ5WTZtbTFlVXc9.png?tok=eyJ0eXAiOiJKV1QiLCJhbGciOiJIUzI1NiJ9.eyJpc3MiOiJoZG0yLmluayIsImlhdCI6MTc4NzU1MDE2MywiZXhwIjoxNzg3NTYwOTYzLCJzbHVnIjoiUU1RQkgiLCJ0eXBlIjoicXVhbGl0eV90b2tlbiJ9.eVLL3Ds-oO0Giq1xn00Dy6bkMrgxbLT08O4r_3cK99s (downloaded 1618116 byte, speed 862749.00 byte/s)
2026-08-24 11:13:02.682 T:4272    debug <general>: CurlFile::XFILE::CCurlFile::Open - <https://imagelovelyshare.com/stream-png/RE05emxjVUhwRnR3ODVOMmRXdkVFYWVOK3pLSDllYVBpdGd4am9KNUZZS3lPOVIwRHhMTTEwNHpWWVI3UGdESms0VjhHVWZCeXRWdzFUdjgwM2VHWXArT0pVcUFPeGpmZzhweENucEk5Z289.png?tok=eyJ0eXAiOiJKV1QiLCJhbGciOiJIUzI1NiJ9.eyJpc3MiOiJoZG0yLmluayIsImlhdCI6MTc4NzU1MDE2MywiZXhwIjoxNzg3NTYwOTYzLCJzbHVnIjoiUU1RQkgiLCJ0eXBlIjoicXVhbGl0eV90b2tlbiJ9.eVLL3Ds-oO0Giq1xn00Dy6bkMrgxbLT08O4r_3cK99s>
2026-08-24 11:13:03.491 T:10408   debug <general>: CInputManager::ProcessMouse: trying mouse action leftclick
2026-08-24 11:13:03.496 T:10408   debug <general>: ------ Window Init (Pointer.xml) ------
2026-08-24 11:13:04.223 T:4272    debug <general>: AddOnLog: inputstream.adaptive: [AS-0] Download finished: https://imagelovelyshare.com/stream-png/RE05emxjVUhwRnR3ODVOMmRXdkVFYWVOK3pLSDllYVBpdGd4am9KNUZZS3lPOVIwRHhMTTEwNHpWWVI3UGdESms0VjhHVWZCeXRWdzFUdjgwM2VHWXArT0pVcUFPeGpmZzhweENucEk5Z289.png?tok=eyJ0eXAiOiJKV1QiLCJhbGciOiJIUzI1NiJ9.eyJpc3MiOiJoZG0yLmluayIsImlhdCI6MTc4NzU1MDE2MywiZXhwIjoxNzg3NTYwOTYzLCJzbHVnIjoiUU1RQkgiLCJ0eXBlIjoicXVhbGl0eV90b2tlbiJ9.eVLL3Ds-oO0Giq1xn00Dy6bkMrgxbLT08O4r_3cK99s (downloaded 1523740 byte, speed 960218.00 byte/s)
2026-08-24 11:13:04.224 T:4272    debug <general>: CurlFile::XFILE::CCurlFile::Open - <https://imagesharerhost.com/stream-png/RE05emxjVUhwRnR3ODVOMmRXdkVFYWVOK3pLSDllYVBpdGd4am9KNUZZS3lPOVIwRHhMTTEwNHpWWVI3UGdESms0VjhHVWZCeXRWdzFUdjgwM2VHWW1LNlNDTHlUdzNkYkRqOU9ERGJZRlk9.png?tok=eyJ0eXAiOiJKV1QiLCJhbGciOiJIUzI1NiJ9.eyJpc3MiOiJoZG0yLmluayIsImlhdCI6MTc4NzU1MDE2MywiZXhwIjoxNzg3NTYwOTYzLCJzbHVnIjoiUU1RQkgiLCJ0eXBlIjoicXVhbGl0eV90b2tlbiJ9.eVLL3Ds-oO0Giq1xn00Dy6bkMrgxbLT08O4r_3cK99s>
2026-08-24 11:13:04.524 T:10408   debug <general>: Keyboard: scancode: 0x3d, sym: 0x11c (f3), unicode: 0x00, modifier: 0x0
2026-08-24 11:13:04.525 T:10408   debug <general>: CInputManager::HandleKey: f3 (0xf092) pressed, window 12901, action is 
2026-08-24 11:13:04.525 T:10408   debug <general>: ------ Window Deinit (Pointer.xml) ------
2026-08-24 11:13:05.024 T:10408   debug <general>: Keyboard: scancode: 0x403d, sym: 0x11c (f3), unicode: 0x00, modifier: 0x0
2026-08-24 11:13:05.024 T:10408   debug <general>: CInputManager::HandleKey: f3 (0xf092) pressed, window 12901, action is 
2026-08-24 11:13:05.058 T:10408   debug <general>: Keyboard: scancode: 0x403d, sym: 0x11c (f3), unicode: 0x00, modifier: 0x0
2026-08-24 11:13:05.058 T:10408   debug <general>: CInputManager::HandleKey: f3 (0xf092) pressed, window 12901, action is 
2026-08-24 11:13:05.091 T:10408   debug <general>: Keyboard: scancode: 0x403d, sym: 0x11c (f3), unicode: 0x00, modifier: 0x0
2026-08-24 11:13:05.091 T:10408   debug <general>: CInputManager::HandleKey: f3 (0xf092) pressed, window 12901, action is 
2026-08-24 11:13:05.108 T:10408   debug <general>: Keyboard: scancode: 0xc03d, sym: 0x11c (f3), unicode: 0x00, modifier: 0x0
2026-08-24 11:13:05.274 T:10408   debug <general>: Keyboard: scancode: 0x3c, sym: 0x11b (f2), unicode: 0x00, modifier: 0x0
2026-08-24 11:13:05.274 T:10408   debug <general>: CInputManager::HandleKey: f2 (0xf091) pressed, window 12901, action is 
2026-08-24 11:13:05.774 T:10408   debug <general>: Keyboard: scancode: 0x403c, sym: 0x11b (f2), unicode: 0x00, modifier: 0x0
2026-08-24 11:13:05.774 T:10408   debug <general>: CInputManager::HandleKey: f2 (0xf091) pressed, window 12901, action is 
2026-08-24 11:13:05.807 T:10408   debug <general>: Keyboard: scancode: 0x403c, sym: 0x11b (f2), unicode: 0x00, modifier: 0x0
2026-08-24 11:13:05.808 T:10408   debug <general>: CInputManager::HandleKey: f2 (0xf091) pressed, window 12901, action is 
2026-08-24 11:13:05.822 T:4272    debug <general>: AddOnLog: inputstream.adaptive: [AS-0] Download finished: https://imagesharerhost.com/stream-png/RE05emxjVUhwRnR3ODVOMmRXdkVFYWVOK3pLSDllYVBpdGd4am9KNUZZS3lPOVIwRHhMTTEwNHpWWVI3UGdESms0VjhHVWZCeXRWdzFUdjgwM2VHWW1LNlNDTHlUdzNkYkRqOU9ERGJZRlk9.png?tok=eyJ0eXAiOiJKV1QiLCJhbGciOiJIUzI1NiJ9.eyJpc3MiOiJoZG0yLmluayIsImlhdCI6MTc4NzU1MDE2MywiZXhwIjoxNzg3NTYwOTYzLCJzbHVnIjoiUU1RQkgiLCJ0eXBlIjoicXVhbGl0eV90b2tlbiJ9.eVLL3Ds-oO0Giq1xn00Dy6bkMrgxbLT08O4r_3cK99s (downloaded 1531824 byte, speed 928148.00 byte/s)
2026-08-24 11:13:05.823 T:4272    debug <general>: CurlFile::XFILE::CCurlFile::Open - <https://imagelovelyshare.com/stream-png/RE05emxjVUhwRnR3ODVOMmRXdkVFYWVOK3pLSDllYVBpdGd4am9KNUZZS3lPOVIwRHhMTTEwNHpWWVI3UGdESms0VjhHVWZCeXRWdzFUdjgwM2VHWWlHam8xR0VSUFBTNkVlVnNlQXZQaE09.png?tok=eyJ0eXAiOiJKV1QiLCJhbGciOiJIUzI1NiJ9.eyJpc3MiOiJoZG0yLmluayIsImlhdCI6MTc4NzU1MDE2MywiZXhwIjoxNzg3NTYwOTYzLCJzbHVnIjoiUU1RQkgiLCJ0eXBlIjoicXVhbGl0eV90b2tlbiJ9.eVLL3Ds-oO0Giq1xn00Dy6bkMrgxbLT08O4r_3cK99s>
2026-08-24 11:13:05.841 T:10408   debug <general>: Keyboard: scancode: 0x403c, sym: 0x11b (f2), unicode: 0x00, modifier: 0x0
2026-08-24 11:13:05.841 T:10408   debug <general>: CInputManager::HandleKey: f2 (0xf091) pressed, window 12901, action is 
2026-08-24 11:13:05.874 T:10408   debug <general>: Keyboard: scancode: 0x403c, sym: 0x11b (f2), unicode: 0x00, modifier: 0x0
2026-08-24 11:13:05.874 T:10408   debug <general>: CInputManager::HandleKey: f2 (0xf091) pressed, window 12901, action is 
2026-08-24 11:13:05.891 T:10408   debug <general>: Keyboard: scancode: 0x403c, sym: 0x11b (f2), unicode: 0x00, modifier: 0x0
2026-08-24 11:13:05.891 T:10408   debug <general>: CInputManager::HandleKey: f2 (0xf091) pressed, window 12901, action is 
2026-08-24 11:13:05.924 T:10408   debug <general>: Keyboard: scancode: 0x403c, sym: 0x11b (f2), unicode: 0x00, modifier: 0x0
2026-08-24 11:13:05.924 T:10408   debug <general>: CInputManager::HandleKey: f2 (0xf091) pressed, window 12901, action is 
2026-08-24 11:13:05.957 T:10408   debug <general>: Keyboard: scancode: 0x403c, sym: 0x11b (f2), unicode: 0x00, modifier: 0x0
2026-08-24 11:13:05.966 T:10408   debug <general>: CInputManager::HandleKey: f2 (0xf091) pressed, window 12901, action is 
2026-08-24 11:13:05.974 T:10408   debug <general>: Keyboard: scancode: 0x403c, sym: 0x11b (f2), unicode: 0x00, modifier: 0x0
2026-08-24 11:13:05.974 T:10408   debug <general>: CInputManager::HandleKey: f2 (0xf091) pressed, window 12901, action is 
2026-08-24 11:13:06.024 T:10408   debug <general>: Keyboard: scancode: 0x403c, sym: 0x11b (f2), unicode: 0x00, modifier: 0x0
2026-08-24 11:13:06.025 T:10408   debug <general>: CInputManager::HandleKey: f2 (0xf091) pressed, window 12901, action is 
2026-08-24 11:13:06.041 T:10408   debug <general>: Keyboard: scancode: 0x403c, sym: 0x11b (f2), unicode: 0x00, modifier: 0x0
2026-08-24 11:13:06.041 T:10408   debug <general>: CInputManager::HandleKey: long-f2 (0x100f091) pressed, window 12901, action is 
2026-08-24 11:13:06.074 T:10408   debug <general>: Keyboard: scancode: 0x403c, sym: 0x11b (f2), unicode: 0x00, modifier: 0x0
2026-08-24 11:13:06.075 T:10408   debug <general>: CInputManager::HandleKey: long-f2 (0x100f091) pressed, window 12901, action is 
2026-08-24 11:13:06.107 T:10408   debug <general>: Keyboard: scancode: 0x403c, sym: 0x11b (f2), unicode: 0x00, modifier: 0x0
2026-08-24 11:13:06.108 T:10408   debug <general>: CInputManager::HandleKey: long-f2 (0x100f091) pressed, window 12901, action is 
2026-08-24 11:13:06.141 T:10408   debug <general>: Keyboard: scancode: 0x403c, sym: 0x11b (f2), unicode: 0x00, modifier: 0x0
2026-08-24 11:13:06.141 T:10408   debug <general>: CInputManager::HandleKey: long-f2 (0x100f091) pressed, window 12901, action is 
2026-08-24 11:13:06.174 T:10408   debug <general>: Keyboard: scancode: 0x403c, sym: 0x11b (f2), unicode: 0x00, modifier: 0x0
2026-08-24 11:13:06.174 T:10408   debug <general>: CInputManager::HandleKey: long-f2 (0x100f091) pressed, window 12901, action is 
2026-08-24 11:13:06.207 T:10408   debug <general>: Keyboard: scancode: 0x403c, sym: 0x11b (f2), unicode: 0x00, modifier: 0x0
2026-08-24 11:13:06.208 T:10408   debug <general>: CInputManager::HandleKey: long-f2 (0x100f091) pressed, window 12901, action is 
2026-08-24 11:13:06.224 T:10408   debug <general>: Keyboard: scancode: 0x403c, sym: 0x11b (f2), unicode: 0x00, modifier: 0x0
2026-08-24 11:13:06.224 T:10408   debug <general>: CInputManager::HandleKey: long-f2 (0x100f091) pressed, window 12901, action is 
2026-08-24 11:13:06.257 T:10408   debug <general>: Keyboard: scancode: 0x403c, sym: 0x11b (f2), unicode: 0x00, modifier: 0x0
2026-08-24 11:13:06.257 T:10408   debug <general>: CInputManager::HandleKey: long-f2 (0x100f091) pressed, window 12901, action is 
2026-08-24 11:13:06.291 T:10408   debug <general>: Keyboard: scancode: 0x403c, sym: 0x11b (f2), unicode: 0x00, modifier: 0x0
2026-08-24 11:13:06.291 T:10408   debug <general>: CInputManager::HandleKey: long-f2 (0x100f091) pressed, window 12901, action is 
2026-08-24 11:13:06.324 T:10408   debug <general>: Keyboard: scancode: 0x403c, sym: 0x11b (f2), unicode: 0x00, modifier: 0x0
2026-08-24 11:13:06.324 T:10408   debug <general>: CInputManager::HandleKey: long-f2 (0x100f091) pressed, window 12901, action is 
2026-08-24 11:13:06.341 T:10408   debug <general>: Keyboard: scancode: 0x403c, sym: 0x11b (f2), unicode: 0x00, modifier: 0x0
2026-08-24 11:13:06.341 T:10408   debug <general>: CInputManager::HandleKey: long-f2 (0x100f091) pressed, window 12901, action is 
2026-08-24 11:13:06.374 T:10408   debug <general>: Keyboard: scancode: 0x403c, sym: 0x11b (f2), unicode: 0x00, modifier: 0x0
2026-08-24 11:13:06.374 T:10408   debug <general>: CInputManager::HandleKey: long-f2 (0x100f091) pressed, window 12901, action is 
2026-08-24 11:13:06.407 T:10408   debug <general>: Keyboard: scancode: 0x403c, sym: 0x11b (f2), unicode: 0x00, modifier: 0x0
2026-08-24 11:13:06.408 T:10408   debug <general>: CInputManager::HandleKey: long-f2 (0x100f091) pressed, window 12901, action is 
2026-08-24 11:13:06.441 T:10408   debug <general>: Keyboard: scancode: 0x403c, sym: 0x11b (f2), unicode: 0x00, modifier: 0x0
2026-08-24 11:13:06.441 T:10408   debug <general>: CInputManager::HandleKey: long-f2 (0x100f091) pressed, window 12901, action is 
2026-08-24 11:13:06.474 T:10408   debug <general>: Keyboard: scancode: 0x403c, sym: 0x11b (f2), unicode: 0x00, modifier: 0x0
2026-08-24 11:13:06.474 T:10408   debug <general>: CInputManager::HandleKey: long-f2 (0x100f091) pressed, window 12901, action is 
2026-08-24 11:13:06.507 T:10408   debug <general>: Keyboard: scancode: 0x403c, sym: 0x11b (f2), unicode: 0x00, modifier: 0x0
2026-08-24 11:13:06.508 T:10408   debug <general>: CInputManager::HandleKey: long-f2 (0x100f091) pressed, window 12901, action is 
2026-08-24 11:13:06.524 T:10408   debug <general>: Keyboard: scancode: 0x403c, sym: 0x11b (f2), unicode: 0x00, modifier: 0x0
2026-08-24 11:13:06.524 T:10408   debug <general>: CInputManager::HandleKey: long-f2 (0x100f091) pressed, window 12901, action is 
2026-08-24 11:13:06.558 T:10408   debug <general>: Keyboard: scancode: 0x403c, sym: 0x11b (f2), unicode: 0x00, modifier: 0x0
2026-08-24 11:13:06.558 T:10408   debug <general>: CInputManager::HandleKey: long-f2 (0x100f091) pressed, window 12901, action is 
2026-08-24 11:13:06.591 T:10408   debug <general>: Keyboard: scancode: 0x403c, sym: 0x11b (f2), unicode: 0x00, modifier: 0x0
2026-08-24 11:13:06.591 T:10408   debug <general>: CInputManager::HandleKey: long-f2 (0x100f091) pressed, window 12901, action is 
2026-08-24 11:13:06.624 T:10408   debug <general>: Keyboard: scancode: 0x403c, sym: 0x11b (f2), unicode: 0x00, modifier: 0x0
2026-08-24 11:13:06.624 T:10408   debug <general>: CInputManager::HandleKey: long-f2 (0x100f091) pressed, window 12901, action is 
2026-08-24 11:13:06.657 T:10408   debug <general>: Keyboard: scancode: 0x403c, sym: 0x11b (f2), unicode: 0x00, modifier: 0x0
2026-08-24 11:13:06.657 T:10408   debug <general>: CInputManager::HandleKey: long-f2 (0x100f091) pressed, window 12901, action is 
2026-08-24 11:13:06.674 T:10408   debug <general>: Keyboard: scancode: 0x403c, sym: 0x11b (f2), unicode: 0x00, modifier: 0x0
2026-08-24 11:13:06.674 T:10408   debug <general>: CInputManager::HandleKey: long-f2 (0x100f091) pressed, window 12901, action is 
2026-08-24 11:13:06.707 T:10408   debug <general>: Keyboard: scancode: 0x403c, sym: 0x11b (f2), unicode: 0x00, modifier: 0x0
2026-08-24 11:13:06.708 T:10408   debug <general>: CInputManager::HandleKey: long-f2 (0x100f091) pressed, window 12901, action is 
2026-08-24 11:13:06.741 T:10408   debug <general>: Keyboard: scancode: 0x403c, sym: 0x11b (f2), unicode: 0x00, modifier: 0x0
2026-08-24 11:13:06.741 T:10408   debug <general>: CInputManager::HandleKey: long-f2 (0x100f091) pressed, window 12901, action is 
2026-08-24 11:13:06.774 T:10408   debug <general>: Keyboard: scancode: 0x403c, sym: 0x11b (f2), unicode: 0x00, modifier: 0x0
2026-08-24 11:13:06.774 T:10408   debug <general>: CInputManager::HandleKey: long-f2 (0x100f091) pressed, window 12901, action is 
2026-08-24 11:13:06.807 T:10408   debug <general>: Keyboard: scancode: 0x403c, sym: 0x11b (f2), unicode: 0x00, modifier: 0x0
2026-08-24 11:13:06.807 T:10408   debug <general>: CInputManager::HandleKey: long-f2 (0x100f091) pressed, window 12901, action is 
2026-08-24 11:13:06.808 T:10408   debug <general>: Keyboard: scancode: 0xc03c, sym: 0x11b (f2), unicode: 0x00, modifier: 0x0
2026-08-24 11:13:06.982 T:13732   debug <general>: AddOnLog: inputstream.adaptive: [Repr. chooser] Current average bandwidth: 7175998 bit/s (filtered to 6458398 bit/s)
2026-08-24 11:13:07.407 T:10408   debug <general>: Keyboard: scancode: 0x2038, sym: 0x134 (leftalt), unicode: 0x00, modifier: 0x100
2026-08-24 11:13:07.408 T:10408   debug <general>: CInputManager::HandleKey: alt-leftalt (0x4f0d4) pressed, window 12901, action is 
2026-08-24 11:13:07.797 T:4272    debug <general>: AddOnLog: inputstream.adaptive: [AS-0] Download finished: https://imagelovelyshare.com/stream-png/RE05emxjVUhwRnR3ODVOMmRXdkVFYWVOK3pLSDllYVBpdGd4am9KNUZZS3lPOVIwRHhMTTEwNHpWWVI3UGdESms0VjhHVWZCeXRWdzFUdjgwM2VHWWlHam8xR0VSUFBTNkVlVnNlQXZQaE09.png?tok=eyJ0eXAiOiJKV1QiLCJhbGciOiJIUzI1NiJ9.eyJpc3MiOiJoZG0yLmluayIsImlhdCI6MTc4NzU1MDE2MywiZXhwIjoxNzg3NTYwOTYzLCJzbHVnIjoiUU1RQkgiLCJ0eXBlIjoicXVhbGl0eV90b2tlbiJ9.eVLL3Ds-oO0Giq1xn00Dy6bkMrgxbLT08O4r_3cK99s (downloaded 2026828 byte, speed 995140.00 byte/s)
2026-08-24 11:13:07.812 T:4272    debug <general>: CurlFile::XFILE::CCurlFile::Open - <https://imagesharerhost.com/stream-png/RE05emxjVUhwRnR3ODVOMmRXdkVFYWVOK3pLSDllYVBpdGd4am9KNUZZS3lPOVIwRHhMTTEwNHpWWVI3UGdESms0VjhHVWZCeXRWdzFUdjgwM2VHWXNjNm1BZUdRR0dvanRhTGpNVmFvRlk9.png?tok=eyJ0eXAiOiJKV1QiLCJhbGciOiJIUzI1NiJ9.eyJpc3MiOiJoZG0yLmluayIsImlhdCI6MTc4NzU1MDE2MywiZXhwIjoxNzg3NTYwOTYzLCJzbHVnIjoiUU1RQkgiLCJ0eXBlIjoicXVhbGl0eV90b2tlbiJ9.eVLL3Ds-oO0Giq1xn00Dy6bkMrgxbLT08O4r_3cK99s>
2026-08-24 11:13:09.141 T:10408   debug <general>: XCURL::DllLibCurlGlobal::CheckIdle - Closing session to https://image.tmdb.org (easy=0x17a52bee2c0, multi=0x17a589a6140)
2026-08-24 11:13:09.777 T:4272    debug <general>: AddOnLog: inputstream.adaptive: [AS-0] Download finished: https://imagesharerhost.com/stream-png/RE05emxjVUhwRnR3ODVOMmRXdkVFYWVOK3pLSDllYVBpdGd4am9KNUZZS3lPOVIwRHhMTTEwNHpWWVI3UGdESms0VjhHVWZCeXRWdzFUdjgwM2VHWXNjNm1BZUdRR0dvanRhTGpNVmFvRlk9.png?tok=eyJ0eXAiOiJKV1QiLCJhbGciOiJIUzI1NiJ9.eyJpc3MiOiJoZG0yLmluayIsImlhdCI6MTc4NzU1MDE2MywiZXhwIjoxNzg3NTYwOTYzLCJzbHVnIjoiUU1RQkgiLCJ0eXBlIjoicXVhbGl0eV90b2tlbiJ9.eVLL3Ds-oO0Giq1xn00Dy6bkMrgxbLT08O4r_3cK99s (downloaded 1976632 byte, speed 983434.00 byte/s)
2026-08-24 11:13:09.778 T:4272    debug <general>: CurlFile::XFILE::CCurlFile::Open - <https://imagelovelyshare.com/stream-png/RE05emxjVUhwRnR3ODVOMmRXdkVFYWVOK3pLSDllYVBpdGd4am9KNUZZS3lPOVIwRHhMTTEwNHpWWVI3UGdESms0VjhHVWZCeXRWdzFUdjgwM2VHWXQxRnIreDdoaG85eGg4TzNSOVowMWs9.png?tok=eyJ0eXAiOiJKV1QiLCJhbGciOiJIUzI1NiJ9.eyJpc3MiOiJoZG0yLmluayIsImlhdCI6MTc4NzU1MDE2MywiZXhwIjoxNzg3NTYwOTYzLCJzbHVnIjoiUU1RQkgiLCJ0eXBlIjoicXVhbGl0eV90b2tlbiJ9.eVLL3Ds-oO0Giq1xn00Dy6bkMrgxbLT08O4r_3cK99s>
2026-08-24 11:13:10.726 T:10408   debug <general>: ------ Window Deinit (VideoOSD.xml) ------
2026-08-24 11:13:10.743 T:10408   debug <general>: ------ Window Deinit (DialogSeekBar.xml) ------
2026-08-24 11:13:10.743 T:10408   debug <general>: ------ Window Deinit (Custom_1109_TopBarOverlay.xml) ------
2026-08-24 11:13:11.744 T:4272    debug <general>: AddOnLog: inputstream.adaptive: [AS-0] Download finished: https://imagelovelyshare.com/stream-png/RE05emxjVUhwRnR3ODVOMmRXdkVFYWVOK3pLSDllYVBpdGd4am9KNUZZS3lPOVIwRHhMTTEwNHpWWVI3UGdESms0VjhHVWZCeXRWdzFUdjgwM2VHWXQxRnIreDdoaG85eGg4TzNSOVowMWs9.png?tok=eyJ0eXAiOiJKV1QiLCJhbGciOiJIUzI1NiJ9.eyJpc3MiOiJoZG0yLmluayIsImlhdCI6MTc4NzU1MDE2MywiZXhwIjoxNzg3NTYwOTYzLCJzbHVnIjoiUU1RQkgiLCJ0eXBlIjoicXVhbGl0eV90b2tlbiJ9.eVLL3Ds-oO0Giq1xn00Dy6bkMrgxbLT08O4r_3cK99s (downloaded 2051644 byte, speed 1023484.00 byte/s)
2026-08-24 11:13:11.745 T:4272    debug <general>: CurlFile::XFILE::CCurlFile::Open - <https://imagesharerhost.com/stream-png/RE05emxjVUhwRnR3ODVOMmRXdkVFYWVOK3pLSDllYVBpdGd4am9KNUZZS3lPOVIwRHhMTTEwNHpWWVI3UGdESms0VjhHVWZCeXRWdzFUdjgwM2VHWW11algzT2lDOEJXK0tUOUZ3NkthMlU9.png?tok=eyJ0eXAiOiJKV1QiLCJhbGciOiJIUzI1NiJ9.eyJpc3MiOiJoZG0yLmluayIsImlhdCI6MTc4NzU1MDE2MywiZXhwIjoxNzg3NTYwOTYzLCJzbHVnIjoiUU1RQkgiLCJ0eXBlIjoicXVhbGl0eV90b2tlbiJ9.eVLL3Ds-oO0Giq1xn00Dy6bkMrgxbLT08O4r_3cK99s>
2026-08-24 11:13:12.625 T:12624    info <general>: [plugin.video.youtube] service_runner:138(run) - Clear property 'plugin_sleeping'
2026-08-24 11:13:12.641 T:12624    info <general>: [plugin.video.youtube] service_runner:244(run) - Set property 'plugin_sleeping': 'true'
2026-08-24 11:13:12.981 T:13732   debug <general>: AddOnLog: inputstream.adaptive: [Repr. chooser] Current average bandwidth: 7331019 bit/s (filtered to 6597917 bit/s)
2026-08-24 11:13:13.642 T:4272    debug <general>: AddOnLog: inputstream.adaptive: [AS-0] Download finished: https://imagesharerhost.com/stream-png/RE05emxjVUhwRnR3ODVOMmRXdkVFYWVOK3pLSDllYVBpdGd4am9KNUZZS3lPOVIwRHhMTTEwNHpWWVI3UGdESms0VjhHVWZCeXRWdzFUdjgwM2VHWW11algzT2lDOEJXK0tUOUZ3NkthMlU9.png?tok=eyJ0eXAiOiJKV1QiLCJhbGciOiJIUzI1NiJ9.eyJpc3MiOiJoZG0yLmluayIsImlhdCI6MTc4NzU1MDE2MywiZXhwIjoxNzg3NTYwOTYzLCJzbHVnIjoiUU1RQkgiLCJ0eXBlIjoicXVhbGl0eV90b2tlbiJ9.eVLL3Ds-oO0Giq1xn00Dy6bkMrgxbLT08O4r_3cK99s (downloaded 2102028 byte, speed 1086289.00 byte/s)
2026-08-24 11:13:13.656 T:4272    debug <general>: CurlFile::XFILE::CCurlFile::Open - <https://imagelovelyshare.com/stream-png/RE05emxjVUhwRnR3ODVOMmRXdkVFYWVOK3pLSDllYVBpdGd4am9KNUZZS3lPOVIwRHhMTTEwNHpWWVI3UGdESms0VjhHVWZCeXRWdzFUdjgwM2VHWXRyeStIYmRJaE5uQmc2bXVHZVpIdDQ9.png?tok=eyJ0eXAiOiJKV1QiLCJhbGciOiJIUzI1NiJ9.eyJpc3MiOiJoZG0yLmluayIsImlhdCI6MTc4NzU1MDE2MywiZXhwIjoxNzg3NTYwOTYzLCJzbHVnIjoiUU1RQkgiLCJ0eXBlIjoicXVhbGl0eV90b2tlbiJ9.eVLL3Ds-oO0Giq1xn00Dy6bkMrgxbLT08O4r_3cK99s>
2026-08-24 11:13:14.240 T:10408   debug <general>: ------ Window Init (VideoOSD.xml) ------
2026-08-24 11:13:14.242 T:10408   debug <general>: ------ Window Init (Pointer.xml) ------
2026-08-24 11:13:14.242 T:10408   debug <general>: ------ Window Init (DialogSeekBar.xml) ------
2026-08-24 11:13:14.243 T:10408   debug <general>: ------ Window Init (Custom_1109_TopBarOverlay.xml) ------
2026-08-24 11:13:15.489 T:10408   debug <general>: Keyboard: scancode: 0x14d, sym: 0x113 (right), unicode: 0x00, modifier: 0x0
2026-08-24 11:13:15.490 T:10408   debug <general>: CInputManager::HandleKey: right (0xf083) pressed, window 12901, action is Right
2026-08-24 11:13:15.491 T:10408   debug <general>: ------ Window Deinit (Pointer.xml) ------
2026-08-24 11:13:15.590 T:10408   debug <general>: Keyboard: scancode: 0xc14d, sym: 0x113 (right), unicode: 0x00, modifier: 0x0
2026-08-24 11:13:15.609 T:4272    debug <general>: AddOnLog: inputstream.adaptive: [AS-0] Download finished: https://imagelovelyshare.com/stream-png/RE05emxjVUhwRnR3ODVOMmRXdkVFYWVOK3pLSDllYVBpdGd4am9KNUZZS3lPOVIwRHhMTTEwNHpWWVI3UGdESms0VjhHVWZCeXRWdzFUdjgwM2VHWXRyeStIYmRJaE5uQmc2bXVHZVpIdDQ9.png?tok=eyJ0eXAiOiJKV1QiLCJhbGciOiJIUzI1NiJ9.eyJpc3MiOiJoZG0yLmluayIsImlhdCI6MTc4NzU1MDE2MywiZXhwIjoxNzg3NTYwOTYzLCJzbHVnIjoiUU1RQkgiLCJ0eXBlIjoicXVhbGl0eV90b2tlbiJ9.eVLL3Ds-oO0Giq1xn00Dy6bkMrgxbLT08O4r_3cK99s (downloaded 2052208 byte, speed 1026831.00 byte/s)
2026-08-24 11:13:15.610 T:4272    debug <general>: CurlFile::XFILE::CCurlFile::Open - <https://imagesharerhost.com/stream-png/RE05emxjVUhwRnR3ODVOMmRXdkVFYWVOK3pLSDllYVBpdGd4am9KNUZZS3lPOVIwRHhMTTEwNHpWWVI3UGdESms0VjhHVWZCeXRWdzFUdjgwM2VHWXE5b000ZVpXOHN6UzRqYzZjc1FJSHc9.png?tok=eyJ0eXAiOiJKV1QiLCJhbGciOiJIUzI1NiJ9.eyJpc3MiOiJoZG0yLmluayIsImlhdCI6MTc4NzU1MDE2MywiZXhwIjoxNzg3NTYwOTYzLCJzbHVnIjoiUU1RQkgiLCJ0eXBlIjoicXVhbGl0eV90b2tlbiJ9.eVLL3Ds-oO0Giq1xn00Dy6bkMrgxbLT08O4r_3cK99s>
2026-08-24 11:13:15.690 T:10408   debug <general>: Keyboard: scancode: 0x14d, sym: 0x113 (right), unicode: 0x00, modifier: 0x0
2026-08-24 11:13:15.690 T:10408   debug <general>: CInputManager::HandleKey: right (0xf083) pressed, window 12901, action is Right
2026-08-24 11:13:15.756 T:10408   debug <general>: Keyboard: scancode: 0xc14d, sym: 0x113 (right), unicode: 0x00, modifier: 0x0
2026-08-24 11:13:16.573 T:10408   debug <general>: Keyboard: scancode: 0x14b, sym: 0x114 (left), unicode: 0x00, modifier: 0x0
2026-08-24 11:13:16.573 T:10408   debug <general>: CInputManager::HandleKey: left (0xf082) pressed, window 12901, action is Left
2026-08-24 11:13:16.756 T:10408   debug <general>: Keyboard: scancode: 0xc14b, sym: 0x114 (left), unicode: 0x00, modifier: 0x0
2026-08-24 11:13:16.856 T:10408   debug <general>: Keyboard: scancode: 0x1c, sym: 0x0d (enter), unicode: 0x0d, modifier: 0x0
2026-08-24 11:13:16.923 T:10408   debug <general>: Keyboard: scancode: 0xc01c, sym: 0x0d (enter), unicode: 0x00, modifier: 0x0
2026-08-24 11:13:16.923 T:10408   debug <general>: CInputManager::HandleKey: return (0xf00d) pressed, window 12901, action is Select
2026-08-24 11:13:16.923 T:10408    info <general>: CVideoPlayer::CloseFile()
2026-08-24 11:13:16.924 T:10408   debug <general>: CRenderManager::DeleteRenderer - deleting renderer
2026-08-24 11:13:16.924 T:10428    info <general>: CVideoPlayer::OnExit()
2026-08-24 11:13:16.924 T:10428   debug <general>: CVideoPlayer: updating file item stream details with available streams
2026-08-24 11:13:16.925 T:10408   debug <general>: DX::DeviceResources::SetHdrColorSpace: DXGI SetColorSpace1 RGB_FULL_G22_NONE_P709 success
2026-08-24 11:13:16.925 T:10408    info <general>: VideoPlayer: waiting for threads to exit
2026-08-24 11:13:16.925 T:10428    info <general>: Closing stream player 1
2026-08-24 11:13:16.925 T:10428   debug <general>: AddOnLog: inputstream.adaptive: EnableStream(1002: false)
2026-08-24 11:13:16.925 T:10428    info <general>: Waiting for audio thread to exit
2026-08-24 11:13:16.929 T:12468    info <general>: thread end: CVideoPlayerAudio::OnExit()
2026-08-24 11:13:16.929 T:12468   debug <general>: Thread VideoPlayerAudio 12468 terminating
2026-08-24 11:13:16.929 T:10428    info <general>: Closing audio device
2026-08-24 11:13:16.949 T:10428   debug <general>: CDVDAudio::Flush - flush audio stream
2026-08-24 11:13:16.949 T:12404   debug <general>: CActiveAE::DiscardStream - audio stream deleted
2026-08-24 11:13:16.949 T:12404   debug <general>: CActiveAE::ClearDiscardedBuffers - buffer pool deleted
2026-08-24 11:13:16.950 T:11652    info <general>: Skipped 2 duplicate messages..
2026-08-24 11:13:16.950 T:11652    info <general>: CActiveAESink::OpenSink - initialize sink
2026-08-24 11:13:16.950 T:11652   debug <general>: CAESinkDirectSound::Deinitialize: Cleaning up
2026-08-24 11:13:16.950 T:10428    info <general>: Deleting audio codec
2026-08-24 11:13:16.950 T:10428    info <general>: Closing stream player 2
2026-08-24 11:13:16.950 T:10428   debug <general>: AddOnLog: inputstream.adaptive: EnableStream(1001: false)
2026-08-24 11:13:16.955 T:11652   debug <general>: CActiveAESink::OpenSink - trying to open device DIRECTSOUND:default
2026-08-24 11:13:16.975 T:4272    debug <general>: AddOnLog: inputstream.adaptive: [AS-0] Download cancelled: https://imagesharerhost.com/stream-png/RE05emxjVUhwRnR3ODVOMmRXdkVFYWVOK3pLSDllYVBpdGd4am9KNUZZS3lPOVIwRHhMTTEwNHpWWVI3UGdESms0VjhHVWZCeXRWdzFUdjgwM2VHWXE5b000ZVpXOHN6UzRqYzZjc1FJSHc9.png?tok=eyJ0eXAiOiJKV1QiLCJhbGciOiJIUzI1NiJ9.eyJpc3MiOiJoZG0yLmluayIsImlhdCI6MTc4NzU1MDE2MywiZXhwIjoxNzg3NTYwOTYzLCJzbHVnIjoiUU1RQkgiLCJ0eXBlIjoicXVhbGl0eV90b2tlbiJ9.eVLL3Ds-oO0Giq1xn00Dy6bkMrgxbLT08O4r_3cK99s
2026-08-24 11:13:16.975 T:10428    info <general>: waiting for video thread to exit
2026-08-24 11:13:16.987 T:11652   debug <general>: CAESinkDirectSound::Initialize: Using Window handle: 0x204da
2026-08-24 11:13:16.995 T:11652   debug <general>: CAESinkDirectSound::Initialize: secondary buffer created
2026-08-24 11:13:16.996 T:11652   debug <general>: CAESinkDirectSound::Initialize: Initializing DirectSound with the following parameters:
2026-08-24 11:13:16.996 T:11652   debug <general>:   Audio Device    : Speakers (Realtek(R) Audio)
2026-08-24 11:13:16.996 T:11652   debug <general>:   Sample Rate     : 44100
2026-08-24 11:13:16.996 T:11652   debug <general>:   Sample Format   : AE_FMT_FLOAT
2026-08-24 11:13:16.996 T:11652   debug <general>:   Bits Per Sample : 32
2026-08-24 11:13:16.996 T:11652   debug <general>:   Valid Bits/Samp : 32
2026-08-24 11:13:16.996 T:11652   debug <general>:   Channel Count   : 2
2026-08-24 11:13:16.996 T:11652   debug <general>:   Block Align     : 8
2026-08-24 11:13:16.996 T:11652   debug <general>:   Avg. Bytes Sec  : 352800
2026-08-24 11:13:16.996 T:11652   debug <general>:   Samples/Block   : 32
2026-08-24 11:13:16.996 T:11652   debug <general>:   Format cBSize   : 22
2026-08-24 11:13:16.997 T:11652   debug <general>:   Channel Layout  : FL, FR
2026-08-24 11:13:16.997 T:11652   debug <general>:   Channel Mask    : 3
2026-08-24 11:13:16.997 T:11652   debug <general>:   Frames          : 882
2026-08-24 11:13:16.997 T:11652   debug <general>:   Frame Size      : 8
2026-08-24 11:13:16.997 T:11652   debug <general>: CActiveAESink::OpenSink - DIRECTSOUND Initialized:
2026-08-24 11:13:16.997 T:11652   debug <general>:   Output Device : default
2026-08-24 11:13:16.997 T:11652   debug <general>:   Sample Rate   : 44100
2026-08-24 11:13:16.997 T:11652   debug <general>:   Sample Format : AE_FMT_FLOAT
2026-08-24 11:13:16.997 T:11652   debug <general>:   Channel Count : 2
2026-08-24 11:13:16.997 T:11652   debug <general>:   Channel Layout: FL, FR
2026-08-24 11:13:16.997 T:11652   debug <general>:   Frames        : 882
2026-08-24 11:13:16.997 T:11652   debug <general>:   Frame Size    : 8
2026-08-24 11:13:16.997 T:12404   debug <general>: CActiveAE::ClearDiscardedBuffers - buffer pool deleted
2026-08-24 11:13:17.010 T:656      info <general>: Skipped 1 duplicate messages..
2026-08-24 11:13:17.010 T:656   warning <general>: CVideoPlayerVideo::OutputPicture - timeout waiting for buffer
2026-08-24 11:13:17.010 T:656      info <general>: thread end: video_thread
2026-08-24 11:13:17.010 T:656     debug <general>: Thread VideoPlayerVideo 656 terminating
2026-08-24 11:13:17.011 T:10428    info <general>: deleting video codec
2026-08-24 11:13:17.012 T:10428   debug <general>: DXVA::CDecoder::~CDecoder: destructing decoder, 0x17a54f25dd0.
2026-08-24 11:13:17.015 T:10428    info <general>: DXVA::CDecoder::Close: closing decoder.
2026-08-24 11:13:17.015 T:10428    info <general>: DXVA: closing decoder context.
2026-08-24 11:13:17.015 T:10428   debug <general>: DXVA::CVideoBufferPool::~CVideoBufferPool: destructing buffer pool.
2026-08-24 11:13:17.045 T:10428    info <general>: Closing stream player 3
2026-08-24 11:13:17.045 T:10428   debug <general>: AddOnLog: inputstream.adaptive: EnableStream(1003: false)
2026-08-24 11:13:17.048 T:10428   debug <general>: AddOnLog: inputstream.adaptive: Close()
2026-08-24 11:13:17.048 T:10428   debug <general>: AddOnLog: inputstream.adaptive: CSession::~CSession()
2026-08-24 11:13:17.048 T:10428   debug <general>: AddOnLog: inputstream.adaptive: CSession::DeleteStreams()
2026-08-24 11:13:17.051 T:10428   debug <general>: SECTION:UnloadDll(C:\Users\mj\AppData\Roaming\Kodi\addons\inputstream.adaptive\inputstream.adaptive.dll)
2026-08-24 11:13:17.052 T:10552   debug <general>: CSaveFileState::DoWork - Saving file state for video item plugin://plugin.video.moviehub/?mode=resolve&embed=https%3A%2F%2Fhdm2.ink%2Fplay%3Fv%3DQMQBH&title=Love+Shagun++Hindi+HD&thumb=https%3A%2F%2Fimage.tmdb.org%2Ft%2Fp%2Fw342%2F2z3kMkaVjz1AdVUiSqWMDDAZoMV.jpg&referer=https%3A%2F%2Fhdmovie2a.bar%2Fmovies%2F58742-love-shagun-2016-hindi-hd%2F
2026-08-24 11:13:17.249 T:10428    info <general>: ADDON: Dll Destroyed - InputStream Adaptive
2026-08-24 11:13:17.250 T:10428   debug <general>: Thread VideoPlayer 10428 terminating
2026-08-24 11:13:17.250 T:11652   debug <general>: CAESinkDirectSound::CheckPlayStatus: Resuming Playback
2026-08-24 11:13:17.250 T:10408    info <general>: VideoPlayer: finished waiting
2026-08-24 11:13:17.250 T:10408    info <general>: CVideoPlayer::CloseFile()
2026-08-24 11:13:17.251 T:10408    info <general>: VideoPlayer: waiting for threads to exit
2026-08-24 11:13:17.251 T:10408    info <general>: VideoPlayer: finished waiting
2026-08-24 11:13:17.253 T:10408   debug <general>: Radio UECP (RDS) Processor - delete CDVDRadioRDSData::~CDVDRadioRDSData
2026-08-24 11:13:17.253 T:10408   debug <general>: Audio ID3 tag processor - delete CVideoPlayerAudioID3::~CVideoPlayerAudioID3
2026-08-24 11:13:17.265 T:10552   debug <general>: CApplicationPlayerCallback::OnPlayBackStopped: CApplication::OnPlayBackStopped
2026-08-24 11:13:17.275 T:10408   debug <general>: CGUIWindowManager::PreviousWindow: Deactivate
2026-08-24 11:13:17.275 T:10408   debug <general>: ------ Window Deinit (VideoOSD.xml) ------
2026-08-24 11:13:17.275 T:10408   debug <general>: ------ Window Deinit (VideoFullScreen.xml) ------
2026-08-24 11:13:17.281 T:10408   debug <general>: CGUIWindowManager::PreviousWindow: Activate new
2026-08-24 11:13:17.281 T:10408   debug <general>: ------ Window Init (MyVideoNav.xml) ------
2026-08-24 11:13:17.283 T:10408   error <general>: Control 55 in window 10025 has been asked to focus, but it can't
2026-08-24 11:13:17.321 T:9092    debug <general>: CPythonInvoker(6, C:\Users\mj\AppData\Roaming\Kodi\addons\plugin.video.moviehub\main.py): script successfully run
2026-08-24 11:13:17.321 T:9092    debug <general>: CPythonInvoker::onExecutionDone(6, C:\Users\mj\AppData\Roaming\Kodi\addons\plugin.video.moviehub\main.py)
2026-08-24 11:13:17.354 T:10408   debug <general>: ------ Window Deinit (DialogSeekBar.xml) ------
2026-08-24 11:13:17.378 T:9092    debug <general>: Python interpreter stopped
2026-08-24 11:13:17.378 T:9092    debug <general>: Thread LanguageInvoker 9092 terminating
2026-08-24 11:13:17.384 T:10408   debug <general>: ------ Window Deinit (Custom_1109_TopBarOverlay.xml) ------
2026-08-24 11:13:17.390 T:10408   debug <general>: CGUIMediaWindow::GetDirectory (plugin://plugin.video.moviehub/?mode=movie&site=movies&thumb=https%3a%2f%2fimage.tmdb.org%2ft%2fp%2fw342%2f2z3kMkaVjz1AdVUiSqWMDDAZoMV.jpg&title=Love%20Shagun%20%20Hindi%20HD&url=https%3a%2f%2fhdmovie2a.bar%2fmovies%2f58742-love-shagun-2016-hindi-hd%2f)
2026-08-24 11:13:17.390 T:10408   debug <general>:   ParentPath = [plugin://plugin.video.moviehub/?mode=movie&site=movies&thumb=https%3a%2f%2fimage.tmdb.org%2ft%2fp%2fw342%2f2z3kMkaVjz1AdVUiSqWMDDAZoMV.jpg&title=Love%20Shagun%20%20Hindi%20HD&url=https%3a%2f%2fhdmovie2a.bar%2fmovies%2f58742-love-shagun-2016-hindi-hd%2f]
2026-08-24 11:13:17.391 T:8480    debug <general>: Thread waiting start, auto delete: false
2026-08-24 11:13:17.411 T:12624    info <general>: [plugin.video.youtube] player_monitor:470(onPlayBackEnded) - Clear property 'busy'
2026-08-24 11:13:17.411 T:12624    info <general>: [plugin.video.youtube] player_monitor:472(onPlayBackEnded) - Pop property 'play_using': ''
2026-08-24 11:13:17.412 T:12624    info <general>: [plugin.video.youtube] player_monitor:473(onPlayBackEnded) - Clear property 'script.trakt.paused'
2026-08-24 11:13:17.412 T:12624    info <general>: [plugin.video.youtube] player_monitor:421(cleanup_threads) - Active threads: []
2026-08-24 11:13:17.492 T:10408   debug <general>: ------ Window Init (DialogBusy.xml) ------
2026-08-24 11:13:17.661 T:10552   debug <general>: CAddonDatabase::SetLastUsed[plugin.video.moviehub] took 270 ms
2026-08-24 11:13:17.661 T:8480    debug <general>: CScriptRunner: running add-on script MovieHub - Free Movies('plugin://plugin.video.moviehub/', '6', '?mode=movie&site=movies&thumb=https%3a%2f%2fimage.tmdb.org%2ft%2fp%2fw342%2f2z3kMkaVjz1AdVUiSqWMDDAZoMV.jpg&title=Love%20Shagun%20%20Hindi%20HD&url=https%3a%2f%2fhdmovie2a.bar%2fmovies%2f58742-love-shagun-2016-hindi-hd%2f')
2026-08-24 11:13:17.662 T:12124   debug <general>: Thread LanguageInvoker start, auto delete: false
2026-08-24 11:13:17.662 T:12124   debug <general>: initializing python engine.
2026-08-24 11:13:17.662 T:12124   debug <general>: CPythonInvoker(7, C:\Users\mj\AppData\Roaming\Kodi\addons\plugin.video.moviehub\main.py): start processing
2026-08-24 11:13:17.690 T:12124   debug <general>: -->Python Interpreter Initialized<--
2026-08-24 11:13:17.690 T:12124   debug <general>: 
                                                   
2026-08-24 11:13:17.690 T:12124   debug <general>: CPythonInvoker(7, C:\Users\mj\AppData\Roaming\Kodi\addons\plugin.video.moviehub\main.py): the source file to load is "C:\Users\mj\AppData\Roaming\Kodi\addons\plugin.video.moviehub\main.py"
2026-08-24 11:13:17.690 T:12124   debug <general>: CPythonInvoker(7): full python path:
2026-08-24 11:13:17.690 T:12124   debug <general>: CPythonInvoker(7):   custom python path:
2026-08-24 11:13:17.690 T:12124   debug <general>: CPythonInvoker(7):     C:\Users\mj\AppData\Roaming\Kodi\addons\plugin.video.moviehub
2026-08-24 11:13:17.690 T:12124   debug <general>: CPythonInvoker(7):   default python path:
2026-08-24 11:13:17.690 T:12124   debug <general>: CPythonInvoker(7):     C:\Program Files\Kodi\system\python\DLLs
2026-08-24 11:13:17.690 T:12124   debug <general>: CPythonInvoker(7):     C:\Program Files\Kodi\system\python\Lib
2026-08-24 11:13:17.690 T:12124   debug <general>: CPythonInvoker(7):     C:\Program Files\Kodi\system\python\Lib\site-packages
2026-08-24 11:13:17.690 T:12124   debug <general>: CPythonInvoker(7): adding args:
2026-08-24 11:13:17.690 T:12124   debug <general>: CPythonInvoker(7):  plugin://plugin.video.moviehub/
2026-08-24 11:13:17.690 T:12124   debug <general>: CPythonInvoker(7):  6
2026-08-24 11:13:17.690 T:12124   debug <general>: CPythonInvoker(7):  ?mode=movie&site=movies&thumb=https%3a%2f%2fimage.tmdb.org%2ft%2fp%2fw342%2f2z3kMkaVjz1AdVUiSqWMDDAZoMV.jpg&title=Love%20Shagun%20%20Hindi%20HD&url=https%3a%2f%2fhdmovie2a.bar%2fmovies%2f58742-love-shagun-2016-hindi-hd%2f
2026-08-24 11:13:17.691 T:12124   debug <general>: CPythonInvoker(7):  resume:false
2026-08-24 11:13:17.691 T:12124   debug <general>: CPythonInvoker(7, C:\Users\mj\AppData\Roaming\Kodi\addons\plugin.video.moviehub\main.py): entering source directory C:\Users\mj\AppData\Roaming\Kodi\addons\plugin.video.moviehub
2026-08-24 11:13:17.691 T:12124   debug <general>: CPythonInvoker(7, C:\Users\mj\AppData\Roaming\Kodi\addons\plugin.video.moviehub\main.py): instantiating addon using automatically obtained id of "plugin.video.moviehub" dependent on version 3.0.0 of the xbmc.python api
2026-08-24 11:13:17.889 T:12124   debug <CAddonSettings[0@plugin.video.moviehub]>: trying to load setting definitions from old format...
2026-08-24 11:13:18.008 T:10408   debug <general>: XCURL::DllLibCurlGlobal::CheckIdle - Closing session to https://hdm2.ink (easy=0x17a4d259860, multi=0x17a589a5fb0)
2026-08-24 11:13:18.226 T:12124   debug <CAddonSettings[0@plugin.video.moviehub]>: trying to load setting definitions from old format...
2026-08-24 11:13:18.240 T:12124 warning <general>: Setting most video properties through ListItem.setInfo() is deprecated and might be removed in future Kodi versions. Please use the respective setter in InfoTagVideo.
2026-08-24 11:13:18.265 T:12124    info <general>: Skipped 2 duplicate messages..
2026-08-24 11:13:18.265 T:12124   debug <general>: CPythonInvoker(7, C:\Users\mj\AppData\Roaming\Kodi\addons\plugin.video.moviehub\main.py): script successfully run
2026-08-24 11:13:18.265 T:12124   debug <general>: CPythonInvoker::onExecutionDone(7, C:\Users\mj\AppData\Roaming\Kodi\addons\plugin.video.moviehub\main.py)
2026-08-24 11:13:18.266 T:8480    debug <general>: Thread waiting 8480 terminating
2026-08-24 11:13:18.289 T:10408   debug <general>: ------ Window Deinit (DialogBusy.xml) ------
2026-08-24 11:13:18.311 T:3716    debug <general>: Thread BackgroundLoader start, auto delete: false
2026-08-24 11:13:18.314 T:12124   debug <general>: Python interpreter stopped
2026-08-24 11:13:18.314 T:12124   debug <general>: Thread LanguageInvoker 12124 terminating
2026-08-24 11:13:18.334 T:3716    debug <general>: Thread BackgroundLoader 3716 terminating
2026-08-24 11:13:19.269 T:10408   debug <general>: Keyboard: scancode: 0xe, sym: 0x08 (backspace), unicode: 0x08, modifier: 0x0
2026-08-24 11:13:19.323 T:10408   debug <general>: Keyboard: scancode: 0xc00e, sym: 0x08 (backspace), unicode: 0x00, modifier: 0x0
2026-08-24 11:13:19.323 T:10408   debug <general>: CInputManager::HandleKey: backspace (0xf008) pressed, window 10025, action is Back
2026-08-24 11:13:19.324 T:10408   debug <general>: CGUIMediaWindow::GetDirectory (plugin://plugin.video.moviehub/?mode=latest&site=movies)
2026-08-24 11:13:19.324 T:10408   debug <general>:   ParentPath = [plugin://plugin.video.moviehub/]
2026-08-24 11:13:19.325 T:15344   debug <general>: Thread waiting start, auto delete: false
2026-08-24 11:13:19.347 T:10552   debug <general>: CAddonDatabase::SetLastUsed[plugin.video.moviehub] took 22 ms
2026-08-24 11:13:19.347 T:15344   debug <general>: CScriptRunner: running add-on script MovieHub - Free Movies('plugin://plugin.video.moviehub/', '7', '?mode=latest&site=movies')
2026-08-24 11:13:19.347 T:4900    debug <general>: Thread LanguageInvoker start, auto delete: false
2026-08-24 11:13:19.348 T:4900    debug <general>: initializing python engine.
2026-08-24 11:13:19.348 T:4900    debug <general>: CPythonInvoker(8, C:\Users\mj\AppData\Roaming\Kodi\addons\plugin.video.moviehub\main.py): start processing
2026-08-24 11:13:19.373 T:4900    debug <general>: -->Python Interpreter Initialized<--
2026-08-24 11:13:19.374 T:4900    debug <general>: 
                                                   
2026-08-24 11:13:19.374 T:4900    debug <general>: CPythonInvoker(8, C:\Users\mj\AppData\Roaming\Kodi\addons\plugin.video.moviehub\main.py): the source file to load is "C:\Users\mj\AppData\Roaming\Kodi\addons\plugin.video.moviehub\main.py"
2026-08-24 11:13:19.374 T:4900    debug <general>: CPythonInvoker(8): full python path:
2026-08-24 11:13:19.374 T:4900    debug <general>: CPythonInvoker(8):   custom python path:
2026-08-24 11:13:19.374 T:4900    debug <general>: CPythonInvoker(8):     C:\Users\mj\AppData\Roaming\Kodi\addons\plugin.video.moviehub
2026-08-24 11:13:19.374 T:4900    debug <general>: CPythonInvoker(8):   default python path:
2026-08-24 11:13:19.374 T:4900    debug <general>: CPythonInvoker(8):     C:\Program Files\Kodi\system\python\DLLs
2026-08-24 11:13:19.374 T:4900    debug <general>: CPythonInvoker(8):     C:\Program Files\Kodi\system\python\Lib
2026-08-24 11:13:19.374 T:4900    debug <general>: CPythonInvoker(8):     C:\Program Files\Kodi\system\python\Lib\site-packages
2026-08-24 11:13:19.374 T:4900    debug <general>: CPythonInvoker(8): adding args:
2026-08-24 11:13:19.374 T:4900    debug <general>: CPythonInvoker(8):  plugin://plugin.video.moviehub/
2026-08-24 11:13:19.374 T:4900    debug <general>: CPythonInvoker(8):  7
2026-08-24 11:13:19.374 T:4900    debug <general>: CPythonInvoker(8):  ?mode=latest&site=movies
2026-08-24 11:13:19.374 T:4900    debug <general>: CPythonInvoker(8):  resume:false
2026-08-24 11:13:19.374 T:4900    debug <general>: CPythonInvoker(8, C:\Users\mj\AppData\Roaming\Kodi\addons\plugin.video.moviehub\main.py): entering source directory C:\Users\mj\AppData\Roaming\Kodi\addons\plugin.video.moviehub
2026-08-24 11:13:19.374 T:4900    debug <general>: CPythonInvoker(8, C:\Users\mj\AppData\Roaming\Kodi\addons\plugin.video.moviehub\main.py): instantiating addon using automatically obtained id of "plugin.video.moviehub" dependent on version 3.0.0 of the xbmc.python api
2026-08-24 11:13:19.426 T:10408   debug <general>: ------ Window Init (DialogBusy.xml) ------
2026-08-24 11:13:19.566 T:4900    debug <CAddonSettings[0@plugin.video.moviehub]>: trying to load setting definitions from old format...
2026-08-24 11:13:19.891 T:4900  warning <general>: Setting most video properties through ListItem.setInfo() is deprecated and might be removed in future Kodi versions. Please use the respective setter in InfoTagVideo.
2026-08-24 11:13:19.928 T:4900     info <general>: Skipped 39 duplicate messages..
2026-08-24 11:13:19.928 T:4900    debug <general>: CPythonInvoker(8, C:\Users\mj\AppData\Roaming\Kodi\addons\plugin.video.moviehub\main.py): script successfully run
2026-08-24 11:13:19.928 T:4900    debug <general>: CPythonInvoker::onExecutionDone(8, C:\Users\mj\AppData\Roaming\Kodi\addons\plugin.video.moviehub\main.py)
2026-08-24 11:13:19.929 T:15344   debug <general>: Thread waiting 15344 terminating
2026-08-24 11:13:19.956 T:10408   debug <general>: ------ Window Deinit (DialogBusy.xml) ------
2026-08-24 11:13:19.976 T:4900    debug <general>: Python interpreter stopped
2026-08-24 11:13:19.976 T:4900    debug <general>: Thread LanguageInvoker 4900 terminating
2026-08-24 11:13:19.993 T:13208   debug <general>: Thread BackgroundLoader start, auto delete: false
2026-08-24 11:13:20.001 T:13208   debug <general>: Thread BackgroundLoader 13208 terminating
2026-08-24 11:13:20.830 T:10408   debug <general>: Keyboard: scancode: 0xe, sym: 0x08 (backspace), unicode: 0x08, modifier: 0x0
2026-08-24 11:13:21.055 T:10408   debug <general>: Keyboard: scancode: 0xc00e, sym: 0x08 (backspace), unicode: 0x00, modifier: 0x0
2026-08-24 11:13:21.056 T:10408   debug <general>: CInputManager::HandleKey: backspace (0xf008) pressed, window 10025, action is Back
2026-08-24 11:13:21.056 T:10408   debug <general>: CGUIMediaWindow::GetDirectory (plugin://plugin.video.moviehub/)
2026-08-24 11:13:21.056 T:10408   debug <general>:   ParentPath = [plugin://]
2026-08-24 11:13:21.057 T:12940   debug <general>: Thread waiting start, auto delete: false
2026-08-24 11:13:21.076 T:9440    debug <general>: CAddonDatabase::SetLastUsed[plugin.video.moviehub] took 19 ms
2026-08-24 11:13:21.076 T:12940   debug <general>: CScriptRunner: running add-on script MovieHub - Free Movies('plugin://plugin.video.moviehub/', '8', '')
2026-08-24 11:13:21.077 T:14348   debug <general>: Thread LanguageInvoker start, auto delete: false
2026-08-24 11:13:21.077 T:14348   debug <general>: initializing python engine.
2026-08-24 11:13:21.077 T:14348   debug <general>: CPythonInvoker(9, C:\Users\mj\AppData\Roaming\Kodi\addons\plugin.video.moviehub\main.py): start processing
2026-08-24 11:13:21.102 T:14348   debug <general>: -->Python Interpreter Initialized<--
2026-08-24 11:13:21.102 T:14348   debug <general>: 
                                                   
2026-08-24 11:13:21.103 T:14348   debug <general>: CPythonInvoker(9, C:\Users\mj\AppData\Roaming\Kodi\addons\plugin.video.moviehub\main.py): the source file to load is "C:\Users\mj\AppData\Roaming\Kodi\addons\plugin.video.moviehub\main.py"
2026-08-24 11:13:21.103 T:14348   debug <general>: CPythonInvoker(9): full python path:
2026-08-24 11:13:21.103 T:14348   debug <general>: CPythonInvoker(9):   custom python path:
2026-08-24 11:13:21.103 T:14348   debug <general>: CPythonInvoker(9):     C:\Users\mj\AppData\Roaming\Kodi\addons\plugin.video.moviehub
2026-08-24 11:13:21.103 T:14348   debug <general>: CPythonInvoker(9):   default python path:
2026-08-24 11:13:21.103 T:14348   debug <general>: CPythonInvoker(9):     C:\Program Files\Kodi\system\python\DLLs
2026-08-24 11:13:21.103 T:14348   debug <general>: CPythonInvoker(9):     C:\Program Files\Kodi\system\python\Lib
2026-08-24 11:13:21.103 T:14348   debug <general>: CPythonInvoker(9):     C:\Program Files\Kodi\system\python\Lib\site-packages
2026-08-24 11:13:21.103 T:14348   debug <general>: CPythonInvoker(9): adding args:
2026-08-24 11:13:21.103 T:14348   debug <general>: CPythonInvoker(9):  plugin://plugin.video.moviehub/
2026-08-24 11:13:21.103 T:14348   debug <general>: CPythonInvoker(9):  8
2026-08-24 11:13:21.103 T:14348   debug <general>: CPythonInvoker(9):  
2026-08-24 11:13:21.103 T:14348   debug <general>: CPythonInvoker(9):  resume:false
2026-08-24 11:13:21.103 T:14348   debug <general>: CPythonInvoker(9, C:\Users\mj\AppData\Roaming\Kodi\addons\plugin.video.moviehub\main.py): entering source directory C:\Users\mj\AppData\Roaming\Kodi\addons\plugin.video.moviehub
2026-08-24 11:13:21.103 T:14348   debug <general>: CPythonInvoker(9, C:\Users\mj\AppData\Roaming\Kodi\addons\plugin.video.moviehub\main.py): instantiating addon using automatically obtained id of "plugin.video.moviehub" dependent on version 3.0.0 of the xbmc.python api
2026-08-24 11:13:21.158 T:10408   debug <general>: ------ Window Init (DialogBusy.xml) ------
2026-08-24 11:13:21.288 T:14348   debug <CAddonSettings[0@plugin.video.moviehub]>: trying to load setting definitions from old format...
2026-08-24 11:13:21.333 T:14348    info <CSettingsManager>: Skipped 1 duplicate messages..
2026-08-24 11:13:21.333 T:14348   debug <CSettingsManager>: requested setting (enable_movies) was not found.
2026-08-24 11:13:21.357 T:14348 warning <general>: Setting most video properties through ListItem.setInfo() is deprecated and might be removed in future Kodi versions. Please use the respective setter in InfoTagVideo.
2026-08-24 11:13:21.358 T:14348   debug <general>: CPythonInvoker(9, C:\Users\mj\AppData\Roaming\Kodi\addons\plugin.video.moviehub\main.py): script successfully run
2026-08-24 11:13:21.358 T:14348   debug <general>: CPythonInvoker::onExecutionDone(9, C:\Users\mj\AppData\Roaming\Kodi\addons\plugin.video.moviehub\main.py)
2026-08-24 11:13:21.358 T:12940   debug <general>: Thread waiting 12940 terminating
2026-08-24 11:13:21.389 T:10408   debug <general>: ------ Window Deinit (DialogBusy.xml) ------
2026-08-24 11:13:21.403 T:14348   debug <general>: Python interpreter stopped
2026-08-24 11:13:21.403 T:14348   debug <general>: Thread LanguageInvoker 14348 terminating
2026-08-24 11:13:21.426 T:12480   debug <general>: Thread BackgroundLoader start, auto delete: false
2026-08-24 11:13:21.431 T:12480   debug <general>: Thread BackgroundLoader 12480 terminating
2026-08-24 11:13:22.790 T:12624    info <general>: [plugin.video.youtube] service_runner:138(run) - Clear property 'plugin_sleeping'
2026-08-24 11:13:22.817 T:12624    info <general>: [plugin.video.youtube] service_runner:244(run) - Set property 'plugin_sleeping': 'true'
2026-08-24 11:13:23.122 T:10408   debug <general>: Keyboard: scancode: 0x150, sym: 0x112 (down), unicode: 0x00, modifier: 0x0
2026-08-24 11:13:23.122 T:10408   debug <general>: CInputManager::HandleKey: down (0xf081) pressed, window 10025, action is Down
2026-08-24 11:13:23.366 T:10408   debug <general>: Keyboard: scancode: 0xc150, sym: 0x112 (down), unicode: 0x00, modifier: 0x0
2026-08-24 11:13:24.182 T:10408   debug <general>: Keyboard: scancode: 0x1c, sym: 0x0d (enter), unicode: 0x0d, modifier: 0x0
2026-08-24 11:13:24.268 T:10408   debug <general>: Keyboard: scancode: 0xc01c, sym: 0x0d (enter), unicode: 0x00, modifier: 0x0
2026-08-24 11:13:24.268 T:10408   debug <general>: CInputManager::HandleKey: return (0xf00d) pressed, window 10025, action is Select
2026-08-24 11:13:24.269 T:10408   debug <general>: CGUIMediaWindow::GetDirectory (plugin://plugin.video.moviehub/?mode=featured&site=movies)
2026-08-24 11:13:24.269 T:10408   debug <general>:   ParentPath = [plugin://plugin.video.moviehub/]
2026-08-24 11:13:24.270 T:14560   debug <general>: Thread waiting start, auto delete: false
2026-08-24 11:13:24.307 T:9440    debug <general>: CAddonDatabase::SetLastUsed[plugin.video.moviehub] took 37 ms
2026-08-24 11:13:24.307 T:14560   debug <general>: CScriptRunner: running add-on script MovieHub - Free Movies('plugin://plugin.video.moviehub/', '9', '?mode=featured&site=movies')
2026-08-24 11:13:24.308 T:2076    debug <general>: Thread LanguageInvoker start, auto delete: false
2026-08-24 11:13:24.308 T:2076    debug <general>: initializing python engine.
2026-08-24 11:13:24.308 T:2076    debug <general>: CPythonInvoker(10, C:\Users\mj\AppData\Roaming\Kodi\addons\plugin.video.moviehub\main.py): start processing
2026-08-24 11:13:24.334 T:2076    debug <general>: -->Python Interpreter Initialized<--
2026-08-24 11:13:24.334 T:2076    debug <general>: 
                                                   
2026-08-24 11:13:24.334 T:2076    debug <general>: CPythonInvoker(10, C:\Users\mj\AppData\Roaming\Kodi\addons\plugin.video.moviehub\main.py): the source file to load is "C:\Users\mj\AppData\Roaming\Kodi\addons\plugin.video.moviehub\main.py"
2026-08-24 11:13:24.334 T:2076    debug <general>: CPythonInvoker(10): full python path:
2026-08-24 11:13:24.334 T:2076    debug <general>: CPythonInvoker(10):   custom python path:
2026-08-24 11:13:24.334 T:2076    debug <general>: CPythonInvoker(10):     C:\Users\mj\AppData\Roaming\Kodi\addons\plugin.video.moviehub
2026-08-24 11:13:24.334 T:2076    debug <general>: CPythonInvoker(10):   default python path:
2026-08-24 11:13:24.334 T:2076    debug <general>: CPythonInvoker(10):     C:\Program Files\Kodi\system\python\DLLs
2026-08-24 11:13:24.334 T:2076    debug <general>: CPythonInvoker(10):     C:\Program Files\Kodi\system\python\Lib
2026-08-24 11:13:24.334 T:2076    debug <general>: CPythonInvoker(10):     C:\Program Files\Kodi\system\python\Lib\site-packages
2026-08-24 11:13:24.334 T:2076    debug <general>: CPythonInvoker(10): adding args:
2026-08-24 11:13:24.334 T:2076    debug <general>: CPythonInvoker(10):  plugin://plugin.video.moviehub/
2026-08-24 11:13:24.334 T:2076    debug <general>: CPythonInvoker(10):  9
2026-08-24 11:13:24.334 T:2076    debug <general>: CPythonInvoker(10):  ?mode=featured&site=movies
2026-08-24 11:13:24.334 T:2076    debug <general>: CPythonInvoker(10):  resume:false
2026-08-24 11:13:24.335 T:2076    debug <general>: CPythonInvoker(10, C:\Users\mj\AppData\Roaming\Kodi\addons\plugin.video.moviehub\main.py): entering source directory C:\Users\mj\AppData\Roaming\Kodi\addons\plugin.video.moviehub
2026-08-24 11:13:24.335 T:2076    debug <general>: CPythonInvoker(10, C:\Users\mj\AppData\Roaming\Kodi\addons\plugin.video.moviehub\main.py): instantiating addon using automatically obtained id of "plugin.video.moviehub" dependent on version 3.0.0 of the xbmc.python api
2026-08-24 11:13:24.371 T:10408   debug <general>: ------ Window Init (DialogBusy.xml) ------
2026-08-24 11:13:24.524 T:2076    debug <CAddonSettings[0@plugin.video.moviehub]>: trying to load setting definitions from old format...
2026-08-24 11:13:24.874 T:2076  warning <general>: Setting most video properties through ListItem.setInfo() is deprecated and might be removed in future Kodi versions. Please use the respective setter in InfoTagVideo.
2026-08-24 11:13:24.912 T:2076     info <general>: Skipped 39 duplicate messages..
2026-08-24 11:13:24.912 T:2076    debug <general>: CPythonInvoker(10, C:\Users\mj\AppData\Roaming\Kodi\addons\plugin.video.moviehub\main.py): script successfully run
2026-08-24 11:13:24.912 T:2076    debug <general>: CPythonInvoker::onExecutionDone(10, C:\Users\mj\AppData\Roaming\Kodi\addons\plugin.video.moviehub\main.py)
2026-08-24 11:13:24.912 T:14560   debug <general>: Thread waiting 14560 terminating
2026-08-24 11:13:24.938 T:10408   debug <general>: ------ Window Deinit (DialogBusy.xml) ------
2026-08-24 11:13:24.957 T:2076    debug <general>: Python interpreter stopped
2026-08-24 11:13:24.957 T:2076    debug <general>: Thread LanguageInvoker 2076 terminating
2026-08-24 11:13:24.975 T:5480    debug <general>: Thread BackgroundLoader start, auto delete: false
2026-08-24 11:13:24.983 T:5480    debug <general>: Thread BackgroundLoader 5480 terminating
2026-08-24 11:13:25.305 T:10408   debug <general>: Keyboard: scancode: 0x150, sym: 0x112 (down), unicode: 0x00, modifier: 0x0
2026-08-24 11:13:25.306 T:10408   debug <general>: CInputManager::HandleKey: down (0xf081) pressed, window 10025, action is Down
2026-08-24 11:13:25.321 T:9440    debug <general>: XCURL::DllLibCurlGlobal::easy_acquire - Created session to https://image.tmdb.org
2026-08-24 11:13:25.388 T:10408   debug <general>: Keyboard: scancode: 0xc150, sym: 0x112 (down), unicode: 0x00, modifier: 0x0
2026-08-24 11:13:25.505 T:10408   debug <general>: Keyboard: scancode: 0x150, sym: 0x112 (down), unicode: 0x00, modifier: 0x0
2026-08-24 11:13:25.505 T:10408   debug <general>: CInputManager::HandleKey: down (0xf081) pressed, window 10025, action is Down
2026-08-24 11:13:25.507 T:14468   debug <general>: XCURL::DllLibCurlGlobal::easy_acquire - Created session to https://image.tmdb.org
2026-08-24 11:13:25.559 T:9440    debug <general>: CCurlFile::XFILE::CCurlFile::GetMimeType - <https://image.tmdb.org/t/p/w342/66n5bB6iYTWsWMz0mh3Qv7qmzIJ.jpg> -> image/jpeg
2026-08-24 11:13:25.559 T:9440    debug <general>: CurlFile::XFILE::CCurlFile::Open - <https://image.tmdb.org/t/p/w342/66n5bB6iYTWsWMz0mh3Qv7qmzIJ.jpg>
2026-08-24 11:13:25.588 T:10408   debug <general>: Keyboard: scancode: 0xc150, sym: 0x112 (down), unicode: 0x00, modifier: 0x0
2026-08-24 11:13:25.638 T:10408   debug <general>: Keyboard: scancode: 0x150, sym: 0x112 (down), unicode: 0x00, modifier: 0x0
2026-08-24 11:13:25.638 T:10408   debug <general>: CInputManager::HandleKey: down (0xf081) pressed, window 10025, action is Down
2026-08-24 11:13:25.640 T:10552   debug <general>: XCURL::DllLibCurlGlobal::easy_acquire - Created session to https://image.tmdb.org
2026-08-24 11:13:25.721 T:10408   debug <general>: Keyboard: scancode: 0xc150, sym: 0x112 (down), unicode: 0x00, modifier: 0x0
2026-08-24 11:13:25.736 T:14468   debug <general>: CCurlFile::XFILE::CCurlFile::GetMimeType - <https://image.tmdb.org/t/p/w342/AjaNAeMXOrK9n0YqGqX0Lz5qxYu.jpg> -> image/jpeg
2026-08-24 11:13:25.737 T:14468   debug <general>: CurlFile::XFILE::CCurlFile::Open - <https://image.tmdb.org/t/p/w342/AjaNAeMXOrK9n0YqGqX0Lz5qxYu.jpg>
2026-08-24 11:13:25.821 T:10408   debug <general>: Keyboard: scancode: 0x150, sym: 0x112 (down), unicode: 0x00, modifier: 0x0
2026-08-24 11:13:25.822 T:10408   debug <general>: CInputManager::HandleKey: down (0xf081) pressed, window 10025, action is Down
2026-08-24 11:13:25.823 T:9944    debug <general>: Thread JobWorker start, auto delete: true
2026-08-24 11:13:25.824 T:9944    debug <general>: XCURL::DllLibCurlGlobal::easy_acquire - Created session to https://image.tmdb.org
2026-08-24 11:13:25.875 T:10552   debug <general>: CCurlFile::XFILE::CCurlFile::GetMimeType - <https://image.tmdb.org/t/p/w342/1JlfUuvvX5xLP2LIDah4JhWUtTx.jpg> -> image/jpeg
2026-08-24 11:13:25.875 T:10552   debug <general>: CurlFile::XFILE::CCurlFile::Open - <https://image.tmdb.org/t/p/w342/1JlfUuvvX5xLP2LIDah4JhWUtTx.jpg>
2026-08-24 11:13:25.885 T:9440    debug <general>: Caching image 'https://image.tmdb.org/t/p/w342/66n5bB6iYTWsWMz0mh3Qv7qmzIJ.jpg' to 'a/a2788c92.jpg':
2026-08-24 11:13:25.885 T:9440    debug <general>: cached image 'special://masterprofile/Thumbnails/a/a2788c92.jpg' size 342x513
2026-08-24 11:13:25.921 T:10408   debug <general>: Keyboard: scancode: 0xc150, sym: 0x112 (down), unicode: 0x00, modifier: 0x0
2026-08-24 11:13:26.043 T:9944    debug <general>: CCurlFile::XFILE::CCurlFile::GetMimeType - <https://image.tmdb.org/t/p/w342/nkrJSbcehWq4gNOP7eSsM1weRNc.jpg> -> image/jpeg
2026-08-24 11:13:26.044 T:9944    debug <general>: CurlFile::XFILE::CCurlFile::Open - <https://image.tmdb.org/t/p/w342/nkrJSbcehWq4gNOP7eSsM1weRNc.jpg>
2026-08-24 11:13:26.086 T:14468   debug <general>: Caching image 'https://image.tmdb.org/t/p/w342/AjaNAeMXOrK9n0YqGqX0Lz5qxYu.jpg' to '6/61065956.jpg':
2026-08-24 11:13:26.086 T:14468   debug <general>: cached image 'special://masterprofile/Thumbnails/6/61065956.jpg' size 342x514
2026-08-24 11:13:26.186 T:9944    debug <general>: Caching image 'https://image.tmdb.org/t/p/w342/nkrJSbcehWq4gNOP7eSsM1weRNc.jpg' to '4/49339fa3.jpg':
2026-08-24 11:13:26.186 T:9944    debug <general>: cached image 'special://masterprofile/Thumbnails/4/49339fa3.jpg' size 342x513
2026-08-24 11:13:26.285 T:10552   debug <general>: Caching image 'https://image.tmdb.org/t/p/w342/1JlfUuvvX5xLP2LIDah4JhWUtTx.jpg' to '5/596a55b0.jpg':
2026-08-24 11:13:26.285 T:10552   debug <general>: cached image 'special://masterprofile/Thumbnails/5/596a55b0.jpg' size 342x513
2026-08-24 11:13:26.355 T:10408   debug <general>: Keyboard: scancode: 0x148, sym: 0x111 (up), unicode: 0x00, modifier: 0x0
2026-08-24 11:13:26.355 T:10408   debug <general>: CInputManager::HandleKey: up (0xf080) pressed, window 10025, action is Up
2026-08-24 11:13:26.422 T:10408   debug <general>: Keyboard: scancode: 0xc148, sym: 0x111 (up), unicode: 0x00, modifier: 0x0
2026-08-24 11:13:26.720 T:10408   debug <general>: Keyboard: scancode: 0x148, sym: 0x111 (up), unicode: 0x00, modifier: 0x0
2026-08-24 11:13:26.720 T:10408   debug <general>: CInputManager::HandleKey: up (0xf080) pressed, window 10025, action is Up
2026-08-24 11:13:26.721 T:10408   debug <general>: Keyboard: scancode: 0xc148, sym: 0x111 (up), unicode: 0x00, modifier: 0x0
2026-08-24 11:13:26.721 T:10408   debug <general>: Keyboard: scancode: 0x148, sym: 0x111 (up), unicode: 0x00, modifier: 0x0
2026-08-24 11:13:26.721 T:10408   debug <general>: CInputManager::HandleKey: up (0xf080) pressed, window 10025, action is Up
2026-08-24 11:13:26.721 T:10408   debug <general>: Keyboard: scancode: 0xc148, sym: 0x111 (up), unicode: 0x00, modifier: 0x0
2026-08-24 11:13:26.855 T:10408   debug <general>: Keyboard: scancode: 0x148, sym: 0x111 (up), unicode: 0x00, modifier: 0x0
2026-08-24 11:13:26.855 T:10408   debug <general>: CInputManager::HandleKey: up (0xf080) pressed, window 10025, action is Up
2026-08-24 11:13:26.955 T:10408   debug <general>: Keyboard: scancode: 0xc148, sym: 0x111 (up), unicode: 0x00, modifier: 0x0
2026-08-24 11:13:27.021 T:10408   debug <general>: Keyboard: scancode: 0x148, sym: 0x111 (up), unicode: 0x00, modifier: 0x0
2026-08-24 11:13:27.022 T:10408   debug <general>: CInputManager::HandleKey: up (0xf080) pressed, window 10025, action is Up
2026-08-24 11:13:27.089 T:10408   debug <general>: Keyboard: scancode: 0xc148, sym: 0x111 (up), unicode: 0x00, modifier: 0x0
2026-08-24 11:13:27.488 T:10408   debug <general>: Keyboard: scancode: 0x150, sym: 0x112 (down), unicode: 0x00, modifier: 0x0
2026-08-24 11:13:27.488 T:10408   debug <general>: CInputManager::HandleKey: down (0xf081) pressed, window 10025, action is Down
2026-08-24 11:13:27.688 T:10408   debug <general>: Keyboard: scancode: 0xc150, sym: 0x112 (down), unicode: 0x00, modifier: 0x0
2026-08-24 11:13:27.971 T:10408   debug <general>: Keyboard: scancode: 0x1c, sym: 0x0d (enter), unicode: 0x0d, modifier: 0x0
2026-08-24 11:13:28.072 T:10408   debug <general>: Keyboard: scancode: 0xc01c, sym: 0x0d (enter), unicode: 0x00, modifier: 0x0
2026-08-24 11:13:28.072 T:10408   debug <general>: CInputManager::HandleKey: return (0xf00d) pressed, window 10025, action is Select
2026-08-24 11:13:28.072 T:10408   debug <general>: CGUIMediaWindow::GetDirectory (plugin://plugin.video.moviehub/)
2026-08-24 11:13:28.072 T:10408   debug <general>:   ParentPath = [plugin://]
2026-08-24 11:13:28.073 T:10596   debug <general>: Thread waiting start, auto delete: false
2026-08-24 11:13:28.133 T:10552   debug <general>: CAddonDatabase::SetLastUsed[plugin.video.moviehub] took 60 ms
2026-08-24 11:13:28.133 T:10596   debug <general>: CScriptRunner: running add-on script MovieHub - Free Movies('plugin://plugin.video.moviehub/', '10', '')
2026-08-24 11:13:28.134 T:9844    debug <general>: Thread LanguageInvoker start, auto delete: false
2026-08-24 11:13:28.134 T:9844    debug <general>: initializing python engine.
2026-08-24 11:13:28.134 T:9844    debug <general>: CPythonInvoker(11, C:\Users\mj\AppData\Roaming\Kodi\addons\plugin.video.moviehub\main.py): start processing
2026-08-24 11:13:28.159 T:9844    debug <general>: -->Python Interpreter Initialized<--
2026-08-24 11:13:28.159 T:9844    debug <general>: 
                                                   
2026-08-24 11:13:28.159 T:9844    debug <general>: CPythonInvoker(11, C:\Users\mj\AppData\Roaming\Kodi\addons\plugin.video.moviehub\main.py): the source file to load is "C:\Users\mj\AppData\Roaming\Kodi\addons\plugin.video.moviehub\main.py"
2026-08-24 11:13:28.159 T:9844    debug <general>: CPythonInvoker(11): full python path:
2026-08-24 11:13:28.159 T:9844    debug <general>: CPythonInvoker(11):   custom python path:
2026-08-24 11:13:28.159 T:9844    debug <general>: CPythonInvoker(11):     C:\Users\mj\AppData\Roaming\Kodi\addons\plugin.video.moviehub
2026-08-24 11:13:28.159 T:9844    debug <general>: CPythonInvoker(11):   default python path:
2026-08-24 11:13:28.159 T:9844    debug <general>: CPythonInvoker(11):     C:\Program Files\Kodi\system\python\DLLs
2026-08-24 11:13:28.159 T:9844    debug <general>: CPythonInvoker(11):     C:\Program Files\Kodi\system\python\Lib
2026-08-24 11:13:28.159 T:9844    debug <general>: CPythonInvoker(11):     C:\Program Files\Kodi\system\python\Lib\site-packages
2026-08-24 11:13:28.159 T:9844    debug <general>: CPythonInvoker(11): adding args:
2026-08-24 11:13:28.159 T:9844    debug <general>: CPythonInvoker(11):  plugin://plugin.video.moviehub/
2026-08-24 11:13:28.160 T:9844    debug <general>: CPythonInvoker(11):  10
2026-08-24 11:13:28.160 T:9844    debug <general>: CPythonInvoker(11):  
2026-08-24 11:13:28.160 T:9844    debug <general>: CPythonInvoker(11):  resume:false
2026-08-24 11:13:28.160 T:9844    debug <general>: CPythonInvoker(11, C:\Users\mj\AppData\Roaming\Kodi\addons\plugin.video.moviehub\main.py): entering source directory C:\Users\mj\AppData\Roaming\Kodi\addons\plugin.video.moviehub
2026-08-24 11:13:28.160 T:9844    debug <general>: CPythonInvoker(11, C:\Users\mj\AppData\Roaming\Kodi\addons\plugin.video.moviehub\main.py): instantiating addon using automatically obtained id of "plugin.video.moviehub" dependent on version 3.0.0 of the xbmc.python api
2026-08-24 11:13:28.175 T:10408   debug <general>: ------ Window Init (DialogBusy.xml) ------
2026-08-24 11:13:28.347 T:9844    debug <CAddonSettings[0@plugin.video.moviehub]>: trying to load setting definitions from old format...
2026-08-24 11:13:28.391 T:9844     info <CSettingsManager>: Skipped 1 duplicate messages..
2026-08-24 11:13:28.391 T:9844    debug <CSettingsManager>: requested setting (enable_movies) was not found.
2026-08-24 11:13:28.407 T:9844  warning <general>: Setting most video properties through ListItem.setInfo() is deprecated and might be removed in future Kodi versions. Please use the respective setter in InfoTagVideo.
2026-08-24 11:13:28.408 T:9844    debug <general>: CPythonInvoker(11, C:\Users\mj\AppData\Roaming\Kodi\addons\plugin.video.moviehub\main.py): script successfully run
2026-08-24 11:13:28.408 T:9844    debug <general>: CPythonInvoker::onExecutionDone(11, C:\Users\mj\AppData\Roaming\Kodi\addons\plugin.video.moviehub\main.py)
2026-08-24 11:13:28.408 T:10596   debug <general>: Thread waiting 10596 terminating
2026-08-24 11:13:28.438 T:10408   debug <general>: ------ Window Deinit (DialogBusy.xml) ------
2026-08-24 11:13:28.452 T:9844    debug <general>: Python interpreter stopped
2026-08-24 11:13:28.452 T:9844    debug <general>: Thread LanguageInvoker 9844 terminating
2026-08-24 11:13:28.475 T:13936   debug <general>: Thread BackgroundLoader start, auto delete: false
2026-08-24 11:13:28.479 T:13936   debug <general>: Thread BackgroundLoader 13936 terminating
2026-08-24 11:13:28.805 T:10408   debug <general>: Keyboard: scancode: 0x148, sym: 0x111 (up), unicode: 0x00, modifier: 0x0
2026-08-24 11:13:28.805 T:10408   debug <general>: CInputManager::HandleKey: up (0xf080) pressed, window 10025, action is Up
2026-08-24 11:13:28.888 T:10408   debug <general>: Keyboard: scancode: 0xc148, sym: 0x111 (up), unicode: 0x00, modifier: 0x0
2026-08-24 11:13:29.014 T:10408   debug <general>: Keyboard: scancode: 0x148, sym: 0x111 (up), unicode: 0x00, modifier: 0x0
2026-08-24 11:13:29.014 T:10408   debug <general>: CInputManager::HandleKey: up (0xf080) pressed, window 10025, action is Up
2026-08-24 11:13:29.071 T:10408   debug <general>: Keyboard: scancode: 0xc148, sym: 0x111 (up), unicode: 0x00, modifier: 0x0
2026-08-24 11:13:29.591 T:10408   debug <general>: Keyboard: scancode: 0x148, sym: 0x111 (up), unicode: 0x00, modifier: 0x0
2026-08-24 11:13:29.592 T:10408   debug <general>: CInputManager::HandleKey: up (0xf080) pressed, window 10025, action is Up
2026-08-24 11:13:29.596 T:10408   debug <general>: Keyboard: scancode: 0xc148, sym: 0x111 (up), unicode: 0x00, modifier: 0x0
2026-08-24 11:13:29.828 T:10408   debug <general>: Keyboard: scancode: 0x1c, sym: 0x0d (enter), unicode: 0x0d, modifier: 0x0
2026-08-24 11:13:29.871 T:10408   debug <general>: Keyboard: scancode: 0xc01c, sym: 0x0d (enter), unicode: 0x00, modifier: 0x0
2026-08-24 11:13:29.871 T:10408   debug <general>: CInputManager::HandleKey: return (0xf00d) pressed, window 10025, action is Select
2026-08-24 11:13:29.872 T:10408   debug <general>: CGUIMediaWindow::GetDirectory (plugin://plugin.video.moviehub/?mode=searchall)
2026-08-24 11:13:29.872 T:10408   debug <general>:   ParentPath = [plugin://plugin.video.moviehub/]
2026-08-24 11:13:29.873 T:9716    debug <general>: Thread waiting start, auto delete: false
2026-08-24 11:13:29.899 T:9944    debug <general>: CAddonDatabase::SetLastUsed[plugin.video.moviehub] took 27 ms
2026-08-24 11:13:29.900 T:9716    debug <general>: CScriptRunner: running add-on script MovieHub - Free Movies('plugin://plugin.video.moviehub/', '11', '?mode=searchall')
2026-08-24 11:13:29.900 T:7408    debug <general>: Thread LanguageInvoker start, auto delete: false
2026-08-24 11:13:29.901 T:7408    debug <general>: initializing python engine.
2026-08-24 11:13:29.901 T:7408    debug <general>: CPythonInvoker(12, C:\Users\mj\AppData\Roaming\Kodi\addons\plugin.video.moviehub\main.py): start processing
2026-08-24 11:13:29.926 T:7408    debug <general>: -->Python Interpreter Initialized<--
2026-08-24 11:13:29.926 T:7408    debug <general>: 
                                                   
2026-08-24 11:13:29.926 T:7408    debug <general>: CPythonInvoker(12, C:\Users\mj\AppData\Roaming\Kodi\addons\plugin.video.moviehub\main.py): the source file to load is "C:\Users\mj\AppData\Roaming\Kodi\addons\plugin.video.moviehub\main.py"
2026-08-24 11:13:29.926 T:7408    debug <general>: CPythonInvoker(12): full python path:
2026-08-24 11:13:29.926 T:7408    debug <general>: CPythonInvoker(12):   custom python path:
2026-08-24 11:13:29.926 T:7408    debug <general>: CPythonInvoker(12):     C:\Users\mj\AppData\Roaming\Kodi\addons\plugin.video.moviehub
2026-08-24 11:13:29.926 T:7408    debug <general>: CPythonInvoker(12):   default python path:
2026-08-24 11:13:29.926 T:7408    debug <general>: CPythonInvoker(12):     C:\Program Files\Kodi\system\python\DLLs
2026-08-24 11:13:29.926 T:7408    debug <general>: CPythonInvoker(12):     C:\Program Files\Kodi\system\python\Lib
2026-08-24 11:13:29.926 T:7408    debug <general>: CPythonInvoker(12):     C:\Program Files\Kodi\system\python\Lib\site-packages
2026-08-24 11:13:29.926 T:7408    debug <general>: CPythonInvoker(12): adding args:
2026-08-24 11:13:29.926 T:7408    debug <general>: CPythonInvoker(12):  plugin://plugin.video.moviehub/
2026-08-24 11:13:29.926 T:7408    debug <general>: CPythonInvoker(12):  11
2026-08-24 11:13:29.926 T:7408    debug <general>: CPythonInvoker(12):  ?mode=searchall
2026-08-24 11:13:29.926 T:7408    debug <general>: CPythonInvoker(12):  resume:false
2026-08-24 11:13:29.927 T:7408    debug <general>: CPythonInvoker(12, C:\Users\mj\AppData\Roaming\Kodi\addons\plugin.video.moviehub\main.py): entering source directory C:\Users\mj\AppData\Roaming\Kodi\addons\plugin.video.moviehub
2026-08-24 11:13:29.927 T:7408    debug <general>: CPythonInvoker(12, C:\Users\mj\AppData\Roaming\Kodi\addons\plugin.video.moviehub\main.py): instantiating addon using automatically obtained id of "plugin.video.moviehub" dependent on version 3.0.0 of the xbmc.python api
2026-08-24 11:13:29.974 T:10408   debug <general>: ------ Window Init (DialogBusy.xml) ------
2026-08-24 11:13:30.141 T:10408    info <general>: Loading skin file: DialogKeyboard.xml, load type: KEEP_IN_MEMORY
2026-08-24 11:13:30.291 T:10408   debug <general>: ------ Window Init (DialogKeyboard.xml) ------
2026-08-24 11:13:31.471 T:10408   debug <general>: Keyboard: scancode: 0x20, sym: 0x64 (d), unicode: 0x64, modifier: 0x0
2026-08-24 11:13:31.471 T:10408   debug <general>: CInputManager::HandleKey: d (0xf044) pressed, trying keyboard action f200
2026-08-24 11:13:31.537 T:10408   debug <general>: Keyboard: scancode: 0xc020, sym: 0x64 (d), unicode: 0x00, modifier: 0x0
2026-08-24 11:13:31.638 T:10408   debug <general>: Keyboard: scancode: 0x23, sym: 0x68 (h), unicode: 0x68, modifier: 0x0
2026-08-24 11:13:31.638 T:10408   debug <general>: CInputManager::HandleKey: h (0xf048) pressed, trying keyboard action f200
2026-08-24 11:13:31.738 T:10408   debug <general>: Keyboard: scancode: 0xc023, sym: 0x68 (h), unicode: 0x00, modifier: 0x0
2026-08-24 11:13:31.771 T:10408   debug <general>: Keyboard: scancode: 0x16, sym: 0x75 (u), unicode: 0x75, modifier: 0x0
2026-08-24 11:13:31.771 T:10408   debug <general>: CInputManager::HandleKey: u (0xf055) pressed, trying keyboard action f200
2026-08-24 11:13:31.871 T:10408   debug <general>: Keyboard: scancode: 0xc016, sym: 0x75 (u), unicode: 0x00, modifier: 0x0
2026-08-24 11:13:32.271 T:10408   debug <general>: Keyboard: scancode: 0x1c, sym: 0x0d (enter), unicode: 0x0d, modifier: 0x0
2026-08-24 11:13:32.371 T:10408   debug <general>: Keyboard: scancode: 0xc01c, sym: 0x0d (enter), unicode: 0x00, modifier: 0x0
2026-08-24 11:13:32.371 T:10408   debug <general>: CInputManager::HandleKey: return (0xf00d) pressed, trying keyboard action 7
2026-08-24 11:13:32.773 T:10408   debug <general>: ------ Window Deinit (DialogKeyboard.xml) ------
2026-08-24 11:13:32.809 T:7408    debug <CAddonSettings[0@plugin.video.moviehub]>: trying to load setting definitions from old format...
2026-08-24 11:13:32.853 T:7408     info <CSettingsManager>: Skipped 1 duplicate messages..
2026-08-24 11:13:32.853 T:7408    debug <CSettingsManager>: requested setting (enable_movies) was not found.
2026-08-24 11:13:32.853 T:7408    debug <general>: DialogProgress::Open called 
2026-08-24 11:13:32.872 T:10408   debug <general>: ------ Window Init (DialogConfirm.xml) ------
2026-08-24 11:13:32.872 T:10408    info <general>: Loading skin file: DialogConfirm.xml, load type: KEEP_IN_MEMORY
2026-08-24 11:13:33.039 T:12624    info <general>: [plugin.video.youtube] service_runner:138(run) - Clear property 'plugin_sleeping'
2026-08-24 11:13:33.056 T:12624    info <general>: [plugin.video.youtube] service_runner:244(run) - Set property 'plugin_sleeping': 'true'
2026-08-24 11:13:35.123 T:7408  warning <general>: Setting most video properties through ListItem.setInfo() is deprecated and might be removed in future Kodi versions. Please use the respective setter in InfoTagVideo.
2026-08-24 11:13:35.123 T:7408    debug <general>: CPythonInvoker(12, C:\Users\mj\AppData\Roaming\Kodi\addons\plugin.video.moviehub\main.py): script successfully run
2026-08-24 11:13:35.123 T:9716    debug <general>: Thread waiting 9716 terminating
2026-08-24 11:13:35.123 T:7408    debug <general>: CPythonInvoker::onExecutionDone(12, C:\Users\mj\AppData\Roaming\Kodi\addons\plugin.video.moviehub\main.py)
2026-08-24 11:13:35.154 T:10408   debug <general>: ------ Window Deinit (DialogBusy.xml) ------
2026-08-24 11:13:35.173 T:7408    debug <general>: Python interpreter stopped
2026-08-24 11:13:35.174 T:7408    debug <general>: Thread LanguageInvoker 7408 terminating
2026-08-24 11:13:35.187 T:10408   debug <general>: Saving fileitems [plugin://plugin.video.moviehub/?mode=searchall]
2026-08-24 11:13:35.188 T:10408   debug <general>:   -- items: 1, sort method: 0, ascending: false
2026-08-24 11:13:35.191 T:15352   debug <general>: Thread BackgroundLoader start, auto delete: false
2026-08-24 11:13:35.196 T:15352   debug <general>: Thread BackgroundLoader 15352 terminating
2026-08-24 11:13:35.357 T:10408   debug <general>: ------ Window Deinit (DialogConfirm.xml) ------
2026-08-24 11:13:35.976 T:10408   debug <general>: Keyboard: scancode: 0x150, sym: 0x112 (down), unicode: 0x00, modifier: 0x0
2026-08-24 11:13:35.976 T:10408   debug <general>: CInputManager::HandleKey: down (0xf081) pressed, window 10025, action is Down
2026-08-24 11:13:36.170 T:10408   debug <general>: Keyboard: scancode: 0xc150, sym: 0x112 (down), unicode: 0x00, modifier: 0x0
2026-08-24 11:13:37.153 T:10408   debug <general>: Keyboard: scancode: 0x148, sym: 0x111 (up), unicode: 0x00, modifier: 0x0
2026-08-24 11:13:37.154 T:10408   debug <general>: CInputManager::HandleKey: up (0xf080) pressed, window 10025, action is Up
2026-08-24 11:13:37.287 T:10408   debug <general>: Keyboard: scancode: 0xc148, sym: 0x111 (up), unicode: 0x00, modifier: 0x0
2026-08-24 11:13:37.420 T:10408   debug <general>: Keyboard: scancode: 0x1c, sym: 0x0d (enter), unicode: 0x0d, modifier: 0x0
2026-08-24 11:13:37.487 T:10408   debug <general>: Keyboard: scancode: 0xc01c, sym: 0x0d (enter), unicode: 0x00, modifier: 0x0
2026-08-24 11:13:37.487 T:10408   debug <general>: CInputManager::HandleKey: return (0xf00d) pressed, window 10025, action is Select
2026-08-24 11:13:37.488 T:10408   debug <general>: CGUIMediaWindow::GetDirectory (plugin://plugin.video.moviehub/)
2026-08-24 11:13:37.488 T:10408   debug <general>:   ParentPath = [plugin://]
2026-08-24 11:13:37.489 T:2456    debug <general>: Thread waiting start, auto delete: false
2026-08-24 11:13:37.590 T:10408   debug <general>: ------ Window Init (DialogBusy.xml) ------
2026-08-24 11:13:37.782 T:9440    debug <general>: CAddonDatabase::SetLastUsed[plugin.video.moviehub] took 293 ms
2026-08-24 11:13:37.782 T:2456    debug <general>: CScriptRunner: running add-on script MovieHub - Free Movies('plugin://plugin.video.moviehub/', '12', '')
2026-08-24 11:13:37.783 T:3656    debug <general>: Thread LanguageInvoker start, auto delete: false
2026-08-24 11:13:37.783 T:3656    debug <general>: initializing python engine.
2026-08-24 11:13:37.783 T:3656    debug <general>: CPythonInvoker(13, C:\Users\mj\AppData\Roaming\Kodi\addons\plugin.video.moviehub\main.py): start processing
2026-08-24 11:13:37.811 T:3656    debug <general>: -->Python Interpreter Initialized<--
2026-08-24 11:13:37.811 T:3656    debug <general>: 
                                                   
2026-08-24 11:13:37.811 T:3656    debug <general>: CPythonInvoker(13, C:\Users\mj\AppData\Roaming\Kodi\addons\plugin.video.moviehub\main.py): the source file to load is "C:\Users\mj\AppData\Roaming\Kodi\addons\plugin.video.moviehub\main.py"
2026-08-24 11:13:37.811 T:3656    debug <general>: CPythonInvoker(13): full python path:
2026-08-24 11:13:37.811 T:3656    debug <general>: CPythonInvoker(13):   custom python path:
2026-08-24 11:13:37.811 T:3656    debug <general>: CPythonInvoker(13):     C:\Users\mj\AppData\Roaming\Kodi\addons\plugin.video.moviehub
2026-08-24 11:13:37.811 T:3656    debug <general>: CPythonInvoker(13):   default python path:
2026-08-24 11:13:37.811 T:3656    debug <general>: CPythonInvoker(13):     C:\Program Files\Kodi\system\python\DLLs
2026-08-24 11:13:37.811 T:3656    debug <general>: CPythonInvoker(13):     C:\Program Files\Kodi\system\python\Lib
2026-08-24 11:13:37.811 T:3656    debug <general>: CPythonInvoker(13):     C:\Program Files\Kodi\system\python\Lib\site-packages
2026-08-24 11:13:37.811 T:3656    debug <general>: CPythonInvoker(13): adding args:
2026-08-24 11:13:37.811 T:3656    debug <general>: CPythonInvoker(13):  plugin://plugin.video.moviehub/
2026-08-24 11:13:37.811 T:3656    debug <general>: CPythonInvoker(13):  12
2026-08-24 11:13:37.811 T:3656    debug <general>: CPythonInvoker(13):  
2026-08-24 11:13:37.811 T:3656    debug <general>: CPythonInvoker(13):  resume:false
2026-08-24 11:13:37.811 T:3656    debug <general>: CPythonInvoker(13, C:\Users\mj\AppData\Roaming\Kodi\addons\plugin.video.moviehub\main.py): entering source directory C:\Users\mj\AppData\Roaming\Kodi\addons\plugin.video.moviehub
2026-08-24 11:13:37.811 T:3656    debug <general>: CPythonInvoker(13, C:\Users\mj\AppData\Roaming\Kodi\addons\plugin.video.moviehub\main.py): instantiating addon using automatically obtained id of "plugin.video.moviehub" dependent on version 3.0.0 of the xbmc.python api
2026-08-24 11:13:38.005 T:3656    debug <CAddonSettings[0@plugin.video.moviehub]>: trying to load setting definitions from old format...
2026-08-24 11:13:38.053 T:3656     info <CSettingsManager>: Skipped 1 duplicate messages..
2026-08-24 11:13:38.053 T:3656    debug <CSettingsManager>: requested setting (enable_movies) was not found.
2026-08-24 11:13:38.072 T:3656  warning <general>: Setting most video properties through ListItem.setInfo() is deprecated and might be removed in future Kodi versions. Please use the respective setter in InfoTagVideo.
2026-08-24 11:13:38.073 T:3656    debug <general>: CPythonInvoker(13, C:\Users\mj\AppData\Roaming\Kodi\addons\plugin.video.moviehub\main.py): script successfully run
2026-08-24 11:13:38.073 T:3656    debug <general>: CPythonInvoker::onExecutionDone(13, C:\Users\mj\AppData\Roaming\Kodi\addons\plugin.video.moviehub\main.py)
2026-08-24 11:13:38.073 T:2456    debug <general>: Thread waiting 2456 terminating
2026-08-24 11:13:38.103 T:10408   debug <general>: ------ Window Deinit (DialogBusy.xml) ------
2026-08-24 11:13:38.122 T:3656    debug <general>: Python interpreter stopped
2026-08-24 11:13:38.122 T:3656    debug <general>: Thread LanguageInvoker 3656 terminating
2026-08-24 11:13:38.140 T:8568    debug <general>: Thread BackgroundLoader start, auto delete: false
2026-08-24 11:13:38.145 T:8568    debug <general>: Thread BackgroundLoader 8568 terminating
2026-08-24 11:13:38.933 T:10408   debug <general>: Keyboard: scancode: 0x148, sym: 0x111 (up), unicode: 0x00, modifier: 0x0
2026-08-24 11:13:38.933 T:10408   debug <general>: CInputManager::HandleKey: up (0xf080) pressed, window 10025, action is Up
2026-08-24 11:13:39.120 T:10408   debug <general>: Keyboard: scancode: 0xc148, sym: 0x111 (up), unicode: 0x00, modifier: 0x0
2026-08-24 11:13:39.449 T:10408   debug <general>: Keyboard: scancode: 0x1c, sym: 0x0d (enter), unicode: 0x0d, modifier: 0x0
2026-08-24 11:13:39.520 T:10408   debug <general>: Keyboard: scancode: 0xc01c, sym: 0x0d (enter), unicode: 0x00, modifier: 0x0
2026-08-24 11:13:39.520 T:10408   debug <general>: CInputManager::HandleKey: return (0xf00d) pressed, window 10025, action is Select
2026-08-24 11:13:39.520 T:10408   debug <general>: CGUIMediaWindow::GetDirectory (plugin://)
2026-08-24 11:13:39.521 T:10408   debug <general>:   ParentPath = []
2026-08-24 11:13:39.521 T:7200    debug <general>: Thread waiting start, auto delete: false
2026-08-24 11:13:39.523 T:7200    debug <general>: CAddonDatabase: SELECT repo.id FROM repo .. took 0 ms
2026-08-24 11:13:39.535 T:7200    debug <general>: CAddonDatabase: query  SELECT addons.*, repo.addonID AS repoID FROM addons JOIN addonlinkrepo ON addons.id=addonlinkrepo.idAddon JOIN repo ON repo.id=addonlinkrepo.idRepo WHERE addonlinkrepo.idRepo IN (1,2) ORDER BY repo.addonID, addons.addonID returned 1059 rows in 12 ms
2026-08-24 11:13:39.613 T:7200    debug <general>: CAddonDatabase::GetAddons took 90 ms
2026-08-24 11:13:39.624 T:10408   debug <general>: ------ Window Init (DialogBusy.xml) ------
2026-08-24 11:13:39.627 T:7200    error <general>: Unable to find plugin 
2026-08-24 11:13:39.627 T:7200    error <general>: XFILE::CDirectory::GetDirectory - Error getting plugin://
2026-08-24 11:13:39.627 T:7200    debug <general>: Thread waiting 7200 terminating
2026-08-24 11:13:39.630 T:10408   debug <general>: ------ Window Deinit (DialogBusy.xml) ------
2026-08-24 11:13:39.654 T:10408   error <general>: CGUIMediaWindow::GetDirectory(plugin://) failed
2026-08-24 11:13:39.654 T:10408   debug <general>: CGUIMediaWindow::GetDirectory ()
2026-08-24 11:13:39.654 T:10408   debug <general>:   ParentPath = []
2026-08-24 11:13:39.658 T:13900   debug <general>: Thread waiting start, auto delete: false
2026-08-24 11:13:39.659 T:13900   debug <general>: Thread waiting 13900 terminating
2026-08-24 11:13:39.661 T:10012   debug <general>: Thread BackgroundLoader start, auto delete: false
2026-08-24 11:13:39.665 T:10012   debug <general>: Thread BackgroundLoader 10012 terminating
2026-08-24 11:13:42.081 T:10408   debug <general>: Keyboard: scancode: 0x2038, sym: 0x134 (leftalt), unicode: 0x00, modifier: 0x100
2026-08-24 11:13:42.082 T:10408   debug <general>: CInputManager::HandleKey: alt-leftalt (0x4f0d4) pressed, window 10025, action is 
2026-08-24 11:13:43.322 T:12624    info <general>: [plugin.video.youtube] service_runner:138(run) - Clear property 'plugin_sleeping'
2026-08-24 11:13:43.345 T:12624    info <general>: [plugin.video.youtube] service_runner:244(run) - Set property 'plugin_sleeping': 'true'
2026-08-24 11:13:44.053 T:10408   debug <general>: Keyboard: scancode: 0xc00f, sym: 0x09 (tab), unicode: 0x00, modifier: 0x0
2026-08-24 11:13:44.470 T:10408   debug <general>: ------ Window Init (Pointer.xml) ------
2026-08-24 11:13:44.636 T:10408   debug <general>: Keyboard: scancode: 0x2038, sym: 0x134 (leftalt), unicode: 0x00, modifier: 0x100
2026-08-24 11:13:44.637 T:10408   debug <general>: CInputManager::HandleKey: alt-leftalt (0x4f0d4) pressed, window 10025, action is 
2026-08-24 11:13:46.036 T:10408   debug <general>: XCURL::DllLibCurlGlobal::CheckIdle - Closing session to https://imagelovelyshare.com (easy=0x17a531fc0e0, multi=0x17a589a5b00)
2026-08-24 11:13:46.512 T:10408   debug <general>: Keyboard: scancode: 0xe, sym: 0x08 (backspace), unicode: 0x08, modifier: 0x0
2026-08-24 11:13:46.569 T:10408   debug <general>: Keyboard: scancode: 0xc00e, sym: 0x08 (backspace), unicode: 0x00, modifier: 0x0
2026-08-24 11:13:46.569 T:10408   debug <general>: CInputManager::HandleKey: backspace (0xf008) pressed, window 10025, action is Back
2026-08-24 11:13:46.569 T:10408   debug <general>: CGUIWindowManager::PreviousWindow: Deactivate
2026-08-24 11:13:46.571 T:10408   debug <general>: ------ Window Deinit (Pointer.xml) ------
2026-08-24 11:13:46.871 T:10408   debug <general>: ------ Window Deinit (MyVideoNav.xml) ------
2026-08-24 11:13:46.871 T:10408   debug <general>: FreeVisualisation() done
2026-08-24 11:13:46.885 T:10408   debug <general>: CGUIWindowManager::PreviousWindow: Activate new
2026-08-24 11:13:46.886 T:10408   debug <general>: ------ Window Init (Home.xml) ------
2026-08-24 11:13:46.886 T:10408   debug <general>: CDirectoryProvider[addons://]: refreshing..
2026-08-24 11:13:46.886 T:10408   debug <general>: CDirectoryProvider[addons://sources/video/]: refreshing..
2026-08-24 11:13:46.886 T:10408   debug <general>: CDirectoryProvider[addons://sources/audio/]: refreshing..
2026-08-24 11:13:46.886 T:10408   debug <general>: CDirectoryProvider[addons://sources/game/]: refreshing..
2026-08-24 11:13:46.886 T:10408   debug <general>: CDirectoryProvider[addons://sources/executable/]: refreshing..
2026-08-24 11:13:46.886 T:10408   debug <general>: CDirectoryProvider[addons://sources/image/]: refreshing..
2026-08-24 11:13:46.887 T:10408   debug <general>: CDirectoryProvider[library://video/]: refreshing..
2026-08-24 11:13:46.887 T:10408   debug <general>: CDirectoryProvider[sources://video/]: refreshing..
2026-08-24 11:13:46.887 T:10408   debug <general>: CDirectoryProvider[special://videoplaylists/]: refreshing..
2026-08-24 11:13:46.887 T:10408   debug <general>: CDirectoryProvider[favourites://]: refreshing..
2026-08-24 11:13:46.887 T:10408   debug <general>: CDirectoryProvider[sources://pictures/]: refreshing..
2026-08-24 11:13:46.887 T:10408   debug <general>: CDirectoryProvider[addons://sources/game/]: refreshing..
2026-08-24 11:13:46.888 T:10552   debug <general>: CAddonDatabase: SELECT repo.id FROM repo .. took 0 ms
2026-08-24 11:13:46.894 T:9944    debug <general>: CMultiPathDirectory::GetDirectory(multipath://special%3a%2f%2fprofile%2fplaylists%2fvideo/special%3a%2f%2fprofile%2fplaylists%2fmixed/)
2026-08-24 11:13:46.894 T:9944    debug <general>: Getting Directory (special://profile/playlists/video)
2026-08-24 11:13:46.894 T:9944    debug <general>: Getting Directory (special://profile/playlists/mixed)
2026-08-24 11:13:46.895 T:9944    debug <general>: CMultiPathDirectory::MergeItems, items = 0
2026-08-24 11:13:46.904 T:10552   debug <general>: CAddonDatabase: query  SELECT addons.*, repo.addonID AS repoID FROM addons JOIN addonlinkrepo ON addons.id=addonlinkrepo.idAddon JOIN repo ON repo.id=addonlinkrepo.idRepo WHERE addonlinkrepo.idRepo IN (1,2) ORDER BY repo.addonID, addons.addonID returned 1059 rows in 16 ms
2026-08-24 11:13:46.988 T:10552   debug <general>: CAddonDatabase::GetAddons took 100 ms
2026-08-24 11:13:46.997 T:10552   debug <general>: CAddonMgr::GetAvailableUpdatesOrOutdatedAddons took 110 ms
2026-08-24 11:13:47.069 T:10408   debug <general>: XCURL::DllLibCurlGlobal::CheckIdle - Closing session to https://imagesharerhost.com (easy=0x17a54f2a040, multi=0x17a589a4200)
2026-08-24 11:13:49.081 T:10408   debug <general>: Keyboard: scancode: 0x148, sym: 0x111 (up), unicode: 0x00, modifier: 0x0
2026-08-24 11:13:49.082 T:10408   debug <general>: CInputManager::HandleKey: up (0xf080) pressed, window 10000, action is Up
2026-08-24 11:13:49.302 T:10408   debug <general>: Keyboard: scancode: 0xc148, sym: 0x111 (up), unicode: 0x00, modifier: 0x0
2026-08-24 11:13:49.685 T:10408   debug <general>: Keyboard: scancode: 0x2038, sym: 0x134 (leftalt), unicode: 0x00, modifier: 0x100
2026-08-24 11:13:49.686 T:10408   debug <general>: CInputManager::HandleKey: alt-leftalt (0x4f0d4) pressed, window 10000, action is 
2026-08-24 11:13:51.283 T:10408   debug <general>: ------ Window Init (Pointer.xml) ------
2026-08-24 11:13:53.664 T:12624    info <general>: [plugin.video.youtube] service_runner:138(run) - Clear property 'plugin_sleeping'
2026-08-24 11:13:53.693 T:12624    info <general>: [plugin.video.youtube] service_runner:244(run) - Set property 'plugin_sleeping': 'true'
2026-08-24 11:13:56.327 T:10408   debug <general>: XCURL::DllLibCurlGlobal::CheckIdle - Closing session to https://image.tmdb.org (easy=0x17a52bee2c0, multi=0x17a589a5010)
2026-08-24 11:13:56.331 T:10408   debug <general>: XCURL::DllLibCurlGlobal::CheckIdle - Closing session to https://image.tmdb.org (easy=0x17a57f7e450, multi=0x17a589a6f50)
2026-08-24 11:13:56.335 T:10408   debug <general>: XCURL::DllLibCurlGlobal::CheckIdle - Closing session to https://image.tmdb.org (easy=0x17a4d259860, multi=0x17a589a57e0)
2026-08-24 11:13:56.338 T:10408   debug <general>: XCURL::DllLibCurlGlobal::CheckIdle - Closing session to https://image.tmdb.org (easy=0x17a557c8050, multi=0x0)
2026-08-24 11:13:56.773 T:10408   debug <general>: ------ Window Deinit (Pointer.xml) ------
2026-08-24 11:14:01.403 T:10408   debug <general>: ------ Window Init (Pointer.xml) ------
2026-08-24 11:14:01.553 T:10408   debug <general>: Keyboard: scancode: 0x2038, sym: 0x134 (leftalt), unicode: 0x00, modifier: 0x100
2026-08-24 11:14:01.554 T:10408   debug <general>: CInputManager::HandleKey: alt-long-leftalt (0x104f0d4) pressed, window 10000, action is 
2026-08-24 11:14:01.556 T:10408   debug <general>: ------ Window Deinit (Pointer.xml) ------
2026-08-24 11:14:04.037 T:10408   debug <general>: ------ Window Init (Pointer.xml) ------
2026-08-24 11:14:04.138 T:12624    info <general>: [plugin.video.youtube] service_runner:138(run) - Clear property 'plugin_sleeping'
2026-08-24 11:14:04.168 T:12624    info <general>: [plugin.video.youtube] service_runner:244(run) - Set property 'plugin_sleeping': 'true'
2026-08-24 11:14:09.101 T:10408   debug <general>: ------ Window Deinit (Pointer.xml) ------
